"row_id","objectid","cnn","nhood","streetname","district","from_st","to_st","project_location","tc_measure","units","install_mo","install_yr","install_datetime","fiscal_yr","program","current_status","current_ti","next_step","next_step_2","shape","data_as_of","data_loaded_at"
"1","24264","8539000","Ingleside Terrace","LUNADO WAY","7","LUNADO CT","CERRITOS AVE \ MERCEDES WY","Lunado Way from Lunado Court to Cerritos Avenue \ Mercedes Way","Speed Hump","0","0","0","1900/01/01","FY 2013-2014",,"Obsolete","<Null>","<Null>","<Null>","LINESTRING (-122.471186243 37.725934637, -122.471132004 37.726787739)","2026/05/23 10:19:56 AM","2026/05/23 10:48:09 AM"
"3","28003","5201000","Bernal Heights","ELLSWORTH ST","9","CRESCENT AVE","ALEMANY BLVD \ I-280 S OFF RAMP \ I-280 S ON RAMP","Ellsworth Street from Crescent Avenue to Alemany Boulevard \ I-280 S Off Ramp \ I-280 S On Ramp","5-Lump Speed Cushion","2","4","2021","2021/04/01","FY 2019-2020","App-Based","Complete","<Null>","<Null>","<Null>","LINESTRING (-122.414934763 37.734793888, -122.414930374 37.734727803, -122.415044467 37.733555675, -122.415125237 37.733405376, -122.415221675 37.733309928, -122.415404561 37.733221348, -122.416026198 37.733103018, -122.416317631 37.733041745, -122.416615116 37.732899611, -122.416866327 37.732856759, -122.417244309 37.732837687, -122.417731025 37.732852949, -122.418562489 37.732905414, -122.418705729 37.732894317, -122.418858383 37.732820258, -122.418952246 37.732678506, -122.418965756 37.732208479)","2026/05/23 10:19:56 AM","2026/05/23 10:48:09 AM"
"4","26889","6188000","Bret Harte","GILMAN AVE","10","GRIFFITH ST","HAWES ST","Gilman Avenue from Griffith Street to Hawes Street","<Null>","<Null>","<Null>","<Null>",,"FY 2022-2023","App-Based","Pending design review and approval","Jul - Dec 2024","Pending construction","Jan - Jul 2025","LINESTRING (-122.388136868 37.718235643, -122.390019685 37.719298466)","2026/05/23 10:19:56 AM","2026/05/23 10:48:09 AM"
"5","21605","10814000","Bayview District","QUESADA AVE","10","KEITH ST","LANE ST","Quesada Avenue from Keith Street to Lane Street","Traffic Island","1","4","2008","2008/04/01","FY 2007-2008","Areawide","Complete","<Null>","<Null>","<Null>","LINESTRING (-122.38772939 37.731231789, -122.3896006 37.732289962)","2026/05/23 10:19:56 AM","2026/05/23 10:48:09 AM"
"6","19439","12829000","Bayview District","UNDERWOOD AVE","10","KEITH ST","LANE ST","Underwood Avenue from Keith Street to Lane Street","Speed Hump","1","0","0","1900/01/01",,"Areawide","Complete","<Null>","<Null>","<Null>","LINESTRING (-122.389981317 37.728728463, -122.39185242 37.729785555)","2026/05/23 10:19:56 AM","2026/05/23 10:48:09 AM"
"7","19564","12687000","Inner Mission","TREAT AVE","9","21ST ST","22ND ST","Treat Avenue from 21St Street to 22nd Street","Speed Bump","0","0","0","1900/01/01",,,"Obsolete","<Null>","<Null>","<Null>","LINESTRING (-122.413446854 37.757363463, -122.41329405 37.755765915)","2026/05/23 10:19:56 AM","2026/05/23 10:48:09 AM"
"8","24162","8618000","Forest  Hill","MAGELLAN AVE","7","SOLA AVE","PACHECO ST","Magellan Avenue from Sola Avenue to Pacheco Street","Speed Hump","1","1","2018","2018/01/01",,"Dewey Area TC","Obsolete","<Null>","<Null>","<Null>","LINESTRING (-122.459972001 37.747752319, -122.460074395 37.747611729, -122.461615603 37.746402598, -122.461710036 37.746361514)","2026/05/23 10:19:56 AM","2026/05/23 10:48:09 AM"
"9","24263","8538000","Ingleside Terrace","LUNADO WAY","7","ESTERO AVE","LUNADO CT","Lunado Way from Estero Avenue to Lunado Court","Speed Hump","1","12","2014","2014/12/01","FY 2013-2014","Site Specific","Complete","<Null>","<Null>","<Null>","LINESTRING (-122.471304038 37.723720071, -122.471186243 37.725934637)","2026/05/23 10:19:56 AM","2026/05/23 10:48:09 AM"
"10","24264","8539000","Ingleside Terrace","LUNADO WAY","7","LUNADO CT","CERRITOS AVE \ MERCEDES WY","Lunado Way from Lunado Court to Cerritos Avenue \ Mercedes Way","Speed Hump","0","0","0","1900/01/01","FY 2013-2014",,"Obsolete","<Null>","<Null>","<Null>","LINESTRING (-122.471186243 37.725934637, -122.471132004 37.726787739)","2026/05/23 10:19:56 AM","2026/05/23 10:48:09 AM"
"12","24289","8476000","Excelsior","LONDON ST","11","ITALY AVE","FRANCE AVE","London Street from Italy Avenue to France Avenue","3-Lump Speed Cushion","2","8","2023","2023/08/01","FY 2020-2021","App-Based","Complete",,,"<Null>","LINESTRING (-122.438127841 37.718960786, -122.438771213 37.718118882)","2026/05/23 10:19:56 AM","2026/05/23 10:48:09 AM"
"13","30277","3122000","Silver Terrace","BRIDGEVIEW DR","10","TAMPA LN","UNNAMED 021","Bridgeview Drive from Tampa Lane  to Unnamed 21","Speed Hump","2","0","0","1900/01/01",,,"Complete","<Null>","<Null>","<Null>","LINESTRING (-122.396169546 37.734930845, -122.396281959 37.735020265, -122.3965527 37.735344691, -122.396742063 37.735401744, -122.396935312 37.735336306, -122.397266922 37.734864189)","2026/05/23 10:19:56 AM","2026/05/23 10:48:09 AM"
"14","29019","4253000","Bernal Heights","COLERIDGE ST","9","POWERS AVE","FAIR AVE","Coleridge Street from Powers Avenue to Fair Avenue","Speed Hump","1","<Null>","2017",,"FY 2015-2016","App-Based","Complete","<Null>","<Null>","<Null>","LINESTRING (-122.418401952 37.745734804, -122.418784785 37.745150766)","2026/05/23 10:19:56 AM","2026/05/23 10:48:09 AM"
"15","29415","3930000","Glen Park","CHENERY ST","8","LIPPARD AVE","CHILTON AVE","Chenery Street from Lippard Avenue to Chilton Avenue","Speed Hump","1","4","2021","2021/04/01","FY 2018-2019","App-Based","Complete","<Null>","<Null>","<Null>","LINESTRING (-122.435550525 37.734796986, -122.435821614 37.734853411, -122.436399821 37.734909712)","2026/05/23 10:19:56 AM","2026/05/23 10:48:09 AM"
"16","29918","3365000","Buena Vista Park","BUENA VISTA AVE EAST","8","BUENA VISTA AVE \ PARK HILL AVE","BUENA VISTA AVE \ UPPER TERR","Buena Vista Avenue East from Buena Vista Avenue \ Park Hill Avenue to Buena Vista Avenue \ Upper Terrace","Edgeline","1","0","2014","2014/01/01",,"TC Implementation","Complete","<Null>","<Null>","<Null>","LINESTRING (-122.4393014 37.768165525, -122.440137464 37.767756872, -122.440604289 37.766954512, -122.441938258 37.765952845, -122.442009458 37.765907094, -122.442166611 37.765887825, -122.44236097 37.765884622, -122.442575244 37.765928284)","2026/05/23 10:19:56 AM","2026/05/23 10:48:09 AM"
"17","28003","5201000","Bernal Heights South","ELLSWORTH ST","9","CRESCENT AVE","ALEMANY BLVD \ I-280 S OFF RAMP \ I-280 S ON RAMP","Ellsworth Street from Crescent Avenue to Alemany Boulevard \ I-280 S Off Ramp \ I-280 S On Ramp","Choker","1","11","2006","2006/11/01","FY 2006-2007","Site Specific","Complete","<Null>","<Null>","<Null>","LINESTRING (-122.414934763 37.734793888, -122.414930374 37.734727803, -122.415044467 37.733555675, -122.415125237 37.733405376, -122.415221675 37.733309928, -122.415404561 37.733221348, -122.416026198 37.733103018, -122.416317631 37.733041745, -122.416615116 37.732899611, -122.416866327 37.732856759, -122.417244309 37.732837687, -122.417731025 37.732852949, -122.418562489 37.732905414, -122.418705729 37.732894317, -122.418858383 37.732820258, -122.418952246 37.732678506, -122.418965756 37.732208479)","2026/05/23 10:19:56 AM","2026/05/23 10:48:09 AM"
"18","28815","4486000","Bernal Heights South","CRESCENT AVE","9","AGNON AVE","MURRAY ST","Crescent Avenue from Agnon Avenue to Murray Street","5-Lump Speed Cushion","1","1","2005","2005/01/01","FY 2004-2005","Areawide","Obsolete","<Null>","<Null>","<Null>","LINESTRING (-122.422120807 37.735152848, -122.420223758 37.735058129)","2026/05/23 10:19:56 AM","2026/05/23 10:48:09 AM"
"19","30188","3123000","Silver Terrace","BRIDGEVIEW DR","10","UNNAMED 021","THORNE WY","Bridgeview Drive from Unnamed 21 to thorne Way","Speed Hump","2","0","0","1900/01/01",,,"Complete","<Null>","<Null>","<Null>","LINESTRING (-122.397266922 37.734864189, -122.397364993 37.734724564, -122.397445857 37.734524541, -122.397683604 37.73351032)","2026/05/23 10:19:56 AM","2026/05/23 10:48:09 AM"
"20","30189","3124000","Silver Terrace","BRIDGEVIEW DR","10","THORNE WAY","TOPEKA AVE","Bridgeview Drive from thorne Way to Topeka Avenue","Speed Hump","2","0","0","1900/01/01",,,"Complete","<Null>","<Null>","<Null>","LINESTRING (-122.397683604 37.73351032, -122.397703547 37.733425243, -122.397689472 37.733278116)","2026/05/23 10:19:56 AM","2026/05/23 10:48:09 AM"
"21","25348","7617000","Jordan Park - Laurel Heights","JORDAN AVE","2","EUCLID AVE","GEARY BLVD","Jordan Avenue from Euclid Avenue to Geary Boulevard","Speed Hump","1","0","0","1900/01/01","Pilot","Areawide Pilot","Complete","<Null>","<Null>","<Null>","LINESTRING (-122.45681322 37.783928912, -122.456629211 37.781439142)","2026/05/23 10:19:56 AM","2026/05/23 10:48:09 AM"
"23","26889","6188000","Bret Harte","GILMAN AVE","10","GRIFFITH ST","HAWES ST","Gilman Avenue from Griffith Street to Hawes Street","5-Lump Speed Cushion","1","3","2021","2021/03/01",,"Miscellaneous","Complete","<Null>","<Null>","<Null>","LINESTRING (-122.388136868 37.718235643, -122.390019685 37.719298466)","2026/05/23 10:19:56 AM","2026/05/23 10:48:09 AM"
"24","24798","8062000","Oceanview","LAKEVIEW AVE","11","CAINE AVE","MAJESTIC AVE","Lakeview Avenue from Caine Avenue to Majestic Avenue","3-Lump Speed Cushion","1","4","2022","2022/04/01","FY 2019-2020","D11 NTIP","Complete","<Null>","<Null>","<Null>","LINESTRING (-122.451155394 37.716583221, -122.451894992 37.716977508)","2026/05/23 10:19:56 AM","2026/05/23 10:48:09 AM"
"25","22279","10221000","Bayview District","PALOU AVE","10","KEITH ST","LANE ST","Palou Avenue from Keith Street to Lane Street","Speed Hump","0","0","0","1900/01/01","FY 2009-2010","TC Implementation","Complete","<Null>","<Null>","<Null>","LINESTRING (-122.387166512 37.731857471, -122.389035068 37.732918895)","2026/05/23 10:19:56 AM","2026/05/23 10:48:09 AM"
"26","22336","10191000","Jordan Park - Laurel Heights","PALM AVE","2","EUCLID AVE","GEARY BLVD","Palm Avenue from Euclid Avenue to Geary Boulevard","Speed Hump","2","6","2023","2023/06/01","FY 2022-2023","App-Based","Complete",,"<Null>","<Null>","LINESTRING (-122.457922818 37.783874311, -122.457733044 37.781314586)","2026/05/23 10:19:56 AM","2026/05/23 10:48:09 AM"
"27","22341","10196000","Merced Heights","PALMETTO AVE","7","ALEMANY BLVD","CHESTER AVE","Palmetto Avenue from Alemany Boulevard to Chester Avenue","3-Lump Speed Cushion","1","4","2022","2022/04/01","FY 2019-2020","App-Based","Complete","<Null>","<Null>","<Null>","LINESTRING (-122.46928846 37.710593439, -122.469583958 37.710666161, -122.470421704 37.710653382)","2026/05/23 10:19:56 AM","2026/05/23 10:48:09 AM"
"28","21603","10812000","Bayview District","QUESADA AVE","10","INGALLS ST","JENNINGS ST","Quesada Avenue from Ingalls Street to Jennings Street","Speed Hump","2","3","2021","2021/03/01","<Null>","Bayview QB","Complete","<Null>","<Null>","<Null>","LINESTRING (-122.383993749 37.729111703, -122.38585274 37.730166764)","2026/05/23 10:19:56 AM","2026/05/23 10:48:09 AM"
"29","21605","10814000","Bayview District","QUESADA AVE","10","LANE ST","KEITH ST","Quesada Avenue from Lane Street to Keith Street","Speed Hump","2","12","2022","2022/12/01","<Null>","Bayview QB","Complete","<Null>","<Null>","<Null>","LINESTRING (-122.38772939 37.731231789, -122.3896006 37.732289962)","2026/05/23 10:19:56 AM","2026/05/23 10:48:09 AM"
"30","20974","11406000","Inner Mission","SAN CARLOS ST","9","20TH ST","21ST ST","San Carlos Street from 20th Street to 21st Street","Speed Bump","0","0","0","1900/01/01",,,"Obsolete","<Null>","<Null>","<Null>","LINESTRING (-122.419841317 37.758584926, -122.419689114 37.756987978)","2026/05/23 10:19:56 AM","2026/05/23 10:48:09 AM"
"31","21250","11166000","Lone Mountain","ROSSI AVE","1, 2","ANZA ST","LONE MOUNTAIN TER","Rossi Avenue from Anza Street to Lone Mountain Terrace","Speed Hump","1","10","2005","2005/10/01","FY 2004-2005","Site Specific","Complete","<Null>","<Null>","<Null>","LINESTRING (-122.456496943 37.779695338, -122.456298677 37.778717899)","2026/05/23 10:19:56 AM","2026/05/23 10:48:09 AM"
"32","21251","11167000","Lone Mountain","ROSSI AVE","1","LONE MOUNTAIN TER","TURK BLVD","Rossi Avenue from Lone Mountain Terrace to Turk Boulevard","Speed Hump","1","10","2005","2005/10/01","FY 2004-2005","Site Specific","Complete","<Null>","<Null>","<Null>","LINESTRING (-122.456298677 37.778717899, -122.456050662 37.777499345)","2026/05/23 10:19:56 AM","2026/05/23 10:48:09 AM"
"34","19188","13020000","Corona Heights","URANUS TER","8","17TH ST \ ROOSEVELT WY","DEMING ST","Uranus Terrace from 17th Street \ Roosevelt Way to Deming Street","Speed Bump","0","0","0","1900/01/01",,,"Complete","<Null>","<Null>","<Null>","LINESTRING (-122.445309435 37.761880443, -122.445356861 37.761742884, -122.44559927 37.761217086, -122.4453475 37.760812853, -122.445309433 37.7604808)","2026/05/23 10:19:56 AM","2026/05/23 10:48:09 AM"
"35","18358","13796000","Lakeshore","ZOO RD","7","ARMORY DR","SKYLINE BLVD","Zoo Rd from Armory Drive to Skyline Boulevard","Speed Table","2","<Null>","2019",,"FY 2016-2017","App-Based","Complete","<Null>","<Null>","<Null>","LINESTRING (-122.499058976 37.73157607, -122.499541959 37.731433161, -122.502621382 37.730211704)","2026/05/23 10:19:56 AM","2026/05/23 10:48:09 AM"
"36","18732","13484000","Parkside","WAWONA ST","4","30TH AVE","33RD AVE","Wawona Street from 30th Avenue to 33rd Avenue","<Null>","<Null>","<Null>","<Null>",,"FY 2022-2023","App-Based","Pending design review and approval","Jul - Dec 2024","Pending construction","Jan - Jul 2025","LINESTRING (-122.487473747 37.73696001, -122.487883946 37.736972903, -122.488261361 37.736979898, -122.488518054 37.73700189, -122.488933343 37.737158042, -122.489172825 37.737387715, -122.489310347 37.737544144, -122.489559639 37.737725144, -122.489794343 37.737821521, -122.489970939 37.737956983)","2026/05/23 10:19:56 AM","2026/05/23 10:48:09 AM"
"37","32966","574000","West Portal","14TH AVE","7","ULLOA ST","VICENTE ST","14th Avenue from Ulloa Street to Vicente Street","Traffic Island","0","0","0","1900/01/01","FY 2009-2010","TC Implementation","Complete","<Null>","<Null>","<Null>","LINESTRING (-122.470104939 37.741425112, -122.469975198 37.739564328)","2026/05/23 10:19:56 AM","2026/05/23 10:48:09 AM"
"38","32243","1199000","Dolores Heights","22ND ST","8","DOLORES ST","CHATTANOOGA ST","22nd Street from Dolores Street to Chattanooga Street","Speed Hump","1","<Null>","2018",,"FY 2016-2017","App-Based","Complete","<Null>","<Null>","<Null>","LINESTRING (-122.42545718 37.755029079, -122.426634008 37.754962268)","2026/05/23 10:19:56 AM","2026/05/23 10:48:09 AM"
"39","32484","978000","Mission Dolores","19TH ST","8","GUERRERO ST","OAKWOOD ST","19th Street from Guerrero Street to Oakwood Street","Speed Hump","2","5","2022","2022/05/01","FY 2019-2020","App-Based","Complete","<Null>","<Null>","<Null>","LINESTRING (-122.423641308 37.759967376, -122.424863197 37.75989352)","2026/05/23 10:19:56 AM","2026/05/23 10:48:09 AM"
"40","31496","1951000","Outer Richmond","43RD AVE","1","ANZA ST","BALBOA ST","43rd Avenue from Anza Street to Balboa Street","Speed Hump","0","0","0","1900/01/01","FY 2011-2012","Site Specific","Obsolete","<Null>","<Null>","<Null>","LINESTRING (-122.503880621 37.777287311, -122.503744647 37.77542147)","2026/05/23 10:19:56 AM","2026/05/23 10:48:09 AM"
"41","32660","816000","Corona Heights","17TH ST","8","ORD ST","CORBIN PL","17th Street from Ord Street to Corbin Place","5-Lump Speed Cushion","1","0","2014","2014/01/01","FY 2013-2014","Site Specific","Obsolete","<Null>","<Null>","<Null>","LINESTRING (-122.440168281 37.762186575, -122.442908034 37.762023463)","2026/05/23 10:19:56 AM","2026/05/23 10:48:09 AM"
"42","31551","1912000","Outer Sunset","41ST AVE","4","JUDAH ST","KIRKHAM ST","41St Avenue from Judah Street to Kirkham Street","<Null>","<Null>","<Null>","<Null>",,"FY 2022-2023","App-Based","Pending design review and approval","Jul - Dec 2024","Pending construction","Jan - Jul 2025","LINESTRING (-122.500567327 37.760661321, -122.500436026 37.758793968)","2026/05/23 10:19:56 AM","2026/05/23 10:48:09 AM"
"43","32704","858000","Potrero Hill","18TH ST","10","ARKANSAS ST","CAROLINA ST","18th Street from Arkansas Street to Carolina Street","Speed Hump","2","3","2021","2021/03/01","FY 2018-2019","App-Based","Complete","<Null>","<Null>","<Null>","LINESTRING (-122.398461204 37.762462868, -122.400389161 37.762346444)","2026/05/23 10:19:56 AM","2026/05/23 10:48:09 AM"
"44","31935","1543000","Seacliff","27TH AVE","1","EL CAMINO DEL MAR","LAKE ST","27th Avenue from El Camino Del Mar to Lake Street","Speed Hump","2","12","2021","2021/12/01","<Null>","Restoration after VL 31B","Complete","<Null>","<Null>","<Null>","LINESTRING (-122.487421759 37.787512147, -122.487286365 37.785648841)","2026/05/23 10:19:56 AM","2026/05/23 10:48:09 AM"
"45","32789","761000","Inner Sunset","17TH AVE","7","LAWTON ST","MORAGA ST","17th Avenue from Lawton Street to Moraga Street","Speed Hump","1","4","2015","2015/04/01","FY 2013-2014","App-Based","Obsolete","<Null>","<Null>","<Null>","LINESTRING (-122.474593733 37.758060928, -122.474463706 37.756202351)","2026/05/23 10:19:56 AM","2026/05/23 10:48:09 AM"
"46","31385","2118000","Mission District","ALABAMA ST","9","24TH ST","25TH ST","Alabama Street from 24th Street to 25th Street","Raised Crosswalk","1","3","2021","2021/03/01","FY 2017-2018","App-Based","Complete","<Null>","<Null>","<Null>","LINESTRING (-122.410962662 37.752684888, -122.410810712 37.751091688)","2026/05/23 10:19:56 AM","2026/05/23 10:48:09 AM"
"47","31386","2119000","Mission District","ALABAMA ST","9","25TH ST","26TH ST","Alabama Street from 25th Street to 26th Street","<Null>","<Null>","<Null>","<Null>",,"FY 2022-2023","App-Based","Pending design review and approval","Jul - Dec 2024","Pending construction","Jan - Jul 2025","LINESTRING (-122.410810712 37.751091688, -122.410657998 37.749490402)","2026/05/23 10:19:56 AM","2026/05/23 10:48:09 AM"
"49","31391","2124000","Bernal Heights North","ALABAMA ST","9","MULLEN AVE","MONTCALM ST","Alabama Street from Mullen Avenue to Montcalm Street","Chicane","1","12","2006","2006/12/01","FY 2006-2007","Site Specific","Complete","<Null>","<Null>","<Null>","LINESTRING (-122.410564652 37.746323275, -122.410498378 37.745571162)","2026/05/23 10:19:56 AM","2026/05/23 10:48:09 AM"
"50","31392","2125000","Bernal Heights","ALABAMA ST","9","MONTCALM ST","NORWICH ST","Alabama Street from Montcalm Street to Ripley Street","<Null>","<Null>","<Null>","<Null>",,"FY 2022-2023","App-Based","Pending design review and approval","Jul - Dec 2024","Pending construction","Jan - Jul 2025","LINESTRING (-122.410498378 37.745571162, -122.410474281 37.745297698)","2026/05/23 10:19:56 AM","2026/05/23 10:48:09 AM"
"51","31393","2126000","Bernal Heights","ALABAMA ST","9","MONTCALM ST","RUTLEDGE ST","Alabama Street from Montcalm Street to Ripley Street","<Null>","<Null>","<Null>","<Null>",,"FY 2022-2023","App-Based","Pending design review and approval","Jul - Dec 2024","Pending construction","Jan - Jul 2025","LINESTRING (-122.410474281 37.745297698, -122.410440648 37.744917961)","2026/05/23 10:19:56 AM","2026/05/23 10:48:09 AM"
"52","31394","2127000","Bernal Heights","ALABAMA ST","9","RUTLEDGE ST","RIPLEY ST","Alabama Street from Montcalm Street to Ripley Street","<Null>","<Null>","<Null>","<Null>",,"FY 2022-2023","App-Based","Pending design review and approval","Jul - Dec 2024","Pending construction","Jan - Jul 2025","LINESTRING (-122.410440648 37.744917961, -122.41038856 37.744324858)","2026/05/23 10:19:56 AM","2026/05/23 10:48:09 AM"
"53","31401","2043000","Outer Sunset","47TH AVE","4","LINCOLN WAY","IRVING ST","47th Avenue from Lincoln Way to Irving Street","3-Lump Speed Cushion","1","4","2021","2021/04/01","<Null>","Great Highway Traffic Management","Complete","<Null>","<Null>","<Null>","LINESTRING (-122.507262466 37.764116211, -122.507130197 37.762237599)","2026/05/23 10:19:56 AM","2026/05/23 10:48:09 AM"
"54","30786","2614000","Anza Vista","BAKER ST","2","PINAR LN","ANZAVISTA AVE","Baker Street from Pinar Lane  to Anzavista Avenue","Speed Hump","1","4","2021","2021/04/01","FY 2018-2019","App-Based","Complete","<Null>","<Null>","<Null>","LINESTRING (-122.441743769 37.779866886, -122.441722337 37.77993597, -122.441738808 37.780129615)","2026/05/23 10:19:56 AM","2026/05/23 10:48:09 AM"
"55","30787","2615000","Anza Vista","BAKER ST","2","TERRA VISTA AVE","PINAR LN","Baker Street from Terracera Vista Avenue to Pinar Lane","Speed Hump","1","4","2021","2021/04/01","FY 2017-2018","App-Based","Complete","<Null>","<Null>","<Null>","LINESTRING (-122.441738808 37.780129615, -122.441751741 37.780281664, -122.441800724 37.780597192, -122.441924687 37.781003277, -122.442127648 37.781528875)","2026/05/23 10:19:56 AM","2026/05/23 10:48:09 AM"
"56","30810","2638000","Marina","BAKER ST","2","FRANCISCO ST","BAY ST","Baker Street from Francisco Street to Bay Street","Speed Hump","1","12","2019","2019/12/01","FY 2016-2017","App-Based","Complete","<Null>","<Null>","<Null>","LINESTRING (-122.446348362 37.800486488, -122.446530292 37.801417787)","2026/05/23 10:19:56 AM","2026/05/23 10:48:09 AM"
"57","30821","2556000","Excelsior","AVALON AVE","11","PARIS ST","LONDON ST","Avalon Avenue from Paris Street to London Street","3-Lump Speed Cushion","1","8","2023","2023/08/01",,"Excelsior Neighborhood Traffic Calming Project","Complete","<Null>","<Null>","<Null>","LINESTRING (-122.431767135 37.727310674, -122.430965186 37.72692568)","2026/05/23 10:19:56 AM","2026/05/23 10:48:09 AM"
"58","30826","2561000","Excelsior","AVALON AVE","11","NAPLES ST","VIENNA ST","Avalon Avenue from Naples Street to Vienna Street","3-Lump Speed Cushion","1","8","2023","2023/08/01","<Null>","Excelsior Neighborhood Traffic Calming Project","Complete","<Null>","<Null>","<Null>","LINESTRING (-122.427684375 37.725519908, -122.426911706 37.725151044)","2026/05/23 10:19:56 AM","2026/05/23 10:48:09 AM"
"59","30827","2562000","Excelsior","AVALON AVE","11","VIENNA ST","ATHENS ST","Avalon Avenue from Vienna Street to Athens Street","3-Lump Speed Cushion","1","8","2023","2023/08/01","<Null>","Excelsior Neighborhood Traffic Calming Project","Complete","<Null>","<Null>","<Null>","LINESTRING (-122.426911706 37.725151044, -122.426092845 37.724760121)","2026/05/23 10:19:56 AM","2026/05/23 10:48:09 AM"
"61","30871","2514000","Haight Ashbury","ASHBURY ST","5","WALLER ST","FREDERICK ST","Ashbury Street from Waller Street to Frederick Street","5-Lump Speed Cushion","2","10","2020","2020/10/01","FY 2017-2018","App-Based","Complete","<Null>","<Null>","<Null>","LINESTRING (-122.446744894 37.769074357, -122.446369259 37.767220256)","2026/05/23 10:19:56 AM","2026/05/23 10:48:09 AM"
"62","30874","2517000","Parnassus - Ashbury Heights","ASHBURY ST","8","CLIFFORD TERR","DOWNEY ST","Ashbury Street from Clifford Terrace to Downey Street","Striping","1","0","2014","2014/01/01",,"Early Implementation","Complete","<Null>","<Null>","<Null>","LINESTRING (-122.446073647 37.764187823, -122.446101111 37.764142416, -122.446504706 37.763708381)","2026/05/23 10:19:56 AM","2026/05/23 10:48:09 AM"
"63","30879","2522000","Merced Heights","ASHTON AVE","11","GRAFTON AVE","HOLLOWAY AVE","Ashton Avenue from Grafton Avenue to Holloway Avenue","Speed Hump","1","4","2015","2015/04/01","FY 2013-2014","App-Based","Complete","<Null>","<Null>","<Null>","LINESTRING (-122.4622544 37.720008573, -122.462264896 37.721694986)","2026/05/23 10:19:56 AM","2026/05/23 10:48:09 AM"
"64","30888","2531000","Excelsior","ATHENS ST","11","MADISON ST","PERU AVE","Athens Street from Madison Street to Peru Avenue","Speed Bump","1","0","0","1900/01/01",,,"Obsolete","<Null>","<Null>","<Null>","LINESTRING (-122.423508669 37.728206723, -122.424925527 37.726322923)","2026/05/23 10:19:56 AM","2026/05/23 10:48:09 AM"
"65","30893","2536000","Excelsior","ATHENS ST","11","BRAZIL AVE","PERSIA AVE","Athens Street from Brazil Avenue to Persia Avenue","Speed Hump","2","6","2020","2020/06/01","FY 2018-2019","D11 NTIP","Complete","<Null>","<Null>","<Null>","LINESTRING (-122.428432132 37.721634673, -122.429599154 37.720090315)","2026/05/23 10:19:56 AM","2026/05/23 10:48:09 AM"
"66","30896","2539000","Excelsior","ATHENS ST","11","FRANCE AVE","ITALY AVE","Athens Street from France Avenue to Italy Avenue","Speed Hump","1","6","2007","2007/06/01","FY 2005-2006","Areawide","Complete","<Null>","<Null>","<Null>","LINESTRING (-122.431952706 37.716976303, -122.43312968 37.715423479)","2026/05/23 10:19:56 AM","2026/05/23 10:48:09 AM"
"67","30900","2543000","Crocker Amazon","ATHENS ST","11","CORDOVA ST","ROLPH ST","Athens Street from Cordova Street to Rolph Street","3-Lump Speed Cushion","1","3","2022","2022/03/01","FY 2019-2020","D11 NTIP","Complete","<Null>","<Null>","<Null>","LINESTRING (-122.43499916 37.712813132, -122.435067243 37.712711823, -122.435219642 37.712550078, -122.435492037 37.712375744, -122.435843321 37.712261057)","2026/05/23 10:19:56 AM","2026/05/23 10:48:09 AM"
"68","30921","2484101","Bernal Heights North","CESAR CHAVEZ ST","9","ALABAMA ST","HARRISON ST","Cesar Chavez Street from Alabama Street to Harrison Street","Speed Radar Sign","1","0","0","1900/01/01","FY 2004-2005","Arterial","Complete","<Null>","<Null>","<Null>","LINESTRING (-122.410546068 37.748316719, -122.410646524 37.748265057, -122.411341641 37.748249404, -122.411484129 37.748298287)","2026/05/23 10:19:56 AM","2026/05/23 10:48:09 AM"
"69","30938","2492000","Noe Valley","CESAR CHAVEZ ST","8","DOLORES ST","CHURCH ST","Cesar Chavez Street from Dolores Street to Church Street","3-Lump Speed Cushion","2","4","2018","2018/04/01","FY 2015-2016","App-Based","Complete","<Null>","<Null>","<Null>","LINESTRING (-122.424768281 37.747830304, -122.427045475 37.747695853)","2026/05/23 10:19:56 AM","2026/05/23 10:48:09 AM"
"70","30956","2440000","Potrero Hill","ARKANSAS ST","10","20TH ST","22ND ST","Arkansas Street from 20th Street to 22nd Street","5-Lump Speed Cushion","3","7","2016","2016/07/01","FY 2014-2015","App-Based","Complete","<Null>","<Null>","<Null>","LINESTRING (-122.398215564 37.759908951, -122.397970344 37.757359223)","2026/05/23 10:19:56 AM","2026/05/23 10:48:09 AM"
"71","30999","2396000","Merced Heights","ARCH ST","11","BROTHERHOOD WAY","RANDOLPH ST","Arch Street from Brotherhood Way to Randolph Street","Speed Hump","2","3","2021","2021/03/01","FY 2016-2017","App-Based","Complete","<Null>","<Null>","<Null>","LINESTRING (-122.467072691 37.712421871, -122.46709432 37.714273188)","2026/05/23 10:19:56 AM","2026/05/23 10:48:09 AM"
"73","31060","2368000","Anza Vista","ANZAVISTA AVE","2","BARCELONA AVE","VEGA ST","Anzavista Avenue from Barcelona Avenue to Vega Street","Speed Hump","2","3","2021","2021/03/01","FY 2017-2018","App-Based","Complete","<Null>","<Null>","<Null>","LINESTRING (-122.444466599 37.77945872, -122.445311843 37.77935156, -122.445362781 37.779482029, -122.445409747 37.779719997, -122.445440229 37.780125041)","2026/05/23 10:19:56 AM","2026/05/23 10:48:09 AM"
"74","31061","2369000","Anza Vista","ANZAVISTA AVE","2","TERRA VISTA AVE","VEGA ST","Anzavista Avenue from Terracera Vista Avenue to Vega Street","Speed Hump","1","<Null>","2021",,"FY 2017-2018","App-Based","Complete","<Null>","<Null>","<Null>","LINESTRING (-122.445440229 37.780125041, -122.445457464 37.780406955, -122.445477029 37.780733547, -122.445508713 37.78088136)","2026/05/23 10:19:56 AM","2026/05/23 10:48:09 AM"
"75","31091","2306000","Lone Mountain","ANZA ST","2","WOOD ST","COLLINS ST","Anza Street from Wood Street to Collins Street","<Null>","<Null>","<Null>","<Null>",,"FY 2020-2021","App-Based","Pending construction","TBD","Completion","TBD","LINESTRING (-122.448791248 37.780881663, -122.449302527 37.780817065)","2026/05/23 10:19:56 AM","2026/05/23 10:48:09 AM"
"76","31092","2307000","Lone Mountain","ANZA ST","1, 2","COLLINS ST","WOOD ST","Anza Street from Collins Street to Wood Street","3-Lump Speed Cushion","1","5","2022","2022/05/01","FY 2021-2022","Anza St Bike Traffic Calming","Complete","<Null>","<Null>","<Null>","LINESTRING (-122.449302527 37.780817065, -122.449817447 37.780752006)","2026/05/23 10:19:56 AM","2026/05/23 10:48:09 AM"
"77","31093","2308000","Lone Mountain","ANZA ST","2","BLAKE ST","COLLINS ST","Anza Street from Blake Street to Collins Street","3-Lump Speed Cushion","1","5","2022","2022/05/01","FY 2021-2022","Anza St Bike Traffic Calming","Complete","<Null>","<Null>","<Null>","LINESTRING (-122.449817447 37.780752006, -122.450843848 37.780622315)","2026/05/23 10:19:56 AM","2026/05/23 10:48:09 AM"
"78","31094","2309000","Lone Mountain","ANZA ST","2","BLAKE ST","COOK ST","Anza Street from Blake Street to Cook Street","3-Lump Speed Cushion","1","11","2023","2023/11/01","FY 2020-2021","App-Based","Complete",,,"<Null>","LINESTRING (-122.450843848 37.780622315, -122.451869239 37.78049274)","2026/05/23 10:19:56 AM","2026/05/23 10:48:09 AM"
"79","31095","2310000","Lone Mountain","ANZA ST","1","COOK ST","SPRUCE ST","Anza Street from Cook Street to Spruce Street","3-Lump Speed Cushion","1","11","2023","2023/11/01","FY 2020-2021","App-Based","Complete",,,"<Null>","LINESTRING (-122.451869239 37.78049274, -122.452895517 37.780363045)","2026/05/23 10:19:56 AM","2026/05/23 10:48:09 AM"
"80","31096","2311000","Lone Mountain","ANZA ST","2","SPRUCE ST","PARKER AVE","Anza Street from Spruce Street to Parker Avenue","3-Lump Speed Cushion","1","11","2023","2023/11/01","FY 2020-2021","App-Based","Complete",,,"<Null>","LINESTRING (-122.452895517 37.780363045, -122.45387663 37.780239049)","2026/05/23 10:19:56 AM","2026/05/23 10:48:09 AM"
"82","31110","2325000","Inner Richmond","ANZA ST","1","08TH AVE","09TH AVE","Anza Street from 8th Avenue to 9th Avenue","Speed Hump","1","1","2020","2020/01/01",,"8th Ave Neighborway","Complete","<Null>","<Null>","<Null>","LINESTRING (-122.4662881 37.778993933, -122.46735401 37.778945797)","2026/05/23 10:19:56 AM","2026/05/23 10:48:09 AM"
"84","31155","2279000","Bernal Heights South","ANDOVER ST","9","ELLERT ST","NEWMAN ST","Andover Street from Ellert Street to Newman Street","Speed Hump","1","12","2015","2015/12/01","FY 2004-2005","Areawide","Complete","<Null>","<Null>","<Null>","LINESTRING (-122.416518762 37.738289926, -122.416574952 37.737668423)","2026/05/23 10:19:56 AM","2026/05/23 10:48:09 AM"
"85","31158","2282000","Bernal Heights South","ANDOVER ST","9","HIGHLAND AVE","PARK ST","Andover Street from Highland Avenue to Park Street","Speed Hump","1","12","2015","2015/12/01","FY 2004-2005","Site Specific","Complete","<Null>","<Null>","<Null>","LINESTRING (-122.416631383 37.737037438, -122.41669582 37.736316942)","2026/05/23 10:19:56 AM","2026/05/23 10:48:09 AM"
"87","31198","2232000","Ingleside Terrace","ALVISO ST","7","HOLLOWAY AVE","ESTERO AVE","Alviso Street from Holloway Avenue to Estero Avenue","Speed Hump","2","3","2021","2021/03/01","FY 2017-2018","App-Based","Complete","<Null>","<Null>","<Null>","LINESTRING (-122.469739692 37.721644376, -122.46957807 37.722164864, -122.469275134 37.722825642)","2026/05/23 10:19:56 AM","2026/05/23 10:48:09 AM"
"88","31199","2233000","Ingleside Terrace","ALVISO ST","7","ESTERO AVE","URBANO DR","Alviso Street from Estero Avenue to Urbano Drive","Speed Hump","2","3","2021","2021/03/01","FY 2018-2019","App-Based","Complete","<Null>","<Null>","<Null>","LINESTRING (-122.469275134 37.722825642, -122.468730232 37.723625541)","2026/05/23 10:19:56 AM","2026/05/23 10:48:09 AM"
"89","31231","2183101","Ingleside Heights","ALEMANY BLVD","7","VICTORIA ST","RAMSELL ST","Alemany Boulevard from Victoria Street to Ramsell Street","Speed Radar Sign","2","7","2016","2016/07/01",,,"Complete","<Null>","<Null>","<Null>","LINESTRING (-122.465270283 37.711762059, -122.465372695 37.711714685, -122.465916917 37.711692493, -122.466164675 37.711654547)","2026/05/23 10:19:56 AM","2026/05/23 10:48:09 AM"
"90","31244","2190000","Marina","ALHAMBRA ST","2","MALLORCA WAY","PIERCE ST","Alhambra Street from Mallorca Way to Pierce Street","Speed Hump","2","0","2014","2014/01/01","FY 2011-2012","Site Specific","Complete","<Null>","<Null>","<Null>","LINESTRING (-122.438000201 37.802557283, -122.438049141 37.802511048, -122.438782959 37.8019945, -122.439703768 37.801537427)","2026/05/23 10:19:56 AM","2026/05/23 10:48:09 AM"
"91","31253","2199000","Crocker Amazon","ALLISON ST","11","BRUNSWICK ST","HANOVER ST","Allison Street from Brunswick Street to Hanover Street","3-Lump Speed Cushion","1","3","2022","2022/03/01","FY 2019-2020","D11 NTIP","Complete","<Null>","<Null>","<Null>","LINESTRING (-122.441130269 37.711211156, -122.440597615 37.709945818)","2026/05/23 10:19:56 AM","2026/05/23 10:48:09 AM"
"92","31264","2210000","Visitacion Valley","ALPHA ST","10","GOETTINGEN ST","TUCKER AVE","Alpha Street from Goettingen Street to Tucker Avenue","Speed Table","1","04","2026","2026/04/01","FY 2021-2022","App-Based","Complete",,,,"LINESTRING (-122.402090828 37.716060525, -122.402315781 37.715854789, -122.402445288 37.715664684, -122.402561392 37.715557558)","2026/05/23 10:19:56 AM","2026/05/23 10:48:09 AM"
"93","20737","11667000","Visitacion Valley","SAWYER ST","10","VISITACION AVE","SUNNYDALE AVE","Sawyer Street from Visitacion Avenue to Sunnydale Avenue","3-Lump Speed Cushion","2","03","2026","2026/03/01","FY 2021-2022","App-Based","Complete",,,,"LINESTRING (-122.414369812 37.713246641, -122.415080545 37.711655034)","2026/05/23 10:19:56 AM","2026/05/23 10:48:09 AM"
"94","20739","11669000","Visitacion Valley","SAWYER ST","10","SUNRISE WAY","CALGARY ST \ VELASCO AVE","Sawyer Street from Sunrise Way to Calgary Street \ Velasco Avenue","Speed Bump","1","0","0","1900/01/01",,,"Complete","<Null>","<Null>","<Null>","LINESTRING (-122.415955916 37.709694868, -122.416010905 37.70956513, -122.415996996 37.709420018, -122.415951763 37.709243118, -122.415963999 37.708995339)","2026/05/23 10:19:56 AM","2026/05/23 10:48:09 AM"
"95","20748","11589000","Mission Terrace","SANTA ROSA AVE","11","MISSION ST","ALEMANY BLVD","Santa Rosa Avenue from Mission Street to Alemany Boulevard","3-Lump Speed Cushion","1","2","2022","2022/02/01","FY 2019-2020","D11 NTIP","Complete","<Null>","<Null>","<Null>","LINESTRING (-122.433982356 37.72576179, -122.435990945 37.72671922)","2026/05/23 10:19:56 AM","2026/05/23 10:48:09 AM"
"96","20751","11592000","Mission Terrace","SANTA ROSA AVE","11","CAPISTRANO AVE","SAN GABRIEL AVE","Santa Rosa Avenue from Capistrano Avenue to San Gabriel Avenue","3-Lump Speed Cushion","2","5","2018","2018/05/01","FY 2015-2016","App-Based","Complete","<Null>","<Null>","<Null>","LINESTRING (-122.438084728 37.727860533, -122.439096724 37.728404171)","2026/05/23 10:19:56 AM","2026/05/23 10:48:09 AM"
"97","20752","11593000","Mission Terrace","SANTA ROSA AVE","11","SAN GABRIEL AVE","SAN JOSE AVE","Santa Rosa Avenue from San Gabriel Avenue to San Jose Avenue","3-Lump Speed Cushion","2","5","2018","2018/05/01","FY 2015-2016","App-Based","Complete","<Null>","<Null>","<Null>","LINESTRING (-122.439096724 37.728404171, -122.440062034 37.728922715)","2026/05/23 10:19:56 AM","2026/05/23 10:48:09 AM"
"98","20756","11597000","Mission Terrace","SANTA YNEZ AVE","11","CAPISTRANO AVE","CAYUGA AVE","Santa Ynez Avenue from Capistrano Avenue to Cayuga Avenue","Speed Hump","1","2","2022","2022/02/01","FY 2019-2020","D11 NTIP","Complete","<Null>","<Null>","<Null>","LINESTRING (-122.438684008 37.723809325, -122.439338779 37.724159111)","2026/05/23 10:19:56 AM","2026/05/23 10:48:09 AM"
"99","20758","11599000","Mission Terrace","SANTA YNEZ AVE","11","OTSEGO AVE","DELANO AVE","Santa Ynez Avenue from Otsego Avenue to Delano Avenue","3-Lump Speed Cushion","1","8","2023","2023/08/01","<Null>","Excelsior Neighborhood Traffic Calming Project","Complete","<Null>","<Null>","<Null>","LINESTRING (-122.440316502 37.724681409, -122.441619076 37.725380392)","2026/05/23 10:19:56 AM","2026/05/23 10:48:09 AM"
"100","20768","11609000","Golden Gate Heights","SANTIAGO ST","7","17TH AVE","18TH AVE","Santiago Street from 17th Avenue to 18th Avenue","Speed Hump","1","3","2022","2022/03/01","FY 2019-2020","App-Based","Complete","<Null>","<Null>","<Null>","LINESTRING (-122.473684383 37.745011556, -122.474753795 37.744964031)","2026/05/23 10:19:56 AM","2026/05/23 10:48:09 AM"
"101","20064","12265000","Visitacion Valley","SUNNYDALE AVE","10","SAWYER ST","GARRISON AVE","Sunnydale Avenue from Sawyer Street to Garrison Avenue","5-Lump Speed Cushion","2","03","2026","2026/03/01","FY 2021-2022","App-Based","Complete",,,,"LINESTRING (-122.412887439 37.711036168, -122.415080545 37.711655034)","2026/05/23 10:19:56 AM","2026/05/23 10:48:09 AM"
"103","20066","12267000",,"SUNNYDALE AVE","10","HAHN ST","SANTOS ST","Sunnydale Avenue from Hahn Street to Santos Street","5-Lump Speed Cushion","1","7","2004","2004/07/01","FY 2004-2005","Site Specific","Complete","<Null>","<Null>","<Null>","LINESTRING (-122.41600028 37.711914556, -122.416738525 37.712118127, -122.417577338 37.712302186, -122.418028137 37.712335271, -122.418283421 37.712349147)","2026/05/23 10:19:56 AM","2026/05/23 10:48:09 AM"
"104","20153","12178000","South of Market","STEVENSON ST","6, 9","MCCOPPIN ST","DUBOCE AVE","Stevenson Street from Mccoppin Street to Duboce Avenue","Chicane","0","0","0","1900/01/01",,,"Complete","<Null>","<Null>","<Null>","LINESTRING (-122.421747665 37.771641823, -122.421582535 37.769917759)","2026/05/23 10:19:56 AM","2026/05/23 10:48:09 AM"
"105","20166","12104000","Sunnyside","STAPLES AVE","7","DETROIT ST","EDNA ST","Staples Avenue from Detroit Street to Edna Street","Speed Hump","2","4","2022","2022/04/01","FY 2019-2020","App-Based","Complete","<Null>","<Null>","<Null>","LINESTRING (-122.444284269 37.72909364, -122.446564113 37.729083153)","2026/05/23 10:19:56 AM","2026/05/23 10:48:09 AM"
"106","20168","12106000","Sunnyside","STAPLES AVE","7","FOERSTER ST","GENNESSEE ST","Staples Avenue from Foerster Street to Gennessee Street","Speed Hump","1","0","0","1900/01/01","FY 2011-2012","Areawide","Complete","<Null>","<Null>","<Null>","LINESTRING (-122.448849436 37.729072597, -122.451131306 37.729062308)","2026/05/23 10:19:56 AM","2026/05/23 10:48:09 AM"
"107","20177","12115000","Corona Heights","STATES ST","8","CASTRO ST","LEVANT ST","States Street from Castro Street to Levant Street","<Null>","<Null>","<Null>","<Null>",,"FY 2024-2025_Q1","App-Based","Pending design review and approval","TBD","Pending construction","TBD","LINESTRING (-122.435258661 37.763462837, -122.438038441 37.763294695, -122.439151615 37.763480639, -122.442180988 37.764999666, -122.442317303 37.765002719)","2026/05/23 10:19:56 AM","2026/05/23 10:48:09 AM"
"108","20298","11982000","Golden Gate Park","MARTIN LUTHER KING JR DR","7","BOWLING GREEN DR","7TH AVE","Martin Luther King Jr Drive from Bowling Green Drive to 7th Avenue","Raised Crosswalk","1","8","2018","2018/08/01",,"Golden Gate Park Traffic Safety","Complete","<Null>","<Null>","<Null>","LINESTRING (-122.460676842 37.767448811, -122.460752353 37.767384335, -122.461470638 37.767008124, -122.461830939 37.766863961, -122.461962693 37.766857581, -122.462438844 37.766904084, -122.46264994 37.766904756, -122.462944322 37.766862172, -122.464384438 37.766430031)","2026/05/23 10:19:56 AM","2026/05/23 10:48:09 AM"
"109","20303","11987000","Golden Gate Park","MARTIN LUTHER KING JR DR","7","HAGIWARA TEA GARDEN DR","STOW LAKE DR","Martin Luther King Jr Drive from Hagiwara Tea Garden Drive to Streetow Lake Drive","Raised Crosswalk","1","8","2018","2018/08/01",,"Golden Gate Park Traffic Safety","Complete","<Null>","<Null>","<Null>","LINESTRING (-122.46975824 37.769209056, -122.470117648 37.769222183, -122.470599864 37.769218375, -122.470923494 37.769195957, -122.471299901 37.76914289, -122.47156314 37.769066205, -122.471827872 37.768944848, -122.472064861 37.768787812, -122.47224504 37.768610467, -122.472342585 37.768449386, -122.472435757 37.768224599, -122.472468964 37.768062468, -122.472500931 37.767853587, -122.472583559 37.767635354, -122.472644423 37.767536888)","2026/05/23 10:19:56 AM","2026/05/23 10:48:09 AM"
"110","20305","11989000","Golden Gate Park","MARTIN LUTHER KING JR DR","7","STOW LAKE DR","CROSSOVER DR","Martin Luther King Jr Drive from Streetow Lake Drive to Crossover Drive","Speed Hump","2","8","2018","2018/08/01",,"Golden Gate Park Traffic Safety","Complete","<Null>","<Null>","<Null>","LINESTRING (-122.473279833 37.767056846, -122.473533261 37.766968698, -122.475259188 37.766470471, -122.475843727 37.766322123, -122.476807335 37.766121853, -122.47736283 37.766062487)","2026/05/23 10:19:56 AM","2026/05/23 10:48:09 AM"
"111","20307","11991000","Golden Gate Park","MARTIN LUTHER KING JR DR","4","TRANSVERSE DR","25TH AVE","Martin Luther King Jr Drive from Transverse Drive to 25th Avenue","Raised Crosswalk","1","8","2018","2018/08/01",,"Golden Gate Park Traffic Safety","Complete","<Null>","<Null>","<Null>","LINESTRING (-122.478258962 37.76591669, -122.478373692 37.765891542, -122.478506211 37.765889318, -122.478625218 37.765898278, -122.478861288 37.765946912, -122.479028631 37.766007657, -122.479509389 37.766220931, -122.479920545 37.766413456, -122.480405545 37.766578441, -122.480856249 37.766700169, -122.481422033 37.766787088, -122.481745579 37.766801373, -122.48212922 37.766790539, -122.482371857 37.766770185)","2026/05/23 10:19:56 AM","2026/05/23 10:48:09 AM"
"112","20308","11992000","Golden Gate Park","MARTIN LUTHER KING JR DR","4","25TH AVE","METSON RD","Martin Luther King Jr Drive from 25th Avenue to Metson Road","Raised Crosswalk","1","8","2018","2018/08/01",,"Golden Gate Park Traffic Safety","Complete","<Null>","<Null>","<Null>","LINESTRING (-122.482371857 37.766770185, -122.482605621 37.766736504, -122.483291681 37.766569362, -122.483564595 37.766549429, -122.48384626 37.766546881, -122.484156527 37.766581106, -122.484417919 37.766646835, -122.484627207 37.766726591, -122.484906921 37.766857757, -122.485223707 37.766929126, -122.485356638 37.766942228, -122.485599536 37.766935945, -122.485838969 37.766903422, -122.48610243 37.766839811, -122.486326301 37.766741801, -122.486723936 37.766531286, -122.48703974 37.766359404, -122.487559088 37.766052597, -122.487853271 37.765898611, -122.488071673 37.765802881, -122.488268869 37.765740383, -122.488688869 37.765643444, -122.48935452 37.765510781, -122.490019832 37.765419128, -122.490424573 37.76539337, -122.490737156 37.765394095, -122.491003602 37.765409683)","2026/05/23 10:19:56 AM","2026/05/23 10:48:09 AM"
"113","20309","11993000","Golden Gate Park","MARTIN LUTHER KING JR DR","4","METSON RD","SUNSET BLVD","Martin Luther King Jr Drive from Metson Rd to Sunset Boulevard","Raised Crosswalk","1","10","2018","2018/10/01",,"Golden Gate Park Traffic Safety","Complete","<Null>","<Null>","<Null>","LINESTRING (-122.491003602 37.765409683, -122.491387232 37.765375945, -122.491720176 37.765368859, -122.492217564 37.765389199, -122.492500103 37.765407008, -122.493029079 37.765447343, -122.494092319 37.765532022, -122.49486669 37.765555877, -122.495437986 37.765533888, -122.496063128 37.765461422)","2026/05/23 10:19:56 AM","2026/05/23 10:48:09 AM"
"114","20312","11996000","Golden Gate Park","MARTIN LUTHER KING JR DR","4","CHAIN OF LAKES DR","BERNICE RODGERS WY","Martin Luther King Jr Drive from Chain Of Lakes Drive to Bernice Rodgers Way","Speed Hump","1","10","2018","2018/10/01",,"Golden Gate Park Traffic Safety","Complete","<Null>","<Null>","<Null>","LINESTRING (-122.500857016 37.764845907, -122.502807376 37.765199708, -122.50285122 37.765221841, -122.504116888 37.765525874)","2026/05/23 10:19:56 AM","2026/05/23 10:48:09 AM"
"115","20313","11997000","Golden Gate Park","MARTIN LUTHER KING JR DR","4","BERNICE RODGERS WY","RECYCLING CENTER ACCESS RD","Martin Luther King Jr Drive from Bernice Rodgers Way to Recycling Center Access Rd","Speed Hump","1","9","2018","2018/09/01",,"Golden Gate Park Traffic Safety","Complete","<Null>","<Null>","<Null>","LINESTRING (-122.504116888 37.765525874, -122.505590685 37.765475635, -122.506005282 37.765441428, -122.506428919 37.765379915, -122.506803168 37.765299846, -122.507685859 37.765040451, -122.507971416 37.764937537)","2026/05/23 10:19:56 AM","2026/05/23 10:48:09 AM"
"116","20315","11999000","Golden Gate Park","MARTIN LUTHER KING JR DR","4","MILLWRIGHT COTTAGE ACCESS RD","LA PLAYA \ LINCOLN WY","Martin Luther King Jr Drive from Millwright Cottage Access Rd to La Placeaya \ Lincoln Way","Speed Hump","1","9","2018","2018/09/01",,"Golden Gate Park Traffic Safety","Complete","<Null>","<Null>","<Null>","LINESTRING (-122.508364904 37.764795987, -122.509360021 37.764402954, -122.509433585 37.764231034, -122.509402192 37.764032735)","2026/05/23 10:19:56 AM","2026/05/23 10:48:09 AM"
"118","20321","12005000","Crocker Amazon","SOUTH HILL BLVD","11","BALTIMORE WAY","TOYON LN","South Hill Boulevard from Baltimore Way to Toyon Lane","Speed Hump","1","3","2022","2022/03/01","FY 2019-2020","D11 NTIP","Complete","<Null>","<Null>","<Null>","LINESTRING (-122.430676395 37.710166446, -122.430238036 37.709507081)","2026/05/23 10:19:56 AM","2026/05/23 10:48:09 AM"
"125","20341","11957101","Lakeshore","SLOAT BLVD","4","CONSTANSO WY \ EVERGLADE DR","LAKESHORE PLAZA","Sloat Boulevard from Constanso Way \ Everglade Drive to Lakeshore Placeaza","Speed Radar Sign","0","0","0","1900/01/01",,,"Complete","<Null>","<Null>","<Null>","LINESTRING (-122.488956039 37.734113298, -122.489168759 37.734029731, -122.490321702 37.733976976, -122.490443545 37.734050497)","2026/05/23 10:19:56 AM","2026/05/23 10:48:09 AM"
"126","20381","11978000","Forest  Hill","SOTELO AVE","7","9TH AVE","SANTA RITA AVE","Sotelo Avenue from 9th Avenue to Santa Rita Avenue","Speed Table","2","<Null>","<Null>",,"FY 2021-2022","App-Based","Pending construction","TBD","Completion","TBD","LINESTRING (-122.463141652 37.748107677, -122.463761555 37.748607015)","2026/05/23 10:19:56 AM","2026/05/23 10:48:09 AM"
"127","20382","11979000","Forest  Hill","SOTELO AVE","7","9TH AVE","SANTA RITA AVE","Sotelo Avenue from 9th Avenue to Santa Rita Avenue","Speed Table","2","01","2026","2026/01/01","FY 2021-2022","App-Based","Complete",,,,"LINESTRING (-122.463761555 37.748607015, -122.463819468 37.748784095, -122.463864013 37.749030805, -122.463877778 37.749404111, -122.463922189 37.749533492, -122.463967236 37.749568708, -122.464051073 37.749634247, -122.464251335 37.749690658, -122.465042586 37.749645274)","2026/05/23 10:19:56 AM","2026/05/23 10:48:09 AM"
"128","20393","11946000","Midtown Terrace","SKYVIEW WY","7","AQUAVISTA WY","GLADEVIEW WY","Skyview Way from Aquavista Way to Gladeview Way","Speed Table","1","01","2026","2026/01/01","FY 2021-2022","App-Based","Complete",,,,"LINESTRING (-122.450278578 37.749812923, -122.450120042 37.750377135, -122.450039762 37.750789548, -122.450020192 37.751134853)","2026/05/23 10:19:56 AM","2026/05/23 10:48:09 AM"
"129","20394","11947000","Midtown Terrace","SKYVIEW WY","7","AQUAVISTA WY","MARVIEW WY","Skyview Way from Aquavista Way to Marview Way","Speed Table","3","<Null>","<Null>",,"FY 2021-2022","App-Based","Pending design review and approval","TBD","Pending construction","TBD","LINESTRING (-122.450020192 37.751134853, -122.450017621 37.751259516)","2026/05/23 10:19:56 AM","2026/05/23 10:48:09 AM"
"130","20398","11950102","Lakeside","SLOAT BLVD","7","SLOAT BLVD","CRANLEIGH DR","Lagunitas Drive from Sloat Boulevard to Cranleigh Drive","3-Lump Speed Cushion","1","<Null>","<Null>",,"<Null>","FY20 D7 PB","Pending construction","TBD","Completion","TBD","LINESTRING (-122.472341672 37.734606173, -122.473227227 37.734587991)","2026/05/23 10:19:56 AM","2026/05/23 10:48:09 AM"
"131","20431","11901000","Excelsior","SILVER AVE","11","VIENNA ST","MADISON ST","Silver Avenue from Mission Street to Princeton Street","<Null>","<Null>","<Null>","<Null>",,"FY 2021-2022","App-Based","Pending design review and approval","TBD","Pending construction","TBD","LINESTRING (-122.424198686 37.728735554, -122.423739982 37.728759937)","2026/05/23 10:19:56 AM","2026/05/23 10:48:09 AM"
"132","20433","11903000","Excelsior","SILVER AVE","11","GAMBIER ST","HARVARD ST","Silver Avenue from Mission Street to Princeton Street","<Null>","<Null>","<Null>","<Null>",,"FY 2021-2022","App-Based","Pending design review and approval","TBD","Pending construction","TBD","LINESTRING (-122.422665899 37.728822323, -122.421596616 37.728875966)","2026/05/23 10:19:56 AM","2026/05/23 10:48:09 AM"
"133","20438","11908000","University Mound","SILVER AVE","9","AMHERST ST","PRINCETON ST","Silver Avenue from Mission Street to Princeton Street","<Null>","<Null>","<Null>","<Null>",,"FY 2021-2022","App-Based","Pending design review and approval","TBD","Pending construction","TBD","LINESTRING (-122.417205989 37.728840443, -122.41686356 37.728796481, -122.416637096 37.728809166, -122.41617441 37.72891947)","2026/05/23 10:19:56 AM","2026/05/23 10:48:09 AM"
"134","20457","11927000","Silver Terrace","SILVER AVE","10","CHARTER OAK AVE","ELMIRA ST","Silver Avenue from Charter Oak Avenue to Elmira Street","<Null>","<Null>","<Null>","<Null>",,"FY 2020-2021","App-Based","Pending construction","TBD","Completion","TBD","LINESTRING (-122.404344812 37.733143731, -122.403509274 37.733665319)","2026/05/23 10:19:56 AM","2026/05/23 10:48:09 AM"
"135","20458","11928000","Silver Terrace","SILVER AVE","10","ELMIRA ST","LEDYARD ST","Silver Avenue from Elmira Street to Ledyard Street","<Null>","<Null>","<Null>","<Null>",,"FY 2020-2021","App-Based","Pending construction","TBD","Completion","TBD","LINESTRING (-122.403509274 37.733665319, -122.402855866 37.734073204)","2026/05/23 10:19:56 AM","2026/05/23 10:48:09 AM"
"136","20459","11929000","Silver Terrace","SILVER AVE","10","LEDYARD ST","SCOTIA AVE","Silver Avenue from Ledyard Street to Scotia Avenue","<Null>","<Null>","<Null>","<Null>",,"FY 2020-2021","App-Based","Pending construction","TBD","Completion","TBD","LINESTRING (-122.402855866 37.734073204, -122.402664893 37.734192415)","2026/05/23 10:19:56 AM","2026/05/23 10:48:09 AM"
"137","20460","11930000","Silver Terrace","SILVER AVE","10","LEDYARD ST","SCOTIA AVE","Silver Avenue from Ledyard Street to Scotia Avenue","<Null>","<Null>","<Null>","<Null>",,"FY 2020-2021","App-Based","Pending construction","TBD","Completion","TBD","LINESTRING (-122.402664893 37.734192415, -122.402201724 37.734481537)","2026/05/23 10:19:56 AM","2026/05/23 10:48:09 AM"
"138","20461","11931000","Silver Terrace","SILVER AVE","10","SANTA FE AVE","SCOTIA AVE","Silver Avenue from Santa Fe Avenue to Scotia Avenue","<Null>","<Null>","<Null>","<Null>",,"FY 2020-2021","App-Based","Pending construction","TBD","Completion","TBD","LINESTRING (-122.402201724 37.734481537, -122.401807982 37.734727322)","2026/05/23 10:19:56 AM","2026/05/23 10:48:09 AM"
"139","20463","11933000","Silver Terrace","SILVER AVE","10","SANTA FE AVE","TOPEKA AVE","Silver Avenue from Santa Fe Avenue to Topeka Avenue","<Null>","<Null>","<Null>","<Null>",,"FY 2020-2021","App-Based","Pending construction","TBD","Completion","TBD","LINESTRING (-122.401556207 37.734884486, -122.400952394 37.735261395)","2026/05/23 10:19:56 AM","2026/05/23 10:48:09 AM"
"140","20464","11934000","Silver Terrace","SILVER AVE","10","THOMAS AVE","TOPEKA AVE","Silver Avenue from thomas Avenue to Topeka Avenue","<Null>","<Null>","<Null>","<Null>",,"FY 2020-2021","App-Based","Pending construction","TBD","Completion","TBD","LINESTRING (-122.400952394 37.735261395, -122.400357336 37.735580822)","2026/05/23 10:19:56 AM","2026/05/23 10:48:09 AM"
"141","20465","11935000","Silver Terrace","SILVER AVE","10","REVERE AVE","THOMAS AVE","Silver Avenue from Revere Avenue to thomas Avenue","<Null>","<Null>","<Null>","<Null>",,"FY 2020-2021","App-Based","Pending construction","TBD","Completion","TBD","LINESTRING (-122.400357336 37.735580822, -122.398555902 37.736433077)","2026/05/23 10:19:56 AM","2026/05/23 10:48:09 AM"
"142","20509","11888000","University Mound","SILLIMAN ST","11","HARVARD ST","OXFORD ST","Silliman Street from Harvard Street to Oxford Street","3-Lump Speed Cushion","1","12","2025","2025/12/01","FY 2021-2022","App-Based","Complete",,,,"LINESTRING (-122.419883368 37.727369559, -122.420867379 37.727112304)","2026/05/23 10:19:56 AM","2026/05/23 10:48:09 AM"
"143","20515","11894000","Excelsior","SILVER AVE","11","LISBON ST","MISSION ST","Silver Avenue from Mission Street to Princeton Street","<Null>","<Null>","<Null>","<Null>",,"FY 2021-2022","App-Based","Pending design review and approval","TBD","Pending construction","TBD","LINESTRING (-122.431293844 37.728729548, -122.430390455 37.728547325, -122.428666969 37.728534433)","2026/05/23 10:19:56 AM","2026/05/23 10:48:09 AM"
"144","20518","11897000","Excelsior","SILVER AVE","11","MADRID ST","EDINBURGH ST","Silver Avenue from Mission Street to Princeton Street","<Null>","<Null>","<Null>","<Null>",,"FY 2021-2022","App-Based","Pending design review and approval","TBD","Pending construction","TBD","LINESTRING (-122.427579991 37.728566302, -122.426422865 37.728617161)","2026/05/23 10:19:56 AM","2026/05/23 10:48:09 AM"
"145","20523","11811000","Merced Heights","SHIELDS ST","11","RAMSELL ST","ARCH ST","Shields Street from Ramsell Street to Arch Street","Speed Hump","1","8","2019","2019/08/01","FY 2018-2019","D11 NTIP","Complete","<Null>","<Null>","<Null>","LINESTRING (-122.466235272 37.717912174, -122.467136769 37.717906174)","2026/05/23 10:19:56 AM","2026/05/23 10:48:09 AM"
"146","20539","11826000","South of Market","SHIPLEY ST","6","04TH ST","05TH ST","Shipley Street from 4th Street to 5th Street","3-Lump Speed Cushion","3","8","2023","2023/08/01","FY 2020-2021","App-Based","Complete",,,"<Null>","LINESTRING (-122.400613071 37.781587666, -122.402840618 37.779828524)","2026/05/23 10:19:56 AM","2026/05/23 10:48:09 AM"
"147","20540","11827000","South of Market","SHIPLEY ST","6","05TH ST","06TH ST","Shipley Street from 5th Street to 6th Street","3-Lump Speed Cushion","2","8","2023","2023/08/01","FY 2020-2021","App-Based","Complete",,,"<Null>","LINESTRING (-122.402840618 37.779828524, -122.403883327 37.779005029)","2026/05/23 10:19:56 AM","2026/05/23 10:48:09 AM"
"148","20541","11828000","South of Market","SHIPLEY ST","6","05TH ST","06TH ST","Shipley Street from 5th Street to 6th Street","3-Lump Speed Cushion","2","8","2023","2023/08/01","FY 2020-2021","App-Based","Complete",,,,"LINESTRING (-122.403883327 37.779005029, -122.405068509 37.778068981)","2026/05/23 10:19:56 AM","2026/05/23 10:48:09 AM"
"149","20547","11834000","Mission District","SHOTWELL ST","9","16TH ST","17TH ST","Shotwell Street from 16th Street to 17th Street","3-Lump Speed Cushion","2","12","2025","2025/12/01","FY 2021-2022","App-Based","Complete",,,,"LINESTRING (-122.416387523 37.765249494, -122.416227271 37.763635137)","2026/05/23 10:19:56 AM","2026/05/23 10:48:09 AM"
"150","20550","11837000","Mission District","SHOTWELL ST","9","19TH ST","20TH ST","Shotwell Street from 19th Street to 20th Street","Speed Hump","2","7","2020","2020/07/01","FY 2017-2018","App-Based","Complete","<Null>","<Null>","<Null>","LINESTRING (-122.415928746 37.760433261, -122.415779298 37.758830232)","2026/05/23 10:19:56 AM","2026/05/23 10:48:09 AM"
"151","20551","11838000","Mission District","SHOTWELL ST","9","20TH ST","21ST ST","Shotwell Street from 20th Street to 21St Street","Speed Hump","2","7","2020","2020/07/01","FY 2017-2018","App-Based","Complete","<Null>","<Null>","<Null>","LINESTRING (-122.415779298 37.758830232, -122.415626197 37.757232409)","2026/05/23 10:19:56 AM","2026/05/23 10:48:09 AM"
"152","20552","11839000","Mission District","SHOTWELL ST","9","21ST ST","02ND ST","Shotwell Street from 21St Street to 2nd Street","Speed Hump","2","7","2020","2020/07/01","FY 2017-2018","App-Based","Complete","<Null>","<Null>","<Null>","LINESTRING (-122.415626197 37.757232409, -122.415473275 37.755634108)","2026/05/23 10:19:56 AM","2026/05/23 10:48:09 AM"
"153",,"11843000","Mission District","SHOTWELL ST","9","25TH ST","26TH ST","Shotwell Street from 25th Street to 26th Street","3-Lump Speed Cushion","2","11","2023","2023/11/01","FY 2020-2021","App-Based","Complete",,,"<Null>","LINESTRING (-122.415014331 37.750836982, -122.414861248 37.749237866)","2026/05/23 10:19:56 AM","2026/05/23 10:48:09 AM"
"154","20581","11779000","Western Addition","SEYMOUR ST","5","TURK ST","GOLDEN GATE AVE","Seymour Streetreet from Turk Street to Golden Gate Avenue","Speed Table","1","<Null>","<Null>",,"FY 2021-2022","App-Based","Pending construction","TBD","Completion","TBD","LINESTRING (-122.437707163 37.77883238, -122.437894528 37.779764948)","2026/05/23 10:19:56 AM","2026/05/23 10:48:09 AM"
"155","20584","11783000","Bayview District","SHAFTER AVE","10","HAWES ST","INGALLS ST","Shafter Avenue from Hawes Street to Ingalls Street","5-Lump Speed Cushion","2","7","2015","2015/07/01","FY 2011-2012","TC Implementation","Complete","<Null>","<Null>","<Null>","LINESTRING (-122.383248262 37.726798298, -122.385118851 37.727859994)","2026/05/23 10:19:56 AM","2026/05/23 10:48:09 AM"
"156","20585","11784000","Bayview District","SHAFTER AVE","10","INGALLS AVE","JENNINGS ST","Shafter Avenue from Ingalls Avenue to Jennings Street","3-Lump Speed Cushion","2","03","2026","2026/03/01","FY 2021-2022","App-Based","Complete",,,,"LINESTRING (-122.385118851 37.727859994, -122.386984202 37.728918656)","2026/05/23 10:19:56 AM","2026/05/23 10:48:09 AM"
"157","20586","11785000","Bayview District","SHAFTER AVE","10","JENNINGS ST","KEITH ST","Shafter Avenue from Jennings Street to Keith Street","5-Lump Speed Cushion","2","7","2015","2015/07/01","FY 2011-2012","TC Implementation","Complete","<Null>","<Null>","<Null>","LINESTRING (-122.386984202 37.728918656, -122.388855117 37.729980416)","2026/05/23 10:19:56 AM","2026/05/23 10:48:09 AM"
"158","20587","11786000","Bayview District","SHAFTER AVE","10","KEITH ST","LANE ST","Shafter Avenue from Keith Street to Lane Street","<Null>","<Null>","<Null>","<Null>",,"FY 2022-2023","App-Based","Pending design review and approval","Jul - Dec 2024","Pending construction","Jan - Jul 2025","LINESTRING (-122.388855117 37.729980416, -122.390727084 37.731037147)","2026/05/23 10:19:56 AM","2026/05/23 10:48:09 AM"
"159","20595","11793000","Tenderloin","SHANNON ST","5","OFARRELL ST","GEARY ST","Shannon Street from Ofarrell Street to Geary Street","Speed Hump","1","1","2021","2021/01/01","FY 2017-2018","App-Based","Complete","<Null>","<Null>","<Null>","LINESTRING (-122.412147507 37.785892927, -122.412340302 37.786834512)","2026/05/23 10:19:56 AM","2026/05/23 10:48:09 AM"
"160","20604","11802000","South of Market","SHERIDAN ST","6","09TH ST","10TH ST","Sheridan Street from 9th Street to 10th Street","Speed Hump","1","8","2017","2017/08/01","FY 2015-2016","App-Based","Complete","<Null>","<Null>","<Null>","LINESTRING (-122.410691587 37.773024773, -122.411897208 37.77207268)","2026/05/23 10:19:56 AM","2026/05/23 10:48:09 AM"
"161","20605","11803000","South of Market","SHERMAN ST","6","FOLSOM ST","CLEVELAND ST","Sherman Street from Folsom Street to Cleveland Street","Speed Hump","1","7","2015","2015/07/01","FY 2014-2015","App-Based","Complete","<Null>","<Null>","<Null>","LINESTRING (-122.407014751 37.777399634, -122.406471321 37.776964093)","2026/05/23 10:19:56 AM","2026/05/23 10:48:09 AM"
"162","20606","11804000","South of Market","SHERMAN ST","6","CLEVELAND ST","HARRISON ST","Sherman Street from Cleveland Street to Harrison Street","Speed Hump","1","7","2015","2015/07/01","FY 2014-2015","App-Based","Complete","<Null>","<Null>","<Null>","LINESTRING (-122.406471321 37.776964093, -122.405476063 37.776161979)","2026/05/23 10:19:56 AM","2026/05/23 10:48:09 AM"
"163","20609","11807000","Merced Heights","SHIELDS ST","11","END","BRIGHT ST","Shields Street from End to Bright Street","Speed Bump","1","0","0","1900/01/01",,,"Complete","<Null>","<Null>","<Null>","LINESTRING (-122.462752036 37.717935291, -122.463541927 37.717930058)","2026/05/23 10:19:56 AM","2026/05/23 10:48:09 AM"
"164","20622","11731000","Outer Richmond","SEAL ROCK DR","1","ALTA MAR WAY","EL CAMINO DEL MAR","Seal Rock Drive from Alta Mar Way to El Camino Del Mar","Raised Crosswalk","1","0","0","1900/01/01","FY 2014-2015","App-Based","Complete","<Null>","<Null>","<Null>","LINESTRING (-122.507891878 37.78072054, -122.509879174 37.780627207)","2026/05/23 10:19:56 AM","2026/05/23 10:48:09 AM"
"165","20647","11756000","Cayuga","SEMINOLE AVE","11","CAYUGA AVE","DELANO AVE","Seminole Avenue from Cayuga Avenue to Delano Avenue","<Null>","<Null>","<Null>","<Null>",,"FY 2022-2023","App-Based","Pending design review and approval","Jul - Dec 2024","Pending construction","Jan - Jul 2025","LINESTRING (-122.444190955 37.718470082, -122.445484704 37.719512206)","2026/05/23 10:19:56 AM","2026/05/23 10:48:09 AM"
"166","20652","11761000","Cayuga","SENECA AVE","11","CAYUGA AVE","DELANO AVE","Seneca Avenue from Cayuga Avenue to Delano Avenue","Speed Hump","2","1","2020","2020/01/01","FY 2018-2019","D11 NTIP","Complete","<Null>","<Null>","<Null>","LINESTRING (-122.442551534 37.719620848, -122.442742588 37.720204855, -122.442924548 37.720376905, -122.443241044 37.720599551, -122.444501178 37.721095661)","2026/05/23 10:19:56 AM","2026/05/23 10:48:09 AM"
"167","20653","11762000","Cayuga","SENECA AVE","11","DELANO AVE","SAN JOSE AVE","Seneca Avenue from Delano Avenue to San Jose Avenue","Speed Hump","1","8","2023","2023/08/01","<Null>","Excelsior Neighborhood Traffic Calming Project","Complete","<Null>","<Null>","<Null>","LINESTRING (-122.444501178 37.721095661, -122.445854917 37.721628599)","2026/05/23 10:19:56 AM","2026/05/23 10:48:09 AM"
"168","20657","11675000","Visitacion Valley","SCHWERIN ST","10","GARRISON AVE","KELLOCH AVE","Schwerin Street from Garrison Avenue to Kelloch Avenue","Speed Hump","1","0","0","1900/01/01","FY 2011-2012","Early Implementation","Complete","<Null>","<Null>","<Null>","LINESTRING (-122.411968197 37.709210352, -122.412232747 37.708614679)","2026/05/23 10:19:56 AM","2026/05/23 10:48:09 AM"
"169","20659","11677000","Silver Terrace","SCOTIA AVE","10","AUGUSTA ST \ SILVER AVE","QUINT ST","Scotia Avenue from Augusta Street \ Silver Avenue to Quint Street","Speed Hump","1","0","2014","2014/01/01","FY 2012-2013","TC Implementation","Complete","<Null>","<Null>","<Null>","LINESTRING (-122.402201724 37.734481537, -122.402114035 37.734429668, -122.400565512 37.732861381)","2026/05/23 10:19:56 AM","2026/05/23 10:48:09 AM"
"170","20663","11681000","Duboce Triangle","SCOTT ST","8","DUBOCE AVE","LLOYD ST","Scott Street from Duboce Avenue to Lloyd Street","3-Lump Speed Cushion","1","10","2020","2020/10/01","FY 2017-2018","App-Based","Complete","<Null>","<Null>","<Null>","LINESTRING (-122.434893192 37.769113798, -122.435052314 37.769898394)","2026/05/23 10:19:56 AM","2026/05/23 10:48:09 AM"
"171","20664","11682000","Duboce Triangle","SCOTT ST","8","LLOYD ST","WALLER ST","Scott Street from Lloyd Street to Waller Street","3-Lump Speed Cushion","1","10","2020","2020/10/01","FY 2017-2018","App-Based","Complete","<Null>","<Null>","<Null>","LINESTRING (-122.435052314 37.769898394, -122.435184079 37.77054808)","2026/05/23 10:19:56 AM","2026/05/23 10:48:09 AM"
"172","20678","11696000","Western Addition","SCOTT ST","5","ELLIS ST","OFARRELL ST","Scott Street from Ellis Street to Ofarrell Street","Speed Hump","1","12","2021","2021/12/01","FY 2018-2019","App-Based","Complete","<Null>","<Null>","<Null>","LINESTRING (-122.437446431 37.781727079, -122.437633454 37.7826629)","2026/05/23 10:19:56 AM","2026/05/23 10:48:09 AM"
"173","20031","12232000","Bernal Heights North","STONEMAN ST","9","FOLSOM ST","MANCHESTER ST","Stoneman Street from Folsom Street to Manchester Street","Speed Hump","1","5","2015","2015/05/01","FY 2013-2014","App-Based","Complete","<Null>","<Null>","<Null>","LINESTRING (-122.413376323 37.745149134, -122.414173047 37.745095453)","2026/05/23 10:19:56 AM","2026/05/23 10:48:09 AM"
"174","20032","12233000","Bernal Heights North","STONEMAN ST","9","MANCHESTER ST","SHOTWELL ST","Stoneman Street from Manchester Street to Shotwell Street","Speed Hump","1","5","2015","2015/05/01","FY 2013-2014","App-Based","Complete","<Null>","<Null>","<Null>","LINESTRING (-122.414173047 37.745095453, -122.414920755 37.745045069)","2026/05/23 10:19:56 AM","2026/05/23 10:48:09 AM"
"175","20034","12235000","Mission Terrace","STONEYBROOK AVE","11","CAMBRIDGE ST \ TRUMBULL ST","GLADSTONE DR","Stoneybrook Avenue from Cambridge Street \ Trumbull Street to Gladstone Drive","Speed Hump","1","3","2021","2021/03/01","FY 2017-2018","App-Based","Complete","<Null>","<Null>","<Null>","LINESTRING (-122.421753181 37.731084669, -122.42171722 37.730901791, -122.421742619 37.730516679, -122.421784364 37.730200646, -122.421912588 37.729897892, -122.422130354 37.729590213, -122.422503353 37.729261991)","2026/05/23 10:19:56 AM","2026/05/23 10:48:09 AM"
"176","20043","12244000","Stonestown","STRATFORD DR","7","BANBURY DR","JUNIPERO SERRA BLVD","Stratford Drive from Banbury Drive to Junipero Serra Boulevard","Speed Hump","2","<Null>","<Null>",,"FY 2021-2022","App-Based","Pending construction","TBD","Completion","TBD","LINESTRING (-122.473610777 37.719980558, -122.473579193 37.719715786, -122.473375169 37.719346849, -122.472796269 37.718768844)","2026/05/23 10:19:56 AM","2026/05/23 10:48:09 AM"
"177","19431","12821000","Outer Sunset","ULLOA ST","4","43RD AVE","44TH AVE","Ulloa Street from 43rd Avenue to 44th Avenue","3-Lump Speed Cushion","1","2","2021","2021/02/01","FY 2017-2018","App-Based","Complete","<Null>","<Null>","<Null>","LINESTRING (-122.501272471 37.740048853, -122.502345932 37.740001393)","2026/05/23 10:19:56 AM","2026/05/23 10:48:09 AM"
"178","19438","12828000","Bayview District","UNDERWOOD AVE","10","KEITH ST","JENNINGS ST","Underwood Avenue from Keith Street to Jennings Street","3-Lump Speed Cushion","2","03","2026","2026/03/01","FY 2021-2022","App-Based","Complete",,,,"LINESTRING (-122.388109945 37.727666401, -122.389981317 37.728728463)","2026/05/23 10:19:56 AM","2026/05/23 10:48:09 AM"
"179","19439","12829000","Bayview District","UNDERWOOD AVE","10","KEITH ST","LANE ST","Underwood Avenue from Keith Street to Lane Street","3-Lump Speed Cushion","2","8","2023","2023/08/01","FY 2020-2021","App-Based","Complete",,,"<Null>","LINESTRING (-122.389981317 37.728728463, -122.39185242 37.729785555)","2026/05/23 10:19:56 AM","2026/05/23 10:48:09 AM"
"180","19479","12777000","Laguna Honda","ULLOA ST","7","SYDNEY WAY","LAGUNA HONDA BLVD","Ulloa Street from Sydney Way to Laguna Honda Boulevard","3-Lump Speed Cushion","2","2","2021","2021/02/01","FY 2017-2018","App-Based","Complete","<Null>","<Null>","<Null>","LINESTRING (-122.4548356 37.744473649, -122.455905152 37.743482451)","2026/05/23 10:19:56 AM","2026/05/23 10:48:09 AM"
"181","19481","12779000","Forest Hills Extension","ULLOA ST","7","WAITHMAN WAY","KENSINGTON WAY","Ulloa Street from Waithman Way to Kensington Way","Speed Hump","3","12","2016","2016/12/01","FY 2015-2016","App-Based","Complete","<Null>","<Null>","<Null>","LINESTRING (-122.456780077 37.742148947, -122.456929206 37.742101851, -122.457872347 37.741625389, -122.458884656 37.741062698, -122.459035213 37.741014115, -122.459297414 37.741016066, -122.459696238 37.741055025, -122.459839949 37.741061125)","2026/05/23 10:19:56 AM","2026/05/23 10:48:09 AM"
"182","19487","12785000","West Portal","ULLOA ST","7","WEST PORTAL AVE","LENOX WAY","Ulloa Street from West Portal Avenue to Lenox Way","Edgeline","1","7","2015","2015/07/01","FY 2013-2014","App-Based","Complete","<Null>","<Null>","<Null>","LINESTRING (-122.465829024 37.740891975, -122.466122802 37.741043563)","2026/05/23 10:19:56 AM","2026/05/23 10:48:09 AM"
"183","19488","12786000","West Portal","ULLOA ST","7","LENOX WY","WAWONA ST","Ulloa Street from Lenox Way to Wawona Street","Edgeline","1","7","2015","2015/07/01","FY 2013-2014","App-Based","Complete","<Null>","<Null>","<Null>","LINESTRING (-122.466122802 37.741043563, -122.46658062 37.741279794, -122.466714744 37.741323726)","2026/05/23 10:19:56 AM","2026/05/23 10:48:09 AM"
"184","19489","12787000","West Portal","ULLOA ST","7","WAWONA ST","MADRONE AVE","Ulloa Street from Wawona Street to Madrone Avenue","Edgeline","1","7","2015","2015/07/01","FY 2013-2014","App-Based","Complete","<Null>","<Null>","<Null>","LINESTRING (-122.466714744 37.741323726, -122.466970886 37.741407625, -122.467471317 37.74149523, -122.467630536 37.741503089)","2026/05/23 10:19:56 AM","2026/05/23 10:48:09 AM"
"185","19490","12788000","West Portal","ULLOA ST","7","MADRONE AVE","FOREST SIDE AVE","Ulloa Street from Madrone Avenue to Forest Side Avenue","Edgeline","1","7","2015","2015/07/01","FY 2013-2014","App-Based","Complete","<Null>","<Null>","<Null>","LINESTRING (-122.467630536 37.741503089, -122.467761859 37.741509571, -122.468561099 37.741503346)","2026/05/23 10:19:56 AM","2026/05/23 10:48:09 AM"
"186","19491","12789000","West Portal","ULLOA ST","7","FOREST SIDE AVE","FUNSTON AVE","Ulloa Street from Forest Side Avenue to Funston Avenue","Edgeline","1","7","2015","2015/07/01","FY 2013-2014","App-Based","Complete","<Null>","<Null>","<Null>","LINESTRING (-122.468561099 37.741503346, -122.468671689 37.741487739, -122.469030114 37.741472061)","2026/05/23 10:19:56 AM","2026/05/23 10:48:09 AM"
"187","19492","12790000","West Portal","ULLOA ST","7","FUNSTON AVE","14TH AVE","Ulloa Street from Funston Avenue to 14th Avenue","Edgeline","1","7","2015","2015/07/01","FY 2013-2014","App-Based","Complete","<Null>","<Null>","<Null>","LINESTRING (-122.469030114 37.741472061, -122.470104939 37.741425112)","2026/05/23 10:19:56 AM","2026/05/23 10:48:09 AM"
"188","19493","12791000","West Portal","ULLOA ST","7","14TH AVE","15TH AVE","Ulloa Street from 14th Avenue to 15th Avenue","Edgeline","1","4","2015","2015/04/01","FY 2013-2014","App-Based","Complete","<Null>","<Null>","<Null>","LINESTRING (-122.470104939 37.741425112, -122.471225941 37.741383107)","2026/05/23 10:19:56 AM","2026/05/23 10:48:09 AM"
"189","19564","12687000","Inner Mission","TREAT AVE","9","21ST ST","22ND ST","Treat Avenue from 21St Street to 22nd Street","Speed Hump","2","1","2024","2024/01/01",,"D9 CRT","Complete",,,,"LINESTRING (-122.413446854 37.757363463, -122.41329405 37.755765915)","2026/05/23 10:19:56 AM","2026/05/23 10:48:09 AM"
"190","19576","12699000","Mission Terrace","TRUMBULL ST","11","CRAUT ST","CONGDON ST","Trumbull Street from Craut Street to Congdon Street","5-Lump Speed Cushion","2","4","2017","2017/04/01","FY 2015-2016","App-Based","Complete","<Null>","<Null>","<Null>","LINESTRING (-122.428389945 37.730788743, -122.426266645 37.730896849, -122.426143656 37.730881414)","2026/05/23 10:19:56 AM","2026/05/23 10:48:09 AM"
"191","19577","12700000","Mission Terrace","TRUMBULL ST","11","CONGDON ST","NEY ST","Trumbull Street from Congdon Street to Ney Street","3-Lump Speed Cushion","1","6","2020","2020/06/01","FY 2018-2019","D11 NTIP","Complete","<Null>","<Null>","<Null>","LINESTRING (-122.426143656 37.730881414, -122.425010124 37.730933213, -122.424378201 37.730939782, -122.423930668 37.73089202)","2026/05/23 10:19:56 AM","2026/05/23 10:48:09 AM"
"192","19578","12701000","Mission Terrace","TRUMBULL ST","11","DAVENPORT LN","NEY ST","Trumbull Street from Davenport Lane  to Ney Street","3-Lump Speed Cushion","1","4","2017","2017/04/01","FY 2015-2016","App-Based","Complete","<Null>","<Null>","<Null>","LINESTRING (-122.423930668 37.73089202, -122.423243713 37.730818703)","2026/05/23 10:19:56 AM","2026/05/23 10:48:09 AM"
"193","19579","12702000","Excelsior","TRUMBULL ST","11","NEY ST","MAYNARD ST","Trumbull Street from Ney Street to Maynard Street","Traffic Island","2","0","0","1900/01/01","FY 2014-2015","App-Based","Complete","<Null>","<Null>","<Null>","LINESTRING (-122.423243713 37.730818703, -122.422767016 37.730764152, -122.422500041 37.730772587)","2026/05/23 10:19:56 AM","2026/05/23 10:48:09 AM"
"194","19580","12703000","Excelsior","TRUMBULL ST","11","MAYNARD ST","CAMBRIDGE ST \ STONEYBROOK AVE","Trumbull Street from Maynard Street to Cambridge Street \ Streetoneybrook Avenue","Traffic Island","2","0","0","1900/01/01","FY 2014-2015","App-Based","Complete","<Null>","<Null>","<Null>","LINESTRING (-122.422500041 37.730772587, -122.422245271 37.730855902, -122.421946038 37.731031243, -122.421753181 37.731084669)","2026/05/23 10:19:56 AM","2026/05/23 10:48:09 AM"
"195","19582","12705000","Visitacion Valley","TUCKER AVE","10","ALPHA ST","RUTLAND ST","Tucker Avenue from Alpha Street to Rutland Street","Speed Table","2","04","2026","2026/04/01","FY 2021-2022","App-Based","Complete",,,,"LINESTRING (-122.403203152 37.714965421, -122.405171038 37.715732147, -122.405895055 37.715929514)","2026/05/23 10:19:56 AM","2026/05/23 10:48:09 AM"
"196","19614","12647000","Silver Terrace","TOPEKA AVE","10","SILVER AVE","QUINT ST","Topeka Avenue from Silver Avenue to Quint Street","Speed Hump","1","0","2014","2014/01/01","FY 2013-2014","TC Implementation","Complete","<Null>","<Null>","<Null>","LINESTRING (-122.400952394 37.735261395, -122.399935596 37.734259793, -122.39964529 37.734064238, -122.399379885 37.733957716)","2026/05/23 10:19:56 AM","2026/05/23 10:48:09 AM"
"197","19615","12648000","Silver Terrace","TOPEKA AVE","10","QUINT ST","MADDUX AVE","Topeka Avenue from Quint Street to Maddux Avenue","Speed Bump","0","0","0","1900/01/01",,,"Complete","<Null>","<Null>","<Null>","LINESTRING (-122.399379885 37.733957716, -122.398584636 37.733638848)","2026/05/23 10:19:56 AM","2026/05/23 10:48:09 AM"
"198","19649","12593000","Silver Terrace","THORNTON AVE","10","REDDY ST","TOPEKA AVE","thornton Avenue from Reddy Street to Topeka Avenue","Speed Hump","0","0","0","1900/01/01","FY 2011-2012","Areawide","Complete","<Null>","<Null>","<Null>","LINESTRING (-122.395057691 37.731054501, -122.395191644 37.731073603)","2026/05/23 10:19:56 AM","2026/05/23 10:48:09 AM"
"199","19650","12594000","Silver Terrace","THORNTON AVE","10","TOPEKA AVE","NEPTUNE ST","thornton Avenue from Topeka Avenue to Neptune Street","Speed Hump","1","0","0","1900/01/01","FY 2011-2012","Areawide","Complete","<Null>","<Null>","<Null>","LINESTRING (-122.395191644 37.731073603, -122.396856729 37.731313519)","2026/05/23 10:19:56 AM","2026/05/23 10:48:09 AM"
"200","19651","12595000","Silver Terrace","THORNTON AVE","10","NEPTUNE ST","VENUS ST","thornton Avenue from Neptune Street to Venus Street","3-Lump Speed Cushion","1","8","2023","2023/08/01","FY 2020-2021","App-Based","Complete",,,"<Null>","LINESTRING (-122.396856729 37.731313519, -122.39769668 37.731434535)","2026/05/23 10:19:56 AM","2026/05/23 10:48:09 AM"
"201","19655","12599000","Silver Terrace","THORNTON AVE","10","LEDYARD ST \ VESTA ST","MERCURY ST","thornton Avenue from Ledyard Street \ Vesta Street to Mercury Street","Speed Hump","1","0","2014","2014/01/01","FY 2013-2014","TC Implementation","Complete","<Null>","<Null>","<Null>","LINESTRING (-122.400293259 37.731478259, -122.401131433 37.731258509)","2026/05/23 10:19:56 AM","2026/05/23 10:48:09 AM"
"202","19657","12601000","Silver Terrace","THORNTON AVE","10","MERCURY ST","QUINT ST \ WATERVILLE ST","thornton Avenue from Mercury Street to Quint Street \ Waterville Street","Speed Hump","1","0","2014","2014/01/01","FY 2013-2014","TC Implementation","Complete","<Null>","<Null>","<Null>","LINESTRING (-122.401288316 37.731217377, -122.402026168 37.731023921)","2026/05/23 10:19:56 AM","2026/05/23 10:48:09 AM"
"204","19667","12611000","Inner Mission","TIFFANY AVE","9","DUNCAN ST","29TH ST","Tiffany Avenue from Duncan Street to 29th Street","Speed Hump","3","12","2004","2004/12/01","FY 2004-2005","Site Specific","Complete","<Null>","<Null>","<Null>","LINESTRING (-122.420357621 37.746492046, -122.421976766 37.743979454)","2026/05/23 10:19:56 AM","2026/05/23 10:48:09 AM"
"205","19706","12564000","Mission Terrace","THERESA ST","11","MISSION ST","ALEMANY BLVD","Theresa Street from Mission Street to Alemany Boulevard","Speed Hump","1","2","2022","2022/02/01","FY 2019-2020","D11 NTIP","Complete","<Null>","<Null>","<Null>","LINESTRING (-122.432363264 37.727716814, -122.434478649 37.728731783)","2026/05/23 10:19:56 AM","2026/05/23 10:48:09 AM"
"206","19708","12566000","Mission Terrace","THERESA ST","11","CAYUGA AVE","SAN JOSE AVE","theresa Street from Cayuga Avenue to San Jose Avenue","Speed Hump","1","7","2019","2019/07/01","FY 2018-2019","D11 NTIP","Complete","<Null>","<Null>","<Null>","LINESTRING (-122.435195772 37.729299892, -122.436536766 37.730449046)","2026/05/23 10:19:56 AM","2026/05/23 10:48:09 AM"
"207","19713","12571000","Bayview District","THOMAS AVE","10","INGALLS ST","JENNINGS ST","thomas Avenue from Ingalls Street to Jennings Street","Speed Hump","1","0","0","1900/01/01",,"Areawide","Complete","<Null>","<Null>","<Null>","LINESTRING (-122.385682203 37.727233228, -122.387550708 37.728293726)","2026/05/23 10:19:56 AM","2026/05/23 10:48:09 AM"
"208","19714","12572000","Bayview District","THOMAS AVE","10","JENNINGS ST","KEITH ST","thomas Avenue from Jennings Street to Keith Street","Speed Hump","2","0","2014","2014/01/01","FY 2011-2012","TC Implementation","Complete","<Null>","<Null>","<Null>","LINESTRING (-122.387550708 37.728293726, -122.389418721 37.729353886)","2026/05/23 10:19:56 AM","2026/05/23 10:48:09 AM"
"209","19745","12543000","Potrero Hill","TEXAS ST","10","20TH ST","SIERRA ST","Texas Street from 20th Street to Sierra Street","Speed Hump","1","8","2019","2019/08/01","FY 2016-2017","App-Based","Complete","<Null>","<Null>","<Null>","LINESTRING (-122.395315167 37.760084171, -122.395151154 37.7583522)","2026/05/23 10:19:56 AM","2026/05/23 10:48:09 AM"
"211","19767","12484000","Dogpatch","TENNESSEE ST","10","19TH ST","20TH ST","Tennessee Street from 19th Street to 20th Street","3-Lump Speed Cushion","2","03","2026","2026/03/01","FY 2021-2022","App-Based","Complete",,,,"LINESTRING (-122.389607731 37.761710649, -122.389485813 37.760435278)","2026/05/23 10:19:56 AM","2026/05/23 10:48:09 AM"
"212","19784","12502000","Miraloma Park","TERESITA BLVD","7","MARIETTA DR","AGUA WY","Teresita Boulevard from Marietta Drive to Agua Way","Speed Radar Sign","1","0","0","1900/01/01","FY 2005-2006","Corridor","Complete","<Null>","<Null>","<Null>","LINESTRING (-122.450784466 37.742729932, -122.450700452 37.742468386, -122.450644083 37.742223054)","2026/05/23 10:19:56 AM","2026/05/23 10:48:09 AM"
"213","19788","12506000","Miraloma Park","TERESITA BLVD","7","SEQUOIA WAY","GAVIOTA WY","Teresita Boulevard from Sequoia Way to Gaviota Way","5-Lump Speed Cushion","1","0","0","1900/01/01","FY 2005-2006","Corridor","Complete","<Null>","<Null>","<Null>","LINESTRING (-122.448982234 37.740541375, -122.448591858 37.740261186, -122.448228452 37.740035562, -122.447851523 37.739850696)","2026/05/23 10:19:56 AM","2026/05/23 10:48:09 AM"
"214","19840","12469000","Visitacion Valley","TEDDY AVE","10","DELTA ST","RUTLAND ST","Teddy Avenue from Delta Street to Rutland Street","3-Lump Speed Cushion","2","04","2026","2026/04/01","FY 2021-2022","App-Based","Complete",,,,"LINESTRING (-122.406476926 37.714574889, -122.408603383 37.71515568)","2026/05/23 10:19:56 AM","2026/05/23 10:48:09 AM"
"215","19849","12386000","West Portal","TARAVAL ST","7","MADRONE AVE","FOREST SIDE AVE","Taraval Street from Madrone Avenue to Forest Side Avenue","5-Lump Speed Cushion","1","7","2019","2019/07/01","FY 2016-2017","D7 Participatory Budgeting","Complete","<Null>","<Null>","<Null>","LINESTRING (-122.466859497 37.743490863, -122.467747744 37.743412622)","2026/05/23 10:19:56 AM","2026/05/23 10:48:09 AM"
"216","19851","12388000","West Portal","TARAVAL ST","7","12TH AVE","FUNSTON AVE","Taraval Street from 12th Avenue to Funston Avenue","5-Lump Speed Cushion","1","8","2019","2019/08/01","FY 2016-2017","D7 Participatory Budgeting","Complete","<Null>","<Null>","<Null>","LINESTRING (-122.468073291 37.743383946, -122.469165048 37.743336082)","2026/05/23 10:19:56 AM","2026/05/23 10:48:09 AM"
"217","19912","12356000","University Mound","SWEENY ST","9","CAMBRIDGE ST","PRINCETON ST","Sweeny Street from Cambridge Street to Princeton Street","3-Lump Speed Cushion","3","12","2025","2025/12/01","FY 2021-2022","App-Based","Complete",,,,"LINESTRING (-122.416239984 37.730286385, -122.416495976 37.730246516, -122.41675551 37.73021934, -122.416994178 37.730234082, -122.417204724 37.730263454, -122.419373452 37.730430034)","2026/05/23 10:19:56 AM","2026/05/23 10:48:09 AM"
"218","19918","12362000","Laguna Honda","SYDNEY WAY","7","FOWLER AVE \ PORTOLA DR","ULLOA ST","Sydney Way from Fowler Avenue \ Portola Drive to Ulloa Street","3-Lump Speed Cushion","1","2","2021","2021/02/01","FY 2017-2018","App-Based","Complete","<Null>","<Null>","<Null>","LINESTRING (-122.45336484 37.744592896, -122.453602301 37.744669021, -122.453789417 37.744773737, -122.454069657 37.744830123, -122.454334813 37.744800295, -122.454522837 37.744761574)","2026/05/23 10:19:56 AM","2026/05/23 10:48:09 AM"
"219","19939","12383000","West Portal","TARAVAL ST","7","LENOX WAY","WAWONA ST","Taraval Street from Lenox Way to Wawona Street","5-Lump Speed Cushion","1","7","2019","2019/07/01","FY 2016-2017","D7 Participatory Budgeting","Complete","<Null>","<Null>","<Null>","LINESTRING (-122.464736799 37.743658626, -122.46580699 37.74357405)","2026/05/23 10:19:56 AM","2026/05/23 10:48:09 AM"
"220","19950","12306000","Glen Park","SUSSEX ST","8","UNNAMED 011","DIAMOND ST","Sussex Street from Unnamed 11 to Diamond Street","Speed Hump","1","8","2015","2015/08/01",,"Site Specific Backlog","Complete","<Null>","<Null>","<Null>","LINESTRING (-122.432868405 37.735839061, -122.433709508 37.736637983, -122.4340018 37.736885168, -122.43421146 37.737119387, -122.434374431 37.737237632, -122.434608347 37.737273217, -122.434697281 37.737256317)","2026/05/23 10:19:56 AM","2026/05/23 10:48:09 AM"
"221","24569","8278000","Silver Terrace","LEDYARD ST","10","SILVER AVE","MERCURY ST","Ledyard Street from Silver Avenue to Mercury Street","Speed Hump","1","0","2014","2014/01/01","FY 2013-2014","TC Implementation","Complete","<Null>","<Null>","<Null>","LINESTRING (-122.402855866 37.734073204, -122.401268419 37.732465514)","2026/05/23 10:19:56 AM","2026/05/23 10:48:09 AM"
"222","24585","8294000","Visitacion Valley","LELAND AVE","10","PEABODY ST","ALPHA ST","Leland Avenue from Peabody Street to Alpha Street","<Null>","<Null>","<Null>","<Null>",,"FY 2021-2022","App-Based","Pending design review and approval","TBD","Pending construction","TBD","LINESTRING (-122.405632131 37.711933472, -122.406528597 37.71228275)","2026/05/23 10:19:56 AM","2026/05/23 10:48:09 AM"
"223","23872","8771101","Eureka Valley - Dolores Height","MARKET ST","8","EUREKA ST","DOUGLASS ST","Market Street from Eureka Street to Douglass Street","Speed Radar Sign","1","0","0","1900/01/01",,,"Complete","<Null>","<Null>","<Null>","LINESTRING (-122.438362146 37.761703799, -122.438460223 37.761648466, -122.439014683 37.761522254, -122.439314134 37.761418819, -122.439413852 37.761424566)","2026/05/23 10:19:56 AM","2026/05/23 10:48:09 AM"
"224","23879","8773101","Eureka Valley - Dolores Height","MARKET ST","8","HATTIE ST","DANVERS ST","Market Street from Hattie Street to Danvers Street","Speed Radar Sign","1","0","0","1900/01/01","FY 2008-2009","Pilot","Complete","<Null>","<Null>","<Null>","LINESTRING (-122.440984701 37.761077985, -122.441064759 37.761033732, -122.442447957 37.761025796, -122.442627646 37.76098367, -122.442824114 37.76088453, -122.443306191 37.760587352, -122.443409537 37.760520206, -122.443517047 37.76050921)","2026/05/23 10:19:56 AM","2026/05/23 10:48:09 AM"
"225","23892","8776103","Eureka Valley - Dolores Height","MARKET ST","8","ROMAIN ST","MORGAN ALY","Market Street from Romain Street to Morgan Alley","Speed Radar Sign","1","0","0","1900/01/01","FY 2008-2009","Pilot","Complete","<Null>","<Null>","<Null>","LINESTRING (-122.440998758 37.756218485, -122.440974055 37.756115397, -122.440998937 37.755859529, -122.441188918 37.755584953, -122.44160786 37.754951042, -122.441728601 37.754636656)","2026/05/23 10:19:56 AM","2026/05/23 10:48:09 AM"
"226","23893","8776104","Noe Valley","MARKET ST","8","MORGAN ALY","DIXIE ALY","Market Street from Morgan Alley to Dixie Alley","Speed Radar Sign","1","0","0","1900/01/01","FY 2008-2009","Pilot","Complete","<Null>","<Null>","<Null>","LINESTRING (-122.441728601 37.754636656, -122.441809169 37.754480368, -122.442215281 37.753902642, -122.442377964 37.753662237)","2026/05/23 10:19:56 AM","2026/05/23 10:48:09 AM"
"227","23894","8776105","Noe Valley","MARKET ST","8","DIXIE ALY","ARGENT ALY","Market Street from Dixie Alley to Argent Alley","Speed Radar Sign","1","0","0","1900/01/01","FY 2008-2009","Pilot","Complete","<Null>","<Null>","<Null>","LINESTRING (-122.442377964 37.753662237, -122.442432127 37.75358163, -122.442659771 37.75263162, -122.44272886 37.752563699)","2026/05/23 10:19:56 AM","2026/05/23 10:48:09 AM"
"228","23906","8781000","St. Mary's Park","MARSILY ST","8","SAINT MARYS AVE","BOSWORTH ST","Marsily Street from Saint Marys Avenue to Bosworth Street","Speed Hump","1","10","2017","2017/10/01",,"SJA Side Streets","Complete","<Null>","<Null>","<Null>","LINESTRING (-122.427401012 37.734507327, -122.427782457 37.734139721, -122.427695016 37.733553628)","2026/05/23 10:19:56 AM","2026/05/23 10:48:09 AM"
"231","24029","8722000","Potrero Hill","MARIPOSA ST","10","ARKANSAS ST","CAROLINA ST","Mariposa Street from Arkansas Street to Carolina Street","Speed Hump","1","1","2021","2021/01/01","FY 2016-2017","App-Based","Complete","<Null>","<Null>","<Null>","LINESTRING (-122.398580417 37.763735728, -122.40051424 37.763619149)","2026/05/23 10:19:56 AM","2026/05/23 10:48:09 AM"
"233","24067","8687000","Oceanview","MARGARET AVE","11","RIDGE LN","LAKEVIEW AVE","Margaret Avenue from Ridge Lane to Lakeview Avenue","Speed Hump","1","<Null>","<Null>",,"FY 2021-2022","App-Based","Pending construction","TBD","Completion","TBD","LINESTRING (-122.451585478 37.718577101, -122.451691614 37.718513369, -122.452641847 37.717375655)","2026/05/23 10:19:56 AM","2026/05/23 10:48:09 AM"
"234","24094","8640201","Miraloma Park","MALTA DR","7","MERCATO CT","VALLETTA CT","Malta Drive from Mercato Court to Valletta Court","Speed Table","4","01","2026","2026/01/01","FY 2021-2022","App-Based","Complete",,,,"LINESTRING (-122.442988383 37.73491512, -122.443194472 37.734996596, -122.4435411 37.735158759, -122.44397805 37.735378136, -122.444144694 37.735489796, -122.444207862 37.735546278, -122.444234283 37.73564317, -122.444291868 37.735743977, -122.444327528 37.735844823, -122.444336923 37.736065948, -122.44440571 37.736218559)","2026/05/23 10:19:56 AM","2026/05/23 10:48:09 AM"
"236","24102","8648000","Sunnyside","MANGELS AVE","8","BADEN ST","CONGO ST","Mangels Avenue from Baden Street to Congo Street","Speed Hump","2","4","2022","2022/04/01","FY 2019-2020","App-Based","Complete","<Null>","<Null>","<Null>","LINESTRING (-122.439752494 37.733111255, -122.440903148 37.733103839)","2026/05/23 10:19:56 AM","2026/05/23 10:48:09 AM"
"237","24104","8650000","Sunnyside","MANGELS AVE","7","CONGO ST","DETROIT ST","Mangels Avenue from Congo Street to Detroit Street","Speed Hump","1","6","2021","2021/06/01","<Null>","Restoration after paving","Complete","<Null>","<Null>","<Null>","LINESTRING (-122.442002319 37.733097956, -122.444320397 37.733087687)","2026/05/23 10:19:56 AM","2026/05/23 10:48:09 AM"
"238","24105","8651000","Sunnyside","MANGELS AVE","7","DETROIT ST","EDNA ST","Mangels Avenue from Detroit Street to Edna Street","Speed Hump","1","6","2021","2021/06/01","<Null>","Restoration after paving","Complete","<Null>","<Null>","<Null>","LINESTRING (-122.444320397 37.733087687, -122.446600966 37.733076985)","2026/05/23 10:19:56 AM","2026/05/23 10:48:09 AM"
"239","24106","8652000","Sunnyside","MANGELS AVE","7","EDNA ST","FOERSTER ST","Mangels Avenue from Edna Street to Foerster Street","Speed Hump","1","6","2021","2021/06/01","<Null>","Restoration after paving","Complete","<Null>","<Null>","<Null>","LINESTRING (-122.446600966 37.733076985, -122.448873386 37.733068718)","2026/05/23 10:19:56 AM","2026/05/23 10:48:09 AM"
"240","24107","8653000","Sunnyside","MANGELS AVE","7","FOERSTER ST","GENNESSEE ST","Mangels Avenue from Foerster Street to Gennessee Street","Speed Hump","1","6","2021","2021/06/01","<Null>","Restoration after paving","Complete","<Null>","<Null>","<Null>","LINESTRING (-122.448873386 37.733068718, -122.451160989 37.733058403)","2026/05/23 10:19:56 AM","2026/05/23 10:48:09 AM"
"241","24108","8654000","Sunnyside","MANGELS AVE","7","GENNESSEE ST","RIDGEWOOD AVE","Mangels Avenue from Gennessee Street to Ridgewood Avenue","<Null>","<Null>","<Null>","<Null>",,"FY 2022-2023","App-Based","Pending design review and approval","Jul - Dec 2024","Pending construction","Jan - Jul 2025","LINESTRING (-122.451160989 37.733058403, -122.453333942 37.733048562, -122.453425005 37.733039617)","2026/05/23 10:19:56 AM","2026/05/23 10:48:09 AM"
"242","24115","8661000","Mount Davidson Manor","MANOR DR","7","OCEAN AVE","FAIRFIELD WY \ KENWOOD WY","Manor Drive from Ocean Avenue to Fairfield Way \ Kenwood Way","Speed Hump","2","10","2021","2021/10/01","FY 2018-2019","App-Based","Complete","<Null>","<Null>","<Null>","LINESTRING (-122.465312619 37.726405276, -122.464070428 37.728253107)","2026/05/23 10:19:56 AM","2026/05/23 10:48:09 AM"
"243","24138","8672101","McLaren Park","MANSELL ST","9, 10","VISITACION AVE","JOH F SHELLEY DR","Mansell Street from Visitacion Avenue to Joh F Shelley Drive","Speed Table","3","3","2021","2021/03/01","<Null>","Miscellaneous","Complete","<Null>","<Null>","<Null>","LINESTRING (-122.411673324 37.718754101, -122.411669903 37.718654518, -122.413843087 37.718077852, -122.414076395 37.718037874, -122.414176323 37.718126716)","2026/05/23 10:19:56 AM","2026/05/23 10:48:09 AM"
"244","24145","8604000","Excelsior","MADRID ST","11","PERU AVE","AVALON AVE","Madrid Street from Peru Avenue to Avalon Avenue","Speed Hump","1","1","2021","2021/01/01","<Null>","Traffic Routing","Complete","<Null>","<Null>","<Null>","LINESTRING (-122.428115827 37.727845928, -122.429280199 37.726281708)","2026/05/23 10:19:56 AM","2026/05/23 10:48:09 AM"
"245","24149","8608000","Excelsior","MADRID ST","11","PERSIA AVE","RUSSIA ST","Madrid Street from Persia Avenue to Russia Street","Speed Hump","1","6","2021","2021/06/01","<Null>","Restoration after paving","Complete","<Null>","<Null>","<Null>","LINESTRING (-122.432805977 37.721618771, -122.433985108 37.720062806)","2026/05/23 10:19:56 AM","2026/05/23 10:48:09 AM"
"246","24151","8610000","Excelsior","MADRID ST","11","ITALY ST","FRANCE AVE","Madrid Street from Italy Street to France Avenue","3-Lump Speed Cushion","2","<Null>","<Null>",,"FY 2021-2022","App-Based","Pending construction","TBD","Completion","TBD","LINESTRING (-122.435156613 37.718507797, -122.436331137 37.716953124)","2026/05/23 10:19:56 AM","2026/05/23 10:48:09 AM"
"247","24155","8614000","West Portal","MADRONE AVE","7","TARAVAL ST","ULLOA ST","Madrone Avenue from Taraval Street to Ulloa Street","Speed Hump","1","12","2014","2014/12/01","FY 2013-2014","Site Specific","Complete","<Null>","<Null>","<Null>","LINESTRING (-122.466859497 37.743490863, -122.466845885 37.743349497, -122.467582037 37.741618106, -122.467630536 37.741503089)","2026/05/23 10:19:56 AM","2026/05/23 10:48:09 AM"
"248","24156","8615000","West Portal","MADRONE AVE","7","ULLOA ST","VICENTE ST","Madrone Avenue from Ulloa Street to Vicente Street","Speed Hump","1","5","2016","2016/05/01","FY 2014-2015","App-Based","Complete","<Null>","<Null>","<Null>","LINESTRING (-122.467630536 37.741503089, -122.46826688 37.740021541)","2026/05/23 10:19:56 AM","2026/05/23 10:48:09 AM"
"249","24159","8616102","Forest  Hill","MAGELLAN AVE","7","MARCELA AVE","PLAZA ST","Magellan Avenue from Marcela Avenue to Placeaza Street","Speed Hump","1","<Null>","2021",,"FY 2017-2018","App-Based","Complete","<Null>","<Null>","<Null>","LINESTRING (-122.461185248 37.748984303, -122.460994482 37.748986802, -122.460796523 37.748985608, -122.460531196 37.748931678, -122.460334995 37.748854157, -122.460195041 37.748765229, -122.460122774 37.748702656, -122.460050535 37.748695129)","2026/05/23 10:19:56 AM","2026/05/23 10:48:09 AM"
"250","24160","8616201","Forest  Hill","MAGELLAN AVE","7","Castenada Ave \ Forest Hill Path","PLAZA ST","Magellan Avenue from Castenada Avenue \ Forest Hill Path to Placeaza Street","Speed Hump","1","4","2021","2021/04/01","FY 2017-2018","App-Based","Complete","<Null>","<Null>","<Null>","LINESTRING (-122.461940999 37.748996736, -122.461840755 37.749045583, -122.460952037 37.749053229, -122.46075661 37.749044617, -122.460506554 37.748997912, -122.4602835 37.748902886, -122.460155129 37.748824236, -122.460061817 37.748743444, -122.460050535 37.748695129)","2026/05/23 10:19:56 AM","2026/05/23 10:48:09 AM"
"251","24162","8618000","Forest  Hill","MAGELLAN AVE","7","PACHECO AVE","SOLA AVE","Magellan Avenue from Pacheco Avenue to Sola Avenue","Speed Table","2","01","2026","2026/01/01","FY 2021-2022","App-Based","Complete",,,,"LINESTRING (-122.459972001 37.747752319, -122.460074395 37.747611729, -122.461615603 37.746402598, -122.461710036 37.746361514)","2026/05/23 10:19:56 AM","2026/05/23 10:48:09 AM"
"252","24167","8621000","Forest  Hill","MAGELLAN AVE","7","MONTALVO AVE","CORTES AVE","Magellan Avenue from Montalvo Avenue to Cortes Avenue","Speed Hump","1","1","2018","2018/01/01",,"Dewey Area TC","Complete","<Null>","<Null>","<Null>","LINESTRING (-122.46416112 37.744444658, -122.466138212 37.744280694)","2026/05/23 10:19:56 AM","2026/05/23 10:48:09 AM"
"253","24168","8622000","Forest  Hill","MAGELLAN AVE","7","CORTES AVE","12TH AVE","Magellan Avenue from Cortes Avenue to 12th Avenue","Speed Hump","1","1","2018","2018/01/01",,"Dewey Area TC","Complete","<Null>","<Null>","<Null>","LINESTRING (-122.466138212 37.744280694, -122.468133221 37.744123773)","2026/05/23 10:19:56 AM","2026/05/23 10:48:09 AM"
"254","24169","8623000","Marina","MAGNOLIA ST","2","LAGUNA ST","BUCHANAN ST","Magnolia Street from Laguna Street to Buchanan Street","Speed Hump","1","12","2014","2014/12/01","FY 2014-2015","Site Specific","Complete","<Null>","<Null>","<Null>","LINESTRING (-122.431219089 37.800984031, -122.432863678 37.800773004)","2026/05/23 10:19:56 AM","2026/05/23 10:48:09 AM"
"255","24170","8624000","Marina","MAGNOLIA ST","2","BUCHANAN ST","WEBSTER ST","Magnolia Street from Buchanan Street to Webster Street","Speed Hump","1","12","2014","2014/12/01","FY 2014-2015","Site Specific","Complete","<Null>","<Null>","<Null>","LINESTRING (-122.432863678 37.800773004, -122.434507988 37.800561989)","2026/05/23 10:19:56 AM","2026/05/23 10:48:09 AM"
"257","24186","8640101","Miraloma Park","MALTA DR","7","OSHAUGHNESSY BLVD","STILLINGS AVE","Malta Drive from Oshaughnessy Boulevard to Streetillings Avenue","Speed Table","2","<Null>","<Null>",,"FY 2021-2022","App-Based","Pending construction","TBD","Completion","TBD","LINESTRING (-122.442988383 37.73491512, -122.443241646 37.734935121, -122.443498917 37.735041782, -122.443868795 37.735222932, -122.444190292 37.735407446, -122.444280988 37.735484219, -122.444414927 37.735547155, -122.444456724 37.735604612, -122.444478073 37.735720552, -122.444433833 37.736070356, -122.44440571 37.736218559)","2026/05/23 10:19:56 AM","2026/05/23 10:48:09 AM"
"261","24228","8594000","Silver Terrace","MADDUX AVE","10","THOMAS AVE","TOPEKA AVE","Maddux Avenue from thomas Avenue to Topeka Avenue","Speed Hump","1","0","2014","2014/01/01","FY 2011-2012","TC Implementation","Complete","<Null>","<Null>","<Null>","LINESTRING (-122.398342259 37.73431133, -122.398391375 37.734088293, -122.398487569 37.733807789, -122.398584636 37.733638848)","2026/05/23 10:19:56 AM","2026/05/23 10:48:09 AM"
"262","24232","8509000","Outer Sunset","GREAT HWY","4","IRVING ST","JUDAH ST","Great Highway from Irving Street to Judah Street","3-Lump Speed Cushion","1","3","2021","2021/03/01","<Null>","Great Highway Traffic Management","Complete","<Null>","<Null>","<Null>","LINESTRING (-122.509622174 37.762127288, -122.509381622 37.760271686)","2026/05/23 10:19:56 AM","2026/05/23 10:48:09 AM"
"263","24233","8510000","Outer Sunset","GREAT HWY","4","JUDAH ST","KIRKHAM ST \ LA PLAYA ST","Great Highway from Judah Street to Kirkham Street \ La Playa","3-Lump Speed Cushion","1","3","2021","2021/03/01","<Null>","Great Highway Traffic Management","Complete","<Null>","<Null>","<Null>","LINESTRING (-122.509381622 37.760271686, -122.50916589 37.758488075, -122.50911129 37.758414453)","2026/05/23 10:19:56 AM","2026/05/23 10:48:09 AM"
"264","24234","8511000","Outer Sunset","GREAT HWY","4","KIRKHAM ST \ LA PLAYA","LA PLAYA \ LAWTON ST","Great Highway from Kirkham Street \ La Playa to La Playa \ Lawton Street","3-Lump Speed Cushion","1","3","2021","2021/03/01","<Null>","Great Highway Traffic Management","Complete","<Null>","<Null>","<Null>","LINESTRING (-122.50911129 37.758414453, -122.508902544 37.75655123)","2026/05/23 10:19:56 AM","2026/05/23 10:48:09 AM"
"265","24237","8512002","Outer Sunset","GREAT HWY","4","LA PLAYA","MORAGA ST","Great Highway from La Placeaya to Moraga Street","3-Lump Speed Cushion","1","3","2021","2021/03/01","<Null>","Great Highway Traffic Management","Complete","<Null>","<Null>","<Null>","LINESTRING (-122.508833919 37.755991311, -122.508679285 37.754691735)","2026/05/23 10:19:56 AM","2026/05/23 10:48:09 AM"
"266","24238","8513000","Outer Sunset","GREAT HWY","4","MORAGA ST","NORIEGA ST","Great Highway from Moraga Street to Noriega Street","3-Lump Speed Cushion","1","3","2021","2021/03/01","<Null>","Great Highway Traffic Management","Complete","<Null>","<Null>","<Null>","LINESTRING (-122.508679285 37.754691735, -122.508432397 37.752830227)","2026/05/23 10:19:56 AM","2026/05/23 10:48:09 AM"
"267","24239","8514000","Outer Sunset","GREAT HWY","4","NORIEGA ST","ORTEGA ST","Great Highway from Noriega Street to Ortega Street","3-Lump Speed Cushion","1","3","2021","2021/03/01","<Null>","Great Highway Traffic Management","Complete","<Null>","<Null>","<Null>","LINESTRING (-122.508432397 37.752830227, -122.508186651 37.7509682)","2026/05/23 10:19:56 AM","2026/05/23 10:48:09 AM"
"268","24240","8515000","Outer Sunset","GREAT HWY","4","ORTEGA ST","PACHECO ST","Great Highway from Ortega Street to Pacheco Street","3-Lump Speed Cushion","1","3","2021","2021/03/01","<Null>","Great Highway Traffic Management","Complete","<Null>","<Null>","<Null>","LINESTRING (-122.508186651 37.7509682, -122.507941547 37.749110937)","2026/05/23 10:19:56 AM","2026/05/23 10:48:09 AM"
"269","24241","8516000","Outer Sunset","GREAT HWY","4","PACHECO ST","QUINTARA ST","Great Highway from Pacheco Street to Quintara Street","3-Lump Speed Cushion","1","3","2021","2021/03/01","<Null>","Great Highway Traffic Management","Complete","<Null>","<Null>","<Null>","LINESTRING (-122.507941547 37.749110937, -122.507694895 37.747248534)","2026/05/23 10:19:56 AM","2026/05/23 10:48:09 AM"
"270","24242","8517000","Outer Sunset","GREAT HWY","4","QUINTARA ST","RIVERA ST","Great Highway from Quintara Street to Rivera Street","3-Lump Speed Cushion","1","4","2021","2021/04/01","<Null>","Great Highway Traffic Management","Complete","<Null>","<Null>","<Null>","LINESTRING (-122.507694895 37.747248534, -122.507442626 37.745391435)","2026/05/23 10:19:56 AM","2026/05/23 10:48:09 AM"
"271","24243","8518000","Outer Sunset","GREAT HWY","4","RIVERA ST","SANTIAGO ST","Great Highway from Rivera Street to Santiago Street","3-Lump Speed Cushion","1","4","2021","2021/04/01","<Null>","Great Highway Traffic Management","Complete","<Null>","<Null>","<Null>","LINESTRING (-122.507442626 37.745391435, -122.507313784 37.744444337, -122.507193246 37.743535156)","2026/05/23 10:19:56 AM","2026/05/23 10:48:09 AM"
"272","24245","8520000","Outer Sunset","GREAT HWY","4","48TH AVE \ TARAVAL ST","48TH AVE \ ULLOA ST","Great Highway from 48th Avenue \ Taraval Street to 48th Avenue \ Ulloa Street","3-Lump Speed Cushion","1","5","2021","2021/05/01","<Null>","Great Highway Traffic Management","Complete","<Null>","<Null>","<Null>","LINESTRING (-122.506865452 37.741673016, -122.50693495 37.741595344, -122.506675737 37.739812384)","2026/05/23 10:19:56 AM","2026/05/23 10:48:09 AM"
"273","24246","8521000","Outer Sunset","GREAT HWY","4","48TH AVE \ ULLOA ST","VICENTE ST","Great Highway from 48th Avenue \ Ulloa Street to Vicente Street","3-Lump Speed Cushion","1","4","2021","2021/04/01","<Null>","Great Highway Traffic Management","Complete","<Null>","<Null>","<Null>","LINESTRING (-122.506675737 37.739812384, -122.506435607 37.737959853)","2026/05/23 10:19:56 AM","2026/05/23 10:48:09 AM"
"274","24248","8523000","Parkside","GREAT HWY","4","CUTLER AVE","WAWONA ST","Great Highway from Cutler Avenue to Wawona Street","3-Lump Speed Cushion","1","4","2021","2021/04/01","<Null>","Great Highway Traffic Management","Complete","<Null>","<Null>","<Null>","LINESTRING (-122.50631414 37.73702273, -122.506193982 37.736095688)","2026/05/23 10:19:56 AM","2026/05/23 10:48:09 AM"
"275","24263","8538000","Ingleside Terrace","LUNADO WAY","7","ESTERO AVE","MERCEDES WAY","Lunado Way from Estero Avenue to Mercedes Way","Speed Table","2","<Null>","<Null>",,"FY 2021-2022","App-Based","Pending design review and approval","TBD","Pending construction","TBD","LINESTRING (-122.471304038 37.723720071, -122.471186243 37.725934637, -122.471132004 37.726787739)","2026/05/23 10:19:56 AM","2026/05/23 10:48:09 AM"
"277","24274","8549000","Mission Terrace","LYELL ST","11","BOSWORTH ST \ STILL ST","CAYUGA AVE","Lyell Street from Bosworth Street \ Streetill Street to Cayuga Avenue","3-Lump Speed Cushion","1","3","2021","2021/03/01","<Null>","D8 Safe Streets","Complete","<Null>","<Null>","<Null>","LINESTRING (-122.431685404 37.731651525, -122.431392972 37.731009499)","2026/05/23 10:19:56 AM","2026/05/23 10:48:09 AM"
"278","24281","8468000","Golden Gate Heights","LOMITA AVE","7","ALOHA AVE","LAWTON ST","Lomita Avenue from Aloha Avenue to Lawton Street","Speed Hump","1","1","2022","2022/01/01","FY 2018-2019","App-Based","Complete","<Null>","<Null>","<Null>","LINESTRING (-122.472298859 37.75910829, -122.472581818 37.759083142, -122.472772163 37.759001667, -122.47294215 37.758878523, -122.473003645 37.758747648, -122.472995642 37.758627484, -122.472932833 37.758545292, -122.472723261 37.758310062)","2026/05/23 10:19:56 AM","2026/05/23 10:48:09 AM"
"279","24282","8469000","Golden Gate Heights","LOMITA AVE","7","16TH AVE","ALOHA AVE","Lomita Avenue from 16th Avenue to Aloha Avenue","Speed Hump","2","1","2022","2022/01/01","FY 2018-2019","App-Based","Complete","<Null>","<Null>","<Null>","LINESTRING (-122.472723261 37.758310062, -122.472812181 37.757832794, -122.47297533 37.757426907, -122.473265997 37.756997093, -122.473442608 37.75684474)","2026/05/23 10:19:56 AM","2026/05/23 10:48:09 AM"
"280","24283","8470000","Excelsior","LONDON ST","11","AVALON AVE","EXCELSIOR AVE","London Street from Avalon Avenue to Excelsior Avenue","Speed Hump","1","2","2022","2022/02/01","FY 2019-2020","D11 NTIP","Complete","<Null>","<Null>","<Null>","LINESTRING (-122.431767135 37.727310674, -122.432857063 37.725870915)","2026/05/23 10:19:56 AM","2026/05/23 10:48:09 AM"
"281","24284","8471000","Excelsior","LONDON ST","11","BRAZIL AVE","EXCELSIOR AVE","London Street from Brazil Avenue to Excelsior Avenue","3-Lump Speed Cushion","2","8","2023","2023/08/01","<Null>","Excelsior Neighborhood Traffic Calming Project","Complete","<Null>","<Null>","<Null>","LINESTRING (-122.432857063 37.725870915, -122.434033481 37.724316372)","2026/05/23 10:19:56 AM","2026/05/23 10:48:09 AM"
"282","24285","8472000","Excelsior","LONDON ST","11","PERSIA AVE","BRAZIL AVE","London Street from Persia Avenue to Brazil Avenue","3-Lump Speed Cushion","2","8","2023","2023/08/01","<Null>","Excelsior Neighborhood Traffic Calming Project","Complete",,"<Null>","<Null>","LINESTRING (-122.434033481 37.724316372, -122.435208401 37.722763731)","2026/05/23 10:19:56 AM","2026/05/23 10:48:09 AM"
"283","24286","8473000","Excelsior","LONDON ST","11","RUSSIA AVE","PERSIA AVE","London Street from Russia Avenue to Persia Avenue","3-Lump Speed Cushion","2","9","2023","2023/09/01","<Null>","Excelsior Neighborhood Traffic Calming Project","Complete","<Null>","<Null>","<Null>","LINESTRING (-122.435208401 37.722763731, -122.43638454 37.721209404)","2026/05/23 10:19:56 AM","2026/05/23 10:48:09 AM"
"284","24287","8474000","Excelsior","LONDON ST","11","FRANCE AVE","RUSSIA AVE","London Street from France Avenue to Russia Avenue","3-Lump Speed Cushion","2","8","2023","2023/08/01","<Null>","Excelsior Neighborhood Traffic Calming Project","Complete","<Null>","<Null>","<Null>","LINESTRING (-122.43638454 37.721209404, -122.437558733 37.7196497)","2026/05/23 10:19:56 AM","2026/05/23 10:48:09 AM"
"287","24313","8500000","Oceanview","LOUISBURG ST","11","NIAGARA AVE","GENEVA AVE","Louisburg Street from Niagara Avenue to Geneva Avenue","3-Lump Speed Cushion","2","<Null>","<Null>",,"FY 2020-2021","App-Based","Pending construction","TBD","Completion","<Null>","LINESTRING (-122.449295742 37.721752413, -122.450103174 37.720482069)","2026/05/23 10:19:56 AM","2026/05/23 10:48:09 AM"
"288","24317","8504000","Crocker Amazon","LOWELL ST","11","MORSE ST","BRUNSWICK ST","Lowell Street from Morse Street to Brunswick Street","Speed Hump","1","3","2022","2022/03/01","FY 2019-2020","D11 NTIP","Complete","<Null>","<Null>","<Null>","LINESTRING (-122.446168138 37.711039283, -122.445503344 37.709813315)","2026/05/23 10:19:56 AM","2026/05/23 10:48:09 AM"
"289","24321","8508000","Outer Sunset","GREAT HWY","4","LINCOLN WY","IRVING ST","Great Highway from Lincoln Way to Irving Street","3-Lump Speed Cushion","1","3","2021","2021/03/01","<Null>","Great Highway Traffic Management","Complete","<Null>","<Null>","<Null>","LINESTRING (-122.509833065 37.763969287, -122.509817376 37.763728973, -122.509760349 37.763273495, -122.509622174 37.762127288)","2026/05/23 10:19:56 AM","2026/05/23 10:48:09 AM"
"290","24375","8394000","Hayes Valley","LINDEN ST","5","LAGUNA ST","OCTAVIA ST","Linden Street from Laguna Street to Octavia Street","Speed Hump","2","8","2023","2023/08/01","FY 2020-2021","App-Based","Complete",,,"<Null>","LINESTRING (-122.424565011 37.7762014, -122.426167393 37.775997144)","2026/05/23 10:19:56 AM","2026/05/23 10:48:09 AM"
"291","24383","8401000","Glen Park","LIPPARD AVE","8","CHENERY ST","BOSWORTH ST","Lippard Avenue from Chenery Street to Bosworth Street","Speed Table","1","<Null>","<Null>",,"FY 2021-2022","App-Based","Pending construction","TBD","Completion","TBD","LINESTRING (-122.435550525 37.734796986, -122.435839971 37.73387533)","2026/05/23 10:19:56 AM","2026/05/23 10:48:09 AM"
"292","24384","8402000","Glen Park","LIPPARD AVE","8","BOSWORTH ST","JOOST AVE","Lippard Avenue from Bosworth Street to Joost Avenue","3-Lump Speed Cushion","1","6","2007","2007/06/01","FY 2006-2007","Site Specific","Complete","<Null>","<Null>","<Null>","LINESTRING (-122.435839971 37.73387533, -122.436238474 37.732606372, -122.436238357 37.732382388)","2026/05/23 10:19:56 AM","2026/05/23 10:48:09 AM"
"293","24386","8404000","Excelsior","LISBON ST","11","PERU AVE","AVALON AVE","Lisbon Street from Peru Avenue to Avalon Avenue","Speed Hump","1","6","2007","2007/06/01","FY 2005-2006","Areawide","Obsolete","<Null>","<Null>","<Null>","LINESTRING (-122.428903047 37.728221712, -122.430079506 37.72666326)","2026/05/23 10:19:56 AM","2026/05/23 10:48:09 AM"
"294","24388","8406000","Excelsior","LISBON ST","11","AVALON AVE","EXCELSIOR AVE","Lisbon Street from Avalon Avenue to Excelsior Avenue","3-Lump Speed Cushion","2","10","2019","2019/10/01","FY 2018-2019","D11 NTIP","Complete","<Null>","<Null>","<Null>","LINESTRING (-122.4301697 37.726543778, -122.4312534 37.725106576)","2026/05/23 10:19:56 AM","2026/05/23 10:48:09 AM"
"295","24389","8407000","Excelsior","LISBON ST","11","EXCELSIOR AVE","BRAZIL AVE","Lisbon Street from Excelsior Avenue to Brazil Avenue","Speed Hump","2","10","2019","2019/10/01","FY 2018-2019","D11 NTIP","Complete","<Null>","<Null>","<Null>","LINESTRING (-122.4312534 37.725106576, -122.432432061 37.723549724)","2026/05/23 10:19:56 AM","2026/05/23 10:48:09 AM"
"296","24390","8408000","Excelsior","LISBON ST","11","BRAZIL AVE","PERSIA AVE","Lisbon Street from Brazil Avenue to Persia Avenue","3-Lump Speed Cushion","2","9","2023","2023/09/01","<Null>","Excelsior Neighborhood Traffic Calming Project","Complete","<Null>","<Null>","<Null>","LINESTRING (-122.432432061 37.723549724, -122.433606338 37.722000221)","2026/05/23 10:19:56 AM","2026/05/23 10:48:09 AM"
"297","24391","8409000","Excelsior","LISBON ST","11","PERSIA AVE","RUSSIA AVE","Lisbon Street from Persia Avenue to Russia Avenue","3-Lump Speed Cushion","2","9","2023","2023/09/01","<Null>","Excelsior Neighborhood Traffic Calming Project","Complete","<Null>","<Null>","<Null>","LINESTRING (-122.433606338 37.722000221, -122.434784958 37.720444911)","2026/05/23 10:19:56 AM","2026/05/23 10:48:09 AM"
"299","24398","8416000","Oceanview","LOBOS ST","11","CAINE AVE","PLYMOUTH AVE","Lobos Street from Caine Avenue to Placeymouth Avenue","3-Lump Speed Cushion","3","8","2023","2023/08/01","FY 2020-2021","App-Based","Complete",,,"<Null>","LINESTRING (-122.452474226 37.714982781, -122.452605204 37.714925211, -122.456071999 37.714904673)","2026/05/23 10:19:56 AM","2026/05/23 10:48:09 AM"
"300","24412","8430000","Buena Vista","LOMA VISTA TER","8","MASONIC AVE","ROOSEVELT WY","Loma Vist Terrace from Masonic Avenue to Roosevelt Way","3-Lump Speed Cushion","1","5","2022","2022/05/01","FY 2019-2020","App-Based","Complete","<Null>","<Null>","<Null>","LINESTRING (-122.443347279 37.765332795, -122.443263298 37.765217753, -122.443278635 37.764726165, -122.443215275 37.764557546)","2026/05/23 10:19:56 AM","2026/05/23 10:48:09 AM"
"301","24508","8306000","West Portal","LENOX WAY","7","TARAVAL ST","VERDUN WYY","Lenox Way from Taraval Street to Verdun Way","Speed Hump","1","1","2020","2020/01/01","FY 2016-2017","App-Based","Complete","<Null>","<Null>","<Null>","LINESTRING (-122.464736799 37.743658626, -122.464837544 37.742792805, -122.464857998 37.742658268, -122.464917753 37.742506908, -122.464993706 37.742409779)","2026/05/23 10:19:56 AM","2026/05/23 10:48:09 AM"
"302","24509","8307000","West Portal","LENOX WAY","7","VERDUN WY","ULLOA ST","Lenox Way from Verdun Way to Ulloa Street","Speed Hump","2","1","2020","2020/01/01","FY 2016-2017","App-Based","Complete","<Null>","<Null>","<Null>","LINESTRING (-122.464993706 37.742409779, -122.466122802 37.741043563)","2026/05/23 10:19:56 AM","2026/05/23 10:48:09 AM"
"303","24517","8315000","Corona Heights","LEVANT ST","8","STATES ST","VULCAN STWY","Levant Street from Streetates Street to Vulcan Streetwy","Speed Hump","1","4","2021","2021/04/01","<Null>","Annual Removal and Replacement","Complete","<Null>","<Null>","<Null>","LINESTRING (-122.442317303 37.765002719, -122.442331372 37.764550482, -122.441977893 37.763743324, -122.441982944 37.763482772)","2026/05/23 10:19:56 AM","2026/05/23 10:48:09 AM"
"304","24518","8316000","Corona Heights","LEVANT ST","8","VULCAN STWY","LOWER TER","Levant Street from Vulcan Streetwy to Lower Terrace","Speed Hump","1","4","2021","2021/04/01","<Null>","Annual Removal and Replacement","Complete","<Null>","<Null>","<Null>","LINESTRING (-122.441982944 37.763482772, -122.441987423 37.763251806)","2026/05/23 10:19:56 AM","2026/05/23 10:48:09 AM"
"305","24521","8319000","Inner Mission","LEXINGTON ST","9","19TH ST","20TH ST","Lexington Street from 19th Street to 20th Street","Speed Hump","1","9","2015","2015/09/01",,"Site Specific Backlog","Complete","<Null>","<Null>","<Null>","LINESTRING (-122.420659534 37.760147554, -122.420506832 37.758544721)","2026/05/23 10:19:56 AM","2026/05/23 10:48:09 AM"
"306","24522","8320000","Inner Mission","LEXINGTON ST","9","20TH ST","21ST ST","Lexington Street from 20th Street to 21St Street","Speed Hump","1","10","2005","2005/10/01","FY 2004-2005","Site Specific","Complete","<Null>","<Null>","<Null>","LINESTRING (-122.420506832 37.758544721, -122.420338341 37.756948908)","2026/05/23 10:19:56 AM","2026/05/23 10:48:09 AM"
"307","24523","8321000","Dolores Heights","LIBERTY ST","8, 9","VALENCIA ST","GUERRERO ST","Liberty Street from Valencia Street to Guerrero Street","Speed Hump","2","5","2021","2021/05/01","<Null>","Restoration after BSSR Paving FY18 (2979J)","Complete","<Null>","<Null>","<Null>","LINESTRING (-122.421193865 37.757701417, -122.423367257 37.757570063)","2026/05/23 10:19:56 AM","2026/05/23 10:48:09 AM"
"308","24533","8330000","Outer Mission","LIEBIG ST","11","LESSING ST","SAN JOSE AVE","Liebig Street from Lessing Street to San Jose Avenue","3-Lump Speed Cushion","2","<Null>","<Null>",,"FY 2021-2022","App-Based","Pending construction","TBD","Completion","TBD","LINESTRING (-122.455928244 37.708354337, -122.457670306 37.709539893)","2026/05/23 10:19:56 AM","2026/05/23 10:48:09 AM"
"309","27961","5246000","Parkside","ESCOLTA WAY","4","31ST AVE","WAWONA ST","Escolta Way from 31St Avenue to Wawona Street","Speed Hump","1","0","0","1900/01/01","FY 2011-2012","Areawide","Complete","<Null>","<Null>","<Null>","LINESTRING (-122.488418736 37.737643576, -122.488578085 37.737694453, -122.489022846 37.737969688, -122.489266993 37.737999962, -122.489766845 37.737978179, -122.489970939 37.737956983)","2026/05/23 10:19:56 AM","2026/05/23 10:48:09 AM"
"310","30249","3094000","Excelsior","BRAZIL AVE","11","LONDON ST","PARIS ST","Brazil Avenue from London Street to Paris Street","3-Lump Speed Cushion","1","8","2023","2023/08/01","<Null>","Excelsior Neighborhood Traffic Calming Project","Complete","<Null>","<Null>","<Null>","LINESTRING (-122.434033481 37.724316372, -122.433231487 37.723932438)","2026/05/23 10:19:56 AM","2026/05/23 10:48:09 AM"
"311","30251","3096000","Excelsior","BRAZIL AVE","11","LISBON ST","MADRID ST","Brazil Avenue from Lisbon Street to Madrid Street","3-Lump Speed Cushion","1","8","2023","2023/08/01","<Null>","Excelsior Neighborhood Traffic Calming Project","Complete","<Null>","<Null>","<Null>","LINESTRING (-122.432432061 37.723549724, -122.431633134 37.72316724)","2026/05/23 10:19:56 AM","2026/05/23 10:48:09 AM"
"312","30253","3098000","Excelsior","BRAZIL AVE","11","EDINBURGH ST","NAPLES ST","Brazil Avenue from Edinburgh Street to Naples Street","3-Lump Speed Cushion","1","8","2023","2023/08/01","<Null>","Excelsior Neighborhood Traffic Calming Project","Complete","<Null>","<Null>","<Null>","LINESTRING (-122.430833111 37.72278422, -122.43002615 37.722397872)","2026/05/23 10:19:56 AM","2026/05/23 10:48:09 AM"
"313","30254","3100000","Excelsior","BRAZIL AVE","11","VIENNA ST","ATHENS ST","Brazil Avenue from Vienna Street to Athens Street","3-Lump Speed Cushion","1","8","2023","2023/08/01","<Null>","Excelsior Neighborhood Traffic Calming Project","Complete","<Null>","<Null>","<Null>","LINESTRING (-122.429249439 37.722025995, -122.428432132 37.721634673)","2026/05/23 10:19:56 AM","2026/05/23 10:48:09 AM"
"314","30265","3111000","Monterey Heights","BRENTWOOD AVE","7","YERBA BUENA AVE","FERNWOOD DR \ ROSEWOOD DR \ UNNAMED 040","Brentwood Avenue from Yerba Buena Avenue to Fernwood Drive \ Rosewood Drive \ Unnamed 40","3-Lump Speed Cushion","1","4","2018","2018/04/01","FY 2015-2016","App-Based","Complete","<Null>","<Null>","<Null>","LINESTRING (-122.4590639 37.733645067, -122.459222074 37.733486253, -122.459276656 37.733381924, -122.459293461 37.733228582, -122.459345435 37.733120957, -122.459462121 37.733007855, -122.460009207 37.732705692, -122.460203573 37.732641825, -122.460428993 37.73262943)","2026/05/23 10:19:56 AM","2026/05/23 10:48:09 AM"
"315","30276","3121000","Silver Terrace","BRIDGEVIEW DR","10","NEWHALL ST \ REVERE AVE","TAMPA LN","Bridgeview Drive from Newhall Street \ Revere Avenue to Tampa Lane","Speed Hump","2","0","0","1900/01/01",,,"Complete","<Null>","<Null>","<Null>","LINESTRING (-122.393903947 37.73378771, -122.39402707 37.733849146, -122.394028149 37.733929089, -122.393820798 37.734195744, -122.393797729 37.734296763, -122.393909763 37.73444888, -122.394407093 37.73473068, -122.395710113 37.734904315, -122.395982093 37.734878654, -122.396169546 37.734930845)","2026/05/23 10:19:56 AM","2026/05/23 10:48:09 AM"
"317","28240","4996101","Bayview District","DUKES CT","10","CASHMERE ST","END","Dukes Court from Cashmere Street to End","Speed Bump","1","0","0","1900/01/01",,,"Complete","<Null>","<Null>","<Null>","LINESTRING (-122.386569981 37.736719723, -122.386664218 37.736742675, -122.386718238 37.736973811, -122.386674173 37.737224559, -122.386576661 37.737270883)","2026/05/23 10:19:56 AM","2026/05/23 10:48:09 AM"
"318","28241","4996201","Bayview District","DUKES CT","10","CASHMERE ST","END","Dukes Court from Cashmere Street to End","Speed Bump","1","0","0","1900/01/01",,,"Complete","<Null>","<Null>","<Null>","LINESTRING (-122.386569981 37.736719723, -122.386523092 37.736794543, -122.386574633 37.737017251, -122.386523283 37.737204593, -122.386576661 37.737270883)","2026/05/23 10:19:56 AM","2026/05/23 10:48:09 AM"
"319","28244","4999000","Noe Valley","DUNCAN ST","8","GUERRERO ST","DOLORES ST","Duncan Street from Guerrero Street to Dolores Street","3-Lump Speed Cushion","2","<Null>","<Null>",,"FY 2021-2022","App-Based","Pending design review and approval","TBD","Pending construction","TBD","LINESTRING (-122.422310655 37.74637652, -122.424602793 37.7462414)","2026/05/23 10:19:56 AM","2026/05/23 10:48:09 AM"
"320","28245","5000000","Noe Valley","DUNCAN ST","8","DOLORES ST","CHURCH ST","Duncan Street from Dolores Street to Church Street","Speed Hump","2","10","2015","2015/10/01",,"Site Specific Backlog","Complete","<Null>","<Null>","<Null>","LINESTRING (-122.424602793 37.7462414, -122.426891189 37.746098768)","2026/05/23 10:19:56 AM","2026/05/23 10:48:09 AM"
"322","28259","4929000","South of Market","DORE ST","6","HOWARD ST","FOLSOM ST","Dore Street from Howard Street to Folsom Street","3-Lump Speed Cushion","2","<Null>","2018",,"FY 2015-2016","App-Based","Complete","<Null>","<Null>","<Null>","LINESTRING (-122.413768847 37.774516258, -122.412225006 37.773284781)","2026/05/23 10:19:56 AM","2026/05/23 10:48:09 AM"
"323","28264","4934000","Mission Dolores","DORLAND ST","8, 9","GUERRERO ST","DOLORES ST","Dorland Street from Guerrero Street to Dolores Street","Speed Hump","2","4","2017","2017/04/01","FY 2015-2016","App-Based","Complete","<Null>","<Null>","<Null>","LINESTRING (-122.423926563 37.762341013, -122.425994665 37.762226014, -122.426145985 37.762160359)","2026/05/23 10:19:56 AM","2026/05/23 10:48:09 AM"
"324","28268","4938000","Hunters Point","KISKA RD","10","DORMITORY RD \ KIRKWOOD AVE","REARDON RD","Kiska Rd from Dormitory Rd \ Kirkwood Avenue to Reardon Rd","Speed Hump","2","0","0","1900/01/01","FY 2013-2014",,"Complete","<Null>","<Null>","<Null>","LINESTRING (-122.374928082 37.729659694, -122.375730199 37.730061331, -122.376274469 37.73014621, -122.376646894 37.730115333, -122.377072563 37.730015006, -122.377202613 37.730015828)","2026/05/23 10:19:56 AM","2026/05/23 10:48:09 AM"
"326","29018","4252000","Bernal Heights North","COLERIDGE ST","9","COSO AVE","POWERS AVE","Coleridge Street from Coso Avenue to Powers Avenue","Speed Bump","1","0","0","1900/01/01",,,"Complete","<Null>","<Null>","<Null>","LINESTRING (-122.418159371 37.746078014, -122.418401952 37.745734804)","2026/05/23 10:19:56 AM","2026/05/23 10:48:09 AM"
"327","29019","4253000","Bernal Heights","COLERIDGE ST","9","POWERS AVE","FAIR AVE","Coleridge Street from Powers Avenue to Fair Avenue","Speed Hump","1","7","2018","2018/07/01",,"Restoration After Paving (2807J)","Complete","<Null>","<Null>","<Null>","LINESTRING (-122.418401952 37.745734804, -122.418784785 37.745150766)","2026/05/23 10:19:56 AM","2026/05/23 10:48:09 AM"
"328","29025","4259000","Bernal Heights North","COLERIDGE ST","9","EUGENIA AVE","KINGSTON ST","Coleridge Street from Eugenia Avenue to Kingston Street","Speed Hump","1","0","0","1900/01/01",,,"Complete","<Null>","<Null>","<Null>","LINESTRING (-122.420979819 37.74175012, -122.421264137 37.741313722)","2026/05/23 10:19:56 AM","2026/05/23 10:48:09 AM"
"329","29029","4263000","St. Mary's Park","COLLEGE AVE","8, 9","SAINT MARYS AVE","CRESCENT AVE \ MISSION ST","College Avenue from Saint Marys Avenue to Crescent Avenue \ Mission Street","3-Lump Speed Cushion","2","10","2017","2017/10/01",,"SJA Side Streets","Complete","<Null>","<Null>","<Null>","LINESTRING (-122.427838803 37.734693899, -122.427103369 37.735457096, -122.424930534 37.735266286, -122.424702562 37.735369871)","2026/05/23 10:19:56 AM","2026/05/23 10:48:09 AM"
"330","29044","4274000","Jordan Park - Laurel Heights","COLLINS ST","2","MAYFAIR DR","EUCLID AVE","Collins Street from Mayfair Drive to Euclid Avenue","3-Lump Speed Cushion","2","3","2023","2023/03/01","FY 2017-2018","App-Based","Complete","<Null>","<Null>","<Null>","LINESTRING (-122.450391251 37.786083137, -122.450283639 37.78557748, -122.450178391 37.784914847, -122.450135686 37.784480902)","2026/05/23 10:19:56 AM","2026/05/23 10:48:09 AM"
"331","29046","4276000","Lone Mountain","COLLINS ST","2","GEARY BLVD","ANZA ST","Collins Street from Geary Boulevard to Anza Street","Speed Hump","1","1","2022","2022/01/01","FY 2019-2020","App-Based","Complete","<Null>","<Null>","<Null>","LINESTRING (-122.450092302 37.782116603, -122.449817447 37.780752006)","2026/05/23 10:19:56 AM","2026/05/23 10:48:09 AM"
"332","29499","3833000","Cayuga","CAYUGA AVE","11","VALERTON CT","ONONDOGA AVE","Cayuga Avenue from Valerton Court to Onondaga Avenue","Speed Hump","1","4","2017","2017/04/01","FY 2015-2016","App-Based","Complete","<Null>","<Null>","<Null>","LINESTRING (-122.439350073 37.722733433, -122.439764643 37.722069003)","2026/05/23 10:19:56 AM","2026/05/23 10:48:09 AM"
"333","29500","3834000","Cayuga","CAYUGA AVE","11","ONONDAGA AVE","BALHI CT","Cayuga Avenue from Onondaga Avenue to Balhi Court","Speed Hump","1","1","2020","2020/01/01","FY 2018-2019","D11 NTIP","Complete","<Null>","<Null>","<Null>","LINESTRING (-122.439764643 37.722069003, -122.440109243 37.721516702)","2026/05/23 10:19:56 AM","2026/05/23 10:48:09 AM"
"334","29502","3836000","Cayuga","CAYUGA AVE","11","ONEIDA AVE","SUNBEAM LN","Cayuga Avenue from Oneida Avenue to Sunbeam Lane","Speed Hump","1","6","2020","2020/06/01","FY 2018-2019","D11 NTIP","Complete","<Null>","<Null>","<Null>","LINESTRING (-122.440472919 37.720933816, -122.440701317 37.720567746, -122.440947061 37.720184353)","2026/05/23 10:19:56 AM","2026/05/23 10:48:09 AM"
"335","29507","3841000","Outer Mission","CAYUGA AVE","11","GENEVA AVE","SEMINOLE AVE","Cayuga Avenue from Geneva Avenue to Seminole Avenue","Speed Hump","1","1","2016","2016/01/01",,,"Complete","<Null>","<Null>","<Null>","LINESTRING (-122.443696073 37.718928673, -122.444190955 37.718470082)","2026/05/23 10:19:56 AM","2026/05/23 10:48:09 AM"
"336","29510","3760201","Hunters Point","CASHMERE ST","10","END","HUDSON AVE","Cashmere Street from End to Hudson Avenue","Speed Bump","1","0","0","1900/01/01",,,"Complete","<Null>","<Null>","<Null>","LINESTRING (-122.382044001 37.735625315, -122.382100674 37.735698613, -122.382565802 37.735814602, -122.382951345 37.735858152, -122.383253358 37.735874936, -122.383330884 37.735870511, -122.383425445 37.735803254)","2026/05/23 10:19:56 AM","2026/05/23 10:48:09 AM"
"338","29533","3779000","Telegraph Hill","CASTLE ST","3","GREEN ST","UNION ST","Castle Street from Green Street to Union Street","Speed Hump","1","4","2008","2008/04/01","FY 2007-2008","Site Specific","Complete","<Null>","<Null>","<Null>","LINESTRING (-122.40505102 37.800000815, -122.405240046 37.800933743)","2026/05/23 10:19:56 AM","2026/05/23 10:48:09 AM"
"339","30293","3050000","Golden Gate Park","BOWLING GREEN DR","7","NANCY PELOSI DR","MARTIN LUTHER KING JR ST","Bowling Green Drive from Nancy Pelosi Drive to Martin Luther King Jr Street","Raised Crosswalk","1","9","2018","2018/09/01",,"Golden Gate Park Traffic Safety","Complete","<Null>","<Null>","<Null>","LINESTRING (-122.460107592 37.77039935, -122.460272871 37.770216658, -122.460319067 37.77011357, -122.460336825 37.769943916, -122.460340968 37.769763905, -122.460296496 37.769595287, -122.460157577 37.769441623, -122.459915905 37.769282353, -122.459497186 37.769012978, -122.459441457 37.768900858, -122.459453307 37.768749933, -122.459526798 37.768535179, -122.459652593 37.768302809, -122.459790925 37.768145593, -122.46026725 37.767798533, -122.460676842 37.767448811)","2026/05/23 10:19:56 AM","2026/05/23 10:48:09 AM"
"341","30330","3006000","Holly Park","BOCANA ST","9","CORTLAND AVE","ELLERT ST","Bocana Street from Cortland Avenue to Ellert Street","Speed Hump","2","6","2022","2022/06/01",,"Restoration after VL Sewer #3","Complete","<Null>","<Null>","<Null>","LINESTRING (-122.418584376 37.73929728, -122.419073323 37.73853769)","2026/05/23 10:19:56 AM","2026/05/23 10:48:09 AM"
"342","29067","4211000","Noe Valley","CLIPPER ST","8","DOLORES ST","CHURCH ST","Clipper Street from Dolores Street to Church Street","3-Lump Speed Cushion","2","<Null>","<Null>",,"FY 2015-2016","App-Based","Pending construction","TBD","Completion","TBD","LINESTRING (-122.424922999 37.749434902, -122.427200038 37.749295721)","2026/05/23 10:19:56 AM","2026/05/23 10:48:09 AM"
"343","29068","4212000","Noe Valley","CLIPPER ST","8","CHURCH ST","SANCHEZ ST","Clipper Street from Church Street to Sanchez Street","3-Lump Speed Cushion","2","2","2022","2022/02/01","FY 2015-2016","App-Based","Complete","<Null>","<Null>","<Null>","LINESTRING (-122.427200038 37.749295721, -122.429422762 37.749157853)","2026/05/23 10:19:56 AM","2026/05/23 10:48:09 AM"
"344","29070","4215000","Noe Valley","CLIPPER ST","8","CASTRO ST","DIAMOND ST","Clipper Street from Castro Street to Diamond Street","3-Lump Speed Cushion","2","5","2020","2020/05/01",,"2500J Restoration of FY15 App-Based after Restoration","Complete","<Null>","<Null>","<Null>","LINESTRING (-122.433851103 37.748895972, -122.436067173 37.748762035)","2026/05/23 10:19:56 AM","2026/05/23 10:48:09 AM"
"348","29570","3733000","Hunters Point","CARROLL AVE","10","ARELIOUS WALKER DR","GIANTS DR","Carroll Avenue from Arelious Walker Drive to Giants Drive","3-Lump Speed Cushion","1","6","2023","2023/06/01","FY 2020-2021","App-Based","Complete",,,"<Null>","LINESTRING (-122.384085871 37.719667249, -122.384216605 37.719808303, -122.385869068 37.720746313)","2026/05/23 10:19:56 AM","2026/05/23 10:48:09 AM"
"351","29575","3738000","Bayview District","CARROLL AVE","10","03RD ST","KEITH ST","Carroll Avenue from 3rd Street to Keith Street","3-Lump Speed Cushion","2","7","2023","2023/07/01","FY 2021-2022","App-Based",,"<Null>","<Null>","<Null>","LINESTRING (-122.393358761 37.724973571, -122.394243493 37.72547565)","2026/05/23 10:19:56 AM","2026/05/23 10:48:09 AM"
"352","30331","3007000","Bernal Heights South","BOCANA ST","9","ELLERT ST","HOLLY PARK CIR","Bocana Street from Ellert Street to Holly Park Circle","Speed Hump","1","0","0","1900/01/01",,,"Complete","<Null>","<Null>","<Null>","LINESTRING (-122.419073323 37.73853769, -122.419302494 37.73818196)","2026/05/23 10:19:56 AM","2026/05/23 10:48:09 AM"
"353","30350","3025201","Mission Terrace","LYELL ST","8, 11","STILL ST","BOSWORTH ST","Lyell Street from Streetill Street to Bosworth Street","5-Lump Speed Cushion","1","3","2021","2021/03/01","<Null>","D8 Safe Streets","Complete","<Null>","<Null>","<Null>","LINESTRING (-122.431390306 37.731737131, -122.431594974 37.731804781, -122.431688525 37.731875224, -122.431833858 37.732437282, -122.431956599 37.732993565)","2026/05/23 10:19:56 AM","2026/05/23 10:48:09 AM"
"354","30370","2958000","Hunters Point","BERTHA LN","10","HARBOR RD","HUDSON AVE","Bertha Lane  from Harbor Rd to Hudson Avenue","Speed Bump","1","0","0","1900/01/01",,,"Complete","<Null>","<Null>","<Null>","LINESTRING (-122.381284181 37.734033853, -122.381440327 37.733888653, -122.381475852 37.733713667, -122.381294698 37.733462859, -122.381018151 37.733236566, -122.380660009 37.732983956, -122.380185611 37.732660002, -122.380132981 37.732553812, -122.380184589 37.732422174)","2026/05/23 10:19:56 AM","2026/05/23 10:48:09 AM"
"355","29125","4178000","Outer Richmond","CLEMENT ST","1","28TH AVE","29TH AVE","Clement Street from 28th Avenue to 29th Avenue","3-Lump Speed Cushion","1","7","2023","2023/07/01","FY 2020-2021","App-Based","Complete",,,"<Null>","LINESTRING (-122.488085019 37.7818745, -122.489156973 37.781825014)","2026/05/23 10:19:56 AM","2026/05/23 10:48:09 AM"
"356","29133","4186000","Outer Richmond","CLEMENT ST","1","36TH AVE","38TH AVE","Clement Street from 36th Avenue to 38th Avenue","Speed Hump","1","0","2014","2014/01/01","FY 2013-2014","Site Specific","Complete","<Null>","<Null>","<Null>","LINESTRING (-122.496659885 37.781477294, -122.498801334 37.781377192)","2026/05/23 10:19:56 AM","2026/05/23 10:48:09 AM"
"357","29134","4187000","Outer Richmond","CLEMENT ST","1","38TH AVE","39TH AVE","Clement Street from 38th Avenue to 39th Avenue","Speed Hump","1","0","2014","2014/01/01","FY 2013-2014","Site Specific","Complete","<Null>","<Null>","<Null>","LINESTRING (-122.498801334 37.781377192, -122.499870571 37.781327196)","2026/05/23 10:19:56 AM","2026/05/23 10:48:09 AM"
"358","29135","4188000","Outer Richmond","CLEMENT ST","1","39TH AVE","40TH AVE","Clement Street from 39th Avenue to 40th Avenue","Speed Hump","1","0","2014","2014/01/01","FY 2013-2014","Site Specific","Complete","<Null>","<Null>","<Null>","LINESTRING (-122.499870571 37.781327196, -122.500945051 37.781276945)","2026/05/23 10:19:56 AM","2026/05/23 10:48:09 AM"
"359","29597","3760101","Hunters Point","CASHMERE ST","10","END","HUDSON AVE","Cashmere Street from End to Hudson Avenue","Speed Bump","1","0","0","1900/01/01",,,"Complete","<Null>","<Null>","<Null>","LINESTRING (-122.382044001 37.735625315, -122.382125227 37.735573592, -122.382564835 37.735691198, -122.382944031 37.735739992, -122.383250993 37.735757923, -122.383320335 37.735753905, -122.383425445 37.735803254)","2026/05/23 10:19:56 AM","2026/05/23 10:48:09 AM"
"360","29601","3680000","Mission District","CAPP ST","9","23RD ST","24TH ST","Capp Street from 23rd Street to 24th Street","Speed Hump","2","6","2020","2020/06/01","FY 2017-2018","App-Based","Complete","<Null>","<Null>","<Null>","LINESTRING (-122.417505901 37.753902053, -122.417357817 37.752305979)","2026/05/23 10:19:56 AM","2026/05/23 10:48:09 AM"
"361","29602","3681000","Mission District","CAPP ST","9","24TH ST","25TH ST","Capp Street from 24th Street to 25th Street","Speed Hump","2","6","2020","2020/06/01","FY 2017-2018","App-Based","Complete","<Null>","<Null>","<Null>","LINESTRING (-122.417357817 37.752305979, -122.417200906 37.750705184)","2026/05/23 10:19:56 AM","2026/05/23 10:48:09 AM"
"362","30381","2969000","Merced Heights","BEVERLY ST","7, 11","GARFIELD ST","HOLLOWAY AVE","Beverly Street from Garfield Street to Holloway Avenue","Speed Hump","1","0","2014","2014/01/01","FY 2011-2012","TC Implementation","Complete","<Null>","<Null>","<Null>","LINESTRING (-122.471652114 37.719640203, -122.471673585 37.721631204)","2026/05/23 10:19:56 AM","2026/05/23 10:48:09 AM"
"365","30401","2989000","Little Hollywood","BLANKEN AVE","10","PENINSULA AVE","TOCOLOMA AVE","Blanken Avenue from Peninsula Avenue to Tocoloma Avenue","4-Lump Speed Cushion","1","<Null>","<Null>",,"FY 2021-2022","App-Based","Pending construction","TBD","Completion","TBD","LINESTRING (-122.399064451 37.711608932, -122.398204457 37.711404255)","2026/05/23 10:19:56 AM","2026/05/23 10:48:09 AM"
"366","30402","2990000","Little Hollywood","BLANKEN AVE","10","TOCOLOMA AVE","NUEVA AVE","Blanken Avenue from Tocoloma Avenue to Nueva Avenue","4-Lump Speed Cushion","1","<Null>","<Null>",,"FY 2021-2022","App-Based","Pending construction","TBD","Completion","TBD","LINESTRING (-122.398204457 37.711404255, -122.397343719 37.711199395)","2026/05/23 10:19:56 AM","2026/05/23 10:48:09 AM"
"367","30403","2991000","Little Hollywood","BLANKEN AVE","10","NUEVA AVE","GILLETTE AVE","Blanken Avenue from Nueva Avenue to Gillette Avenue","4-Lump Speed Cushion","1","<Null>","<Null>",,"FY 2021-2022","App-Based","Pending construction","TBD","Completion","TBD","LINESTRING (-122.397343719 37.711199395, -122.396481391 37.710994148)","2026/05/23 10:19:56 AM","2026/05/23 10:48:09 AM"
"368","30419","2927000","St. Mary's Park","BENTON AVE","9","GENEBERN WAY","COLLEGE AVE","Benton Avenue from Genebern Way to College Avenue","Speed Table","1","<Null>","<Null>",,"FY 2021-2022","App-Based","Pending construction","TBD","Completion","TBD","LINESTRING (-122.425153951 37.732839774, -122.424530154 37.732834313, -122.423785039 37.732866901, -122.423585288 37.732889649)","2026/05/23 10:19:56 AM","2026/05/23 10:48:09 AM"
"371","29171","4133000","Haight Ashbury","CLAYTON ST","5, 8","WALLER ST","FREDERICK ST","Clayton Street from Waller Street to Frederick Street","Speed Hump","2","3","2021","2021/03/01","<Null>","D5 NTIP","Complete","<Null>","<Null>","<Null>","LINESTRING (-122.448389686 37.76886463, -122.448013161 37.767006681)","2026/05/23 10:19:56 AM","2026/05/23 10:48:09 AM"
"372","29172","4134000","Cole Valley","CLAYTON ST","8","FREDERICK ST","CARL ST","Clayton Street from Frederick Street to Carl Street","5-Lump Speed Cushion","1","12","2020","2020/12/01","FY 2018-2019","D5 NTIP","Complete","<Null>","<Null>","<Null>","LINESTRING (-122.448013161 37.767006681, -122.447823792 37.766072215)","2026/05/23 10:19:56 AM","2026/05/23 10:48:09 AM"
"373","29173","4135000","Cole Valley","CLAYTON ST","8","CARL ST","PARNASSUS ST","Clayton Street from Carl Street to Parnassus Street","5-Lump Speed Cushion","1","12","2020","2020/12/01","FY 2018-2019","D5 NTIP","Complete","<Null>","<Null>","<Null>","LINESTRING (-122.447823792 37.766072215, -122.447634629 37.765138734)","2026/05/23 10:19:56 AM","2026/05/23 10:48:09 AM"
"374","29174","4136000","Parnassus - Ashbury Heights","CLAYTON ST","8","PARNASSUS AVE","ASHBURY ST","Clayton Street from Parnassus Avenue to Ashbury Street","Edgeline","0","0","0","1900/01/01","FY 2011-2012","Early Implementation","Complete","<Null>","<Null>","<Null>","LINESTRING (-122.447634629 37.765138734, -122.447566091 37.764800512, -122.447305208 37.764256389, -122.446994343 37.762722235)","2026/05/23 10:19:56 AM","2026/05/23 10:48:09 AM"
"375",,"4145000","Lakeshore","CLEARFIELD DR","4","SLOAT BLVD/34TH AVE","OCEAN AVE","Clearfield Drive from Sloat Boulevard/34th Avenue to Ocean Avenue","3-Lump Speed Cushion","2","8","2023","2023/08/01","FY 2020-2021","App-Based","Complete",,,"<Null>","LINESTRING (-122.491559899 37.733781455, -122.49143643 37.732010206)","2026/05/23 10:19:56 AM","2026/05/23 10:48:09 AM"
"376","29184","4146000","Lakeshore","CLEARFIELD DR","4","OCEAN AVE","EUCALYTPUS DR","Clearfield Drive from Ocean Avenue to Eucalyptus Drive","3-Lump Speed Cushion","1","12","2025","2025/12/01","FY 2021-2022","App-Based","Complete",,,,"LINESTRING (-122.49143643 37.732010206, -122.491345356 37.73070362)","2026/05/23 10:19:56 AM","2026/05/23 10:48:09 AM"
"377","29185","4147000","Lakeshore","CLEARFIELD DR","4","EUCALYPTUS DR","GELLERT DR","Clearfield Drive from Eucalyptus Drive to Gellert Drive","3-Lump Speed Cushion","1","12","2025","2025/12/01","FY 2021-2022","App-Based","Complete",,,,"LINESTRING (-122.491345356 37.73070362, -122.491313325 37.730417005, -122.491171707 37.730134151, -122.490977863 37.729924622, -122.490797923 37.729807672, -122.490761325 37.729745434)","2026/05/23 10:19:56 AM","2026/05/23 10:48:09 AM"
"378","29195","4072000","Forest Knolls","CLARENDON AVE","7","OAK PARK DR","PANORAMA DR","Clarendon Avenue from Oak Park Drive to Panorama Drive","Speed Radar Sign","1","7","2016","2016/07/01",,,"Complete","<Null>","<Null>","<Null>","LINESTRING (-122.455052389 37.755116289, -122.455125351 37.754876137, -122.45517532 37.754337097, -122.455236003 37.754205174, -122.455399455 37.753973359, -122.455537383 37.753774435)","2026/05/23 10:19:56 AM","2026/05/23 10:48:09 AM"
"379","30495","2916000","Fairmount","BEMIS ST","8","MIGUEL ST","ADDISON ST","Bemis Street from Miguel Street to Addison Street","Speed Table","1","<Null>","<Null>",,"FY 2021-2022","App-Based","Pending construction","TBD","Completion","TBD","LINESTRING (-122.429496325 37.737823827, -122.430071679 37.737449312)","2026/05/23 10:19:56 AM","2026/05/23 10:48:09 AM"
"380","30496","2917000","Fairmount","BEMIS ST","8","MATEO ST","ROANOKE ST","Bemis Street from Mateo Street to Roanoke Street","Speed Table","1","<Null>","<Null>",,"FY 2021-2022","App-Based","Pending construction","TBD","Completion","TBD","LINESTRING (-122.430071679 37.737449312, -122.431348921 37.736617894)","2026/05/23 10:19:56 AM","2026/05/23 10:48:09 AM"
"381","30501","2833000","Silver Terrace","BAY VIEW ST","10","NEWHALL ST","FLORA ST","Bayview Street from Newhall Street to Flora Street","<Null>","<Null>","<Null>","<Null>",,"FY 2020-2021","App-Based","Pending construction","TBD","Completion","TBD","LINESTRING (-122.394127094 37.732743244, -122.394321818 37.732771346, -122.394678075 37.732918143)","2026/05/23 10:19:56 AM","2026/05/23 10:48:09 AM"
"384","30524","2856000","Marina","BEACH ST","2","SCOTT ST","DIVISADERO ST","Beach Street from Scott Street to Divisadero Street","3-Lump Speed Cushion","1","8","2021","2021/08/01","FY 2018-2019","App-Based","Complete","<Null>","<Null>","<Null>","LINESTRING (-122.441939611 37.803916528, -122.443602518 37.803704937)","2026/05/23 10:19:56 AM","2026/05/23 10:48:09 AM"
"386","29698","3597000","Lake","CALIFORNIA ST","1","MASON ST","POWELL ST","Chestnut Street from Mason Street to Powell Street","Speed Hump","2","1","2022","2022/01/01","FY 2019-2020","App-Based","Complete","<Null>","<Null>","<Null>","LINESTRING (-122.479650918 37.784125355, -122.480725307 37.784076608)","2026/05/23 10:19:56 AM","2026/05/23 10:48:09 AM"
"387","29721","3620000","University Mound","CAMBRIDGE ST","9","SWEENY ST","SILVER AVE","Cambridge Street from Sweeny Street to Silver Avenue","3-Lump Speed Cushion","2","12","2025","2025/12/01","FY 2021-2022","App-Based","Complete",,,,"LINESTRING (-122.419373452 37.730430034, -122.419535687 37.729129198, -122.419486477 37.729046445)","2026/05/23 10:19:56 AM","2026/05/23 10:48:09 AM"
"388","29723","3622000","Portola","CAMBRIDGE ST","11","PIOCHE ST","SILLIMAN ST","Cambridge Street from Pioche Street to Silliman Street","Speed Table","2","<Null>","<Null>",,"FY 2024-2025","FY 2025 D11 NTIP","Pending design review and approval","Jul - June 2023","Pending construction","Jul - Dec 2024","LINESTRING (-122.419388442 37.72880909, -122.418900052 37.727626622)","2026/05/23 10:19:56 AM","2026/05/23 10:48:09 AM"
"389","29724","3623000","University Mound","CAMBRIDGE ST","9","SILLIMAN ST","FELTON ST","Cambridge Street from Silliman Street to Felton Street","Speed Table","2","12","2025","2025/12/01","FY 2021-2022","App-Based","Complete",,,,"LINESTRING (-122.418900052 37.727626622, -122.418403941 37.726425419)","2026/05/23 10:19:56 AM","2026/05/23 10:48:09 AM"
"390","29725","3624000","University Mound","CAMBRIDGE ST","9","FELTON ST","BURROWS ST","Cambridge Street from Felton Street to Burrows Street","Speed Cushion","2","9","2023","2023/09/01","FY 2020-2021","App-Based","Complete",,,"<Null>","LINESTRING (-122.418403941 37.726425419, -122.417906413 37.725220742)","2026/05/23 10:19:56 AM","2026/05/23 10:48:09 AM"
"391","29726","3625000","University Mound","CAMBRIDGE ST","9","BURROWS ST","BACON ST","Cambridge Street from Burrows Street to Bacon Street","Speed Hump","1","9","2023","2023/09/01","FY 2020-2021","App-Based","Complete",,,"<Null>","LINESTRING (-122.417906413 37.725220742, -122.417409045 37.72401641)","2026/05/23 10:19:56 AM","2026/05/23 10:48:09 AM"
"392","29727","3626000","University Mound","CAMBRIDGE ST","9","BACON ST","WAYLAnd ST","Cambridge Street from Bacon Street to Wayland Street","3-Lump Speed Cushion","2","<Null>","<Null>",,"FY 2021-2022","App-Based","Pending construction","TBD","Completion","TBD","LINESTRING (-122.417409045 37.72401641, -122.41691725 37.722824848)","2026/05/23 10:19:56 AM","2026/05/23 10:48:09 AM"
"393","29734","3633000",,"CAMERON WAY","10","NICHOLS WAY","DOUBLE ROCK ST","Cameron Way from Nichols Way to Double Rock Street","Speed Hump","1","0","0","1900/01/01","Pilot","Areawide Pilot","Complete","<Null>","<Null>","<Null>","LINESTRING (-122.386243138 37.720357025, -122.387541941 37.721107139, -122.387693839 37.7210976, -122.388055818 37.720692805)","2026/05/23 10:19:56 AM","2026/05/23 10:48:09 AM"
"394","29735","3634000",,"CAMERON WAY","10","DOUBLE ROCK ST","NICHOLS WY","Cameron Way from Double Rock Street to Nichols Way","Speed Bump","1","0","0","1900/01/01","Pilot","Areawide","Complete","<Null>","<Null>","<Null>","LINESTRING (-122.388055818 37.720692805, -122.388564055 37.720124445)","2026/05/23 10:19:56 AM","2026/05/23 10:48:09 AM"
"395","30642","2743000","The Mission","BARTLETT ST","9","22ND ST","23RD ST","Bartlett Street from 22nd Street to 23rd Street","Speed Hump","2","4","2017","2017/04/01","FY 2015-2016","App-Based","Complete","<Null>","<Null>","<Null>","LINESTRING (-122.419857943 37.75536573, -122.419705448 37.753769701)","2026/05/23 10:19:56 AM","2026/05/23 10:48:09 AM"
"396","30643","2744000","Mission District","BARTLETT ST","9","23RD ST","24TH ST","Bartlett Street from 23rd Street to 24th Street","Speed Hump","1","3","2020","2020/03/01",,"Schools Engineering","Complete","<Null>","<Null>","<Null>","LINESTRING (-122.419705448 37.753769701, -122.419557366 37.752171412)","2026/05/23 10:19:56 AM","2026/05/23 10:48:09 AM"
"397","28520","4796000","Buena Vista","DIVISADERO ST","8","14TH ST","DUBOCE AVE","Divisadero Street from 14th Street to Duboce Avenue","Speed Hump","2","5","2022","2022/05/01","FY 2019-2020","App-Based","Complete","<Null>","<Null>","<Null>","LINESTRING (-122.436478247 37.767274663, -122.43662522 37.768918978, -122.436588267 37.769000802)","2026/05/23 10:19:56 AM","2026/05/23 10:48:09 AM"
"398","29258","4044000","Sunnyside","CIRCULAR AVE","7","I-280 N ON RAMP \ I-280 S OFF RAMP \ MONTEREY Boulevard","HEARST AVE","Circular Avenue from I-280 N On Ramp \ I-280 S Off Ramp \ Monterey Boulevard to Hearst Avenue","4-Lump Speed Cushion","1","9","2007","2007/09/01","FY 2007-2008","Areawide","Complete","<Null>","<Null>","<Null>","LINESTRING (-122.436678949 37.731538395, -122.436835968 37.731467213, -122.437166749 37.731365897, -122.438692929 37.730737998)","2026/05/23 10:19:56 AM","2026/05/23 10:48:09 AM"
"399","29260","4046000","Sunnyside","CIRCULAR AVE","7","BADEN ST","FLOOD AVE","Circular Avenue from Baden Street to Flood Avenue","Speed Hump","1","6","2007","2007/06/01","FY 2007-2008","Areawide","Complete","<Null>","<Null>","<Null>","LINESTRING (-122.439686066 37.730325721, -122.440664991 37.72991933)","2026/05/23 10:19:56 AM","2026/05/23 10:48:09 AM"
"400","29262","4048000","Sunnyside","CIRCULAR AVE","7","CONGO ST","STAPLES AVE","Circular Avenue from Congo Street to Streetaples Avenue","Speed Hump","1","6","2007","2007/06/01","FY 2007-2008","Areawide","Complete","<Null>","<Null>","<Null>","LINESTRING (-122.442006614 37.729375268, -122.442082957 37.729308364, -122.442595297 37.729101681)","2026/05/23 10:19:56 AM","2026/05/23 10:48:09 AM"
"401","29271","4057000","Financial District South","CLARA ST","6","04TH ST","HULBERT ALY","Clara Street from 4th Street to Hulbert Alley","Speed Hump","1","11","2005","2005/11/01","FY 2004-2005","Site Specific","Complete","<Null>","<Null>","<Null>","LINESTRING (-122.400149637 37.78121752, -122.402065658 37.779704904)","2026/05/23 10:19:56 AM","2026/05/23 10:48:09 AM"
"402","29272","4058000","Financial District South","CLARA ST","6","HULBERT ALY","05TH ST","Clara Street from Hulbert Alley to 5th Street","Speed Hump","1","11","2005","2005/11/01","FY 2004-2005","Site Specific","Complete","<Null>","<Null>","<Null>","LINESTRING (-122.402065658 37.779704904, -122.402377492 37.779458716)","2026/05/23 10:19:56 AM","2026/05/23 10:48:09 AM"
"403","29278","4064000","West Portal","CLAREMONT BLVD","7","DORCHESTER WY","ULLOA ST","Claremont Boulevard from Dorchester Way to Ulloa Street","5-Lump Speed Cushion","2","4","2021","2021/04/01","FY 2019-2020","D7 Participatory Budgeting","Complete","<Null>","<Null>","<Null>","LINESTRING (-122.464302349 37.741625425, -122.464629214 37.741270987, -122.464783622 37.741076538, -122.464941544 37.740832142, -122.465036131 37.740650898)","2026/05/23 10:19:56 AM","2026/05/23 10:48:09 AM"
"404","28539","4738000","Eureka Valley - Dolores Height","DIAMOND ST","8","18TH ST","19TH ST","Diamond Street from 18th Street to 19th Street","Speed Hump","1","4","2015","2015/04/01","FY 2013-2014","App-Based","Complete","<Null>","<Null>","<Null>","LINESTRING (-122.437190627 37.760758108, -122.437038509 37.759157424)","2026/05/23 10:19:56 AM","2026/05/23 10:48:09 AM"
"405","28540","4739000","Eureka Valley","DIAMOND ST","8","19TH ST","20TH ST","Diamond Street from 19th Street to 20th Street","3-Lump Speed Cushion","2","11","2018","2018/11/01","FY 2016-2017","App-Based","Complete","<Null>","<Null>","<Null>","LINESTRING (-122.437038509 37.759157424, -122.436886397 37.757556738)","2026/05/23 10:19:56 AM","2026/05/23 10:48:09 AM"
"407","28542","4741000","Eureka Valley","DIAMOND ST","8","21ST ST","22ND ST","Diamond Street from 21St Street to 22nd Street","3-Lump Speed Cushion","2","<Null>","<Null>",,"FY 2021-2022","App-Based","Pending construction","TBD","Completion","TBD","LINESTRING (-122.436743608 37.755965801, -122.436599814 37.754358704)","2026/05/23 10:19:56 AM","2026/05/23 10:48:09 AM"
"408","28573","4681000","Outer Mission","DELANO AVE","11","GENEVA AVE","SEMINOLE AVE","Delano Avenue from Geneva Avenue to Seminole Avenue","Speed Hump","1","2","2016","2016/02/01",,,"Complete","<Null>","<Null>","<Null>","LINESTRING (-122.445127872 37.720086704, -122.445484704 37.719512206)","2026/05/23 10:19:56 AM","2026/05/23 10:48:09 AM"
"409","29304","3999000","Forest Knolls","CHRISTOPHER DR","7","OAK PARK DR","CRESTMOST DR","Christopher Drive from Oak Park Drive to Crestmost Drive","Speed Table","1","12","2025","2025/12/01","FY 2021-2022","App-Based","Complete",,,,"LINESTRING (-122.457352578 37.755688701, -122.457618679 37.755080929, -122.457798828 37.754872984, -122.457903918 37.754777303, -122.458068166 37.754680638, -122.458286418 37.754618848)","2026/05/23 10:19:56 AM","2026/05/23 10:48:09 AM"
"410","29305","4000000","Forest Knolls","CHRISTOPHER DR","7","OAK PARK DR","CRESTMOST DR","Christopher Drive from Oak Park Drive to Crestmost Drive","Speed Table","1","<Null>","<Null>",,"FY 2021-2022","App-Based","Complete",,,,"LINESTRING (-122.458286418 37.754618848, -122.458604014 37.754597012, -122.458913652 37.75460681, -122.459079419 37.754567761, -122.459196219 37.754508177, -122.459620209 37.754159684)","2026/05/23 10:19:56 AM","2026/05/23 10:48:09 AM"
"413","29327","4022000","Dolores Heights","CHURCH ST","8","21ST ST","HILL ST","Church Street from 21St Street to Hill Street","5-Lump Speed Cushion","1","6","2020","2020/06/01",,"2807J Restoration after Paving","Obsolete","<Null>","<Null>","<Null>","LINESTRING (-122.427891609 37.756494074, -122.427813058 37.75569022)","2026/05/23 10:19:56 AM","2026/05/23 10:48:09 AM"
"414","29328","4023000","Dolores Heights","CHURCH ST","8","HILL ST","22ND ST","Church Street from Hill Street to 22nd Street","5-Lump Speed Cushion","1","6","2020","2020/06/01",,"2807J Restoration after Paving","Obsolete","<Null>","<Null>","<Null>","LINESTRING (-122.427813058 37.75569022, -122.42773556 37.75489672)","2026/05/23 10:19:56 AM","2026/05/23 10:48:09 AM"
"415","29803","3518099","Oceanview","CAINE AVE","11","LAKEVIEW AVE","LOBOS AVE","Caine Avenue from Lakeview Avenue to Lobos Avenue","3-Lump Speed Cushion","2","8","2023","2023/08/01","FY 2020-2021","App-Based","Complete",,,"<Null>","LINESTRING (-122.451155394 37.716583221, -122.451284263 37.71642545, -122.451290416 37.716383669, -122.452474226 37.714982781)","2026/05/23 10:19:56 AM","2026/05/23 10:48:09 AM"
"416","30527","2859000","Merced Manor","BEACHMONT DR","7","SLOAT BLVD","LAGUNITAS DR","Beachmont Drive from Sloat Boulevard to Lagunitas Drive","3-Lump Speed Cushion","2","10","2023","2023/10/01","<Null>","FY20 D7 PB","Complete","<Null>","<Null>","<Null>","LINESTRING (-122.474118906 37.734568247, -122.473972613 37.732423336)","2026/05/23 10:19:56 AM","2026/05/23 10:48:09 AM"
"417","30529","2861000","Glen Park","BEACON ST","8","MIGUEL ST","HARRY ST","Beacon Street from Miguel Street to Harry Street","Speed Hump","1","3","2016","2016/03/01","FY 2004-2005","Site Specific","Complete","<Null>","<Null>","<Null>","LINESTRING (-122.431174626 37.739152518, -122.431308282 37.739277897, -122.431759155 37.739803042)","2026/05/23 10:19:56 AM","2026/05/23 10:48:09 AM"
"418","30530","2862000","Glen Park","BEACON ST","8","HARRY ST","DIAMOND ST","Beacon Street from Harry Street to Diamond Street","Speed Hump","3","3","2016","2016/03/01","FY 2004-2005","Site Specific","Complete","<Null>","<Null>","<Null>","LINESTRING (-122.431759155 37.739803042, -122.432471892 37.740582502, -122.4327243 37.740765362, -122.432935919 37.740837887, -122.43397903 37.741150087, -122.434210764 37.741294658, -122.434408111 37.741519406, -122.434742648 37.742075897, -122.435038362 37.742470275, -122.435202128 37.742595648, -122.435508936 37.742592487)","2026/05/23 10:19:56 AM","2026/05/23 10:48:09 AM"
"419","30540","2872000","Lone Mountain","BEAUMONT AVE","2","ANZA AVE","GEARY BLVD","Beaumont Avenue from Anza Avenue to Geary Boulevard","3-Lump Speed Cushion","1","12","2025","2025/12/01","FY 2021-2022","App-Based","Complete",,,,"LINESTRING (-122.455280749 37.781458661, -122.455017309 37.780174974, -122.45481823 37.780116946)","2026/05/23 10:19:56 AM","2026/05/23 10:48:09 AM"
"420","30543","2875000","Duboce Triangle","BEAVER ST","8","CASTRO ST","NOE ST","Beaver Street from Castro Street to Noe Street","Speed Hump","2","5","2022","2022/05/01","FY 2019-2020","App-Based","Complete","<Null>","<Null>","<Null>","LINESTRING (-122.433178635 37.765060652, -122.435395726 37.76492646)","2026/05/23 10:19:56 AM","2026/05/23 10:48:09 AM"
"421","28592","4700000","Visitacion Valley","DELTA ST","10","HAMILTON ST","HARKNESS AVE","Delta Street from Hamilton Street to Harkness Avenue","Speed Bump","1","0","0","1900/01/01",,,"Complete","<Null>","<Null>","<Null>","LINESTRING (-122.406665217 37.719214804, -122.406982045 37.71848475)","2026/05/23 10:19:56 AM","2026/05/23 10:48:09 AM"
"422","28605","4713000","Corona Heights","DEMING ST","8","URANUS TERR","CLAYTON ST","Deming Street from Uranus Terrace to Clayton Street","Speed Bump","0","0","0","1900/01/01",,,"Complete","<Null>","<Null>","<Null>","LINESTRING (-122.445309433 37.7604808, -122.446343474 37.760410698)","2026/05/23 10:19:56 AM","2026/05/23 10:48:09 AM"
"423","28616","4637000","Potrero Hill","DE HARO ST","10","22ND ST","23RD ST","De Haro Street from 22nd Street to 23rd Street","5-Lump Speed Cushion","1","3","2021","2021/03/01","FY 2019-2020","App-Based","Complete","<Null>","<Null>","<Null>","LINESTRING (-122.400869541 37.757184756, -122.400625682 37.754628716)","2026/05/23 10:19:56 AM","2026/05/23 10:48:09 AM"
"424","28624","4643000","Outer Mission","DE LONG ST","11","LIEBIG ST \ SAN JOSE AVE","RICE ST","De Long Street from Liebig Street \ San Jose Avenue to Rice Street","3-Lump Speed Cushion","2","2","2021","2021/02/01","FY 2017-2018","App-Based","Complete","<Null>","<Null>","<Null>","LINESTRING (-122.457670306 37.709539893, -122.457889058 37.709673982, -122.459125958 37.709665942)","2026/05/23 10:19:56 AM","2026/05/23 10:48:09 AM"
"425","29352","3957000","North Beach","CHESTNUT ST","3","MASON ST","POWELL ST","Chestnut Street from Mason Street to Powell Street","Speed Hump","2","1","2022","2022/01/01","FY 2019-2020","App-Based","Complete","<Null>","<Null>","<Null>","LINESTRING (-122.411581235 37.803963483, -122.412850387 37.803807171)","2026/05/23 10:19:56 AM","2026/05/23 10:48:09 AM"
"426","29399","3914000","Miraloma Park","CHAVES AVE","7","AGUA WY","DEL SUR AVE","Chaves Avenue from Agua Way to Del Sur Avenue","Speed Bump","1","0","0","1900/01/01","FY 2015-2016",,"Complete","<Null>","<Null>","<Null>","LINESTRING (-122.453728661 37.74220879, -122.453964039 37.74186427)","2026/05/23 10:19:56 AM","2026/05/23 10:48:09 AM"
"427","29839","3464000","Merced Heights","BYXBEE ST","11","SARGENT ST","SHIELDS ST","Byxbee Street from Sargent Street to Shields Street","Speed Hump","2","2","2021","2021/02/01","FY 2017-2018","App-Based","Obsolete","<Null>","<Null>","<Null>","LINESTRING (-122.469818028 37.716093496, -122.469837627 37.717888158)","2026/05/23 10:19:56 AM","2026/05/23 10:48:09 AM"
"428","29840","3465000","Ingleside","BYXBEE ST","11","SHIELDS ST","GARFIELD ST","Byxbee Street from Shields Street to Garfield Street","Speed Hump","2","<Null>","2021",,"FY 2017-2018","App-Based","Complete","<Null>","<Null>","<Null>","LINESTRING (-122.469837627 37.717888158, -122.469852257 37.719652233)","2026/05/23 10:19:56 AM","2026/05/23 10:48:09 AM"
"429","29859","3484000","Inner Richmond","CABRILLO ST","1","17TH AVE","18TH AVE","Cabrillo Street from 17th Avenue to 18th Avenue","Speed Hump","1","7","2020","2020/07/01","<Null>","Central Richmond Traffic Safety Project","Complete","<Null>","<Null>","<Null>","LINESTRING (-122.475750969 37.774828018, -122.476829556 37.774778827)","2026/05/23 10:19:56 AM","2026/05/23 10:48:09 AM"
"430","29874","3408000","Portola","BURROWS ST","9","GOETTINGEN ST","SOMERSET ST","Burrows Street from Goettingen Street to Somerset Street","Speed Hump","1","<Null>","2020",,"FY 2017-2018","App-Based","Complete","<Null>","<Null>","<Null>","LINESTRING (-122.407062356 37.728058598, -122.408051888 37.727799712)","2026/05/23 10:19:56 AM","2026/05/23 10:48:09 AM"
"431","30683","2696000","Forest Hills Extension","BALCETA AVE","7","LAGUNA HONDA BLVD","VASQUEZ AVE","Balceta Avenue from Laguna Honda Boulevard to Vasquez Avenue","Speed Hump","1","0","2014","2014/01/01","FY 2011-2012","Backlog","Complete","<Null>","<Null>","<Null>","LINESTRING (-122.457394357 37.745490389, -122.458656696 37.745710291)","2026/05/23 10:19:56 AM","2026/05/23 10:48:09 AM"
"432","30684","2697000","Hunters Point","BALDWIN CT","10","OAKDALE AVE","END","Baldwin Court from Oakdale Avenue to End","Speed Bump","1","0","0","1900/01/01",,,"Complete","<Null>","<Null>","<Null>","LINESTRING (-122.38139912 37.729488847, -122.381233546 37.729658132, -122.381119242 37.729698056, -122.380972144 37.729712878, -122.380569463 37.729639234, -122.380104364 37.729453581, -122.380038297 37.729358877)","2026/05/23 10:19:56 AM","2026/05/23 10:48:09 AM"
"433","30705","2718000","Bernal Heights","BANKS ST","9","JARBOE AVE","TOMPKINS AVE","Banks Street from Jarboe Avenue to Tompkins Avenue","Speed Hump","1","5","2017","2017/05/01","FY 2015-2016","App-Based","Complete","<Null>","<Null>","<Null>","LINESTRING (-122.412745984 37.738279198, -122.412857572 37.737034689)","2026/05/23 10:19:56 AM","2026/05/23 10:48:09 AM"
"434","28625","4644000","Outer Mission","DE LONG ST","11","RICE ST","CRYSTAL ST \ GOETHE ST \ RHINE ST","De Long Street from Rice Street to Crystal Street \ Goethe Street \ Rhine Street","3-Lump Speed Cushion","1","2","2021","2021/02/01","FY 2017-2018","App-Based","Complete","<Null>","<Null>","<Null>","LINESTRING (-122.459125958 37.709665942, -122.46042194 37.709657504, -122.4606129 37.709673494)","2026/05/23 10:19:56 AM","2026/05/23 10:48:09 AM"
"435","28635","4654000","Outer Mission","DE LONG ST","11","SANTA CRUZ AVE","SAN DIEGO AVE","De Long Street from Santa Cruz Avenue to San Diego Avenue","Speed Hump","1","2","2005","2005/02/01","FY 2004-2005","Site Specific","Complete","<Null>","<Null>","<Null>","LINESTRING (-122.465478744 37.709445737, -122.465976916 37.709179435, -122.466419245 37.708836999, -122.466594089 37.70866682)","2026/05/23 10:19:56 AM","2026/05/23 10:48:09 AM"
"436","28648","4667101","Bayview District","DEDMAN CT","10","CASHMERE ST \ WHITNEY YOUNG CIR","END","Dedman Court from Cashmere Street \ Whitney Young Circle to End","Speed Bump","1","0","0","1900/01/01",,,"Complete","<Null>","<Null>","<Null>","LINESTRING (-122.38571301 37.736601129, -122.385670804 37.736723032, -122.385607883 37.736792841, -122.385406511 37.736903065, -122.385058194 37.737007238, -122.38474502 37.737007106, -122.38440998 37.736911329, -122.38409014 37.736715568, -122.384084382 37.736652154)","2026/05/23 10:19:56 AM","2026/05/23 10:48:09 AM"
"437","28649","4667201","Bayview District","DEDMAN CT","10","CASHMERE ST \ WHITNEY YOUNG CIR","END","Dedman Court from Cashmere Street \ Whitney Young Circle to End","Speed Bump","1","0","0","1900/01/01",,,"Complete","<Null>","<Null>","<Null>","LINESTRING (-122.38571301 37.736601129, -122.385584974 37.736674241, -122.385532792 37.736732136, -122.385360161 37.736826628, -122.385057282 37.736899495, -122.384795832 37.736903678, -122.384365006 37.736756059, -122.384177551 37.736632159, -122.384084382 37.736652154)","2026/05/23 10:19:56 AM","2026/05/23 10:48:09 AM"
"438","28654","4672000","Miraloma Park","DEL VALE AVE","7, 8","ENCLINE CT","OSHAUGHNESSY BLVD","Del Vale Avenue from Encline Court to Oshaughnessy Boulevard","Speed Hump","2","2","2016","2016/02/01","FY 2015-2016",,"Complete","<Null>","<Null>","<Null>","LINESTRING (-122.447800407 37.741771699, -122.447737459 37.741616932, -122.447628318 37.741435039, -122.447409651 37.741229745, -122.447156395 37.741089855, -122.446904838 37.74101477, -122.446627103 37.740979738, -122.446309959 37.740999385, -122.446156772 37.741041536, -122.44596433 37.741198735)","2026/05/23 10:19:56 AM","2026/05/23 10:48:09 AM"
"439","28657","4587000","Balboa Terrace","DARIEN WY","7","SAN LEANDRO WAY","SANTA ANA AVE","Darien Way from San Leandro Way to Santa Ana Avenue","3-Lump Speed Cushion","1","1","2022","2022/01/01","FY 2018-2019","App-Based","Complete","<Null>","<Null>","<Null>","LINESTRING (-122.468745679 37.731848645, -122.467848119 37.731818587)","2026/05/23 10:19:56 AM","2026/05/23 10:48:09 AM"
"440","28658","4588000","Balboa Terrace","DARIEN WY","7","SANTA ANA AVE","SAN BENITO WAY","Darien Way from Santa Ana Avenue to San Benito Way","3-Lump Speed Cushion","1","1","2022","2022/01/01","FY 2018-2019","App-Based","Complete","<Null>","<Null>","<Null>","LINESTRING (-122.467848119 37.731818587, -122.46694407 37.731788307)","2026/05/23 10:19:56 AM","2026/05/23 10:48:09 AM"
"441","28659","4589000","Balboa Terrace","DARIEN WY","7","SAN BENITO WAY","APTOS AVE","Darien Way from San Benito Way to Aptos Avenue","3-Lump Speed Cushion","1","1","2022","2022/01/01","FY 2018-2019","App-Based","Complete","<Null>","<Null>","<Null>","LINESTRING (-122.46694407 37.731788307, -122.466641857 37.731782235, -122.466478608 37.73183523, -122.466292281 37.731973351, -122.466092958 37.732052516)","2026/05/23 10:19:56 AM","2026/05/23 10:48:09 AM"
"442","28662","4592000","Mount Davidson Manor","DARIEN WY","7","WESTGATE DR","MANOR DR","Darien Way from Westgate Drive to Manor Drive","Speed Hump","1","12","2018","2018/12/01","FY 2016-2017","App-Based","Complete","<Null>","<Null>","<Null>","LINESTRING (-122.464411572 37.730925814, -122.464382241 37.730768863, -122.464093034 37.730384531, -122.463860816 37.730158903, -122.46341784 37.729898292)","2026/05/23 10:19:56 AM","2026/05/23 10:48:09 AM"
"443","28663","4593000","Mount Davidson Manor","DARIEN WY","7","MANOR DR","NORTHGATE DR","Darien Way from Manor Drive to Northgate Drive","Speed Hump","2","5","2019","2019/05/01","FY 2016-2017","App-Based","Complete","<Null>","<Null>","<Null>","LINESTRING (-122.46341784 37.729898292, -122.462379718 37.729287533, -122.462196901 37.729218735, -122.462036134 37.729223408, -122.461524363 37.729318599)","2026/05/23 10:19:56 AM","2026/05/23 10:48:09 AM"
"444","29402","3917000","Fairmount","CHENERY ST","8","30TH ST","RANDALL ST","Chenery Street from 30th Street to Randall Street","3-Lump Speed Cushion","3","4","2022","2022/04/01","FY 2019-2020","App-Based","Complete","<Null>","<Null>","<Null>","LINESTRING (-122.42581359 37.742140591, -122.425577809 37.739794704)","2026/05/23 10:19:56 AM","2026/05/23 10:48:09 AM"
"445","29411","3926000","Glen Park","DIAMOND ST","8","CHENERY ST","SURREY ST","Diamond Street from Chenery Street to Surrey Street","Speed Table","2","<Null>","<Null>",,"FY 2021-2022","App-Based","Pending design review and approval","TBD","Pending construction","TBD","LINESTRING (-122.432647332 37.734540847, -122.433757777 37.734490234, -122.433879093 37.734507816)","2026/05/23 10:19:56 AM","2026/05/23 10:48:09 AM"
"446","29414","3929000","Glen Park","CHENERY ST","8","BROMPTON AVE","LIPPARD AVE","Chenery Street from Brompton Avenue to Lippard Avenue","Speed Hump","1","4","2021","2021/04/01","FY 2018-2019","App-Based","Complete","<Null>","<Null>","<Null>","LINESTRING (-122.434714699 37.734617324, -122.435550525 37.734796986)","2026/05/23 10:19:56 AM","2026/05/23 10:48:09 AM"
"447","29415","3930000","Glen Park","CHENERY ST","8","LIPPARD AVE","CHILTON AVE","Chenery Street from Lippard Avenue to Chilton Avenue","Speed Bump","0","0","0","1900/01/01",,,"Complete","<Null>","<Null>","<Null>","LINESTRING (-122.435550525 37.734796986, -122.435821614 37.734853411, -122.436399821 37.734909712)","2026/05/23 10:19:56 AM","2026/05/23 10:48:09 AM"
"448","29416","3931000","Glen Park","CHENERY ST","8","CHILTON AVE","BURNSIDE AVE","Chenery Street from Chilton Avenue to Burnside Avenue","Speed Bump","1","0","2010","2010/01/01",,,"Complete","<Null>","<Null>","<Null>","LINESTRING (-122.436399821 37.734909712, -122.436604194 37.734929611, -122.43807771 37.735416252)","2026/05/23 10:19:56 AM","2026/05/23 10:48:09 AM"
"449","29418","3933000","Glen Park","CHENERY ST","8","SURREY ST","MIZPAH ST","Chenery Street from Surrey Street to Mizpah Street","Speed Hump","1","4","2021","2021/04/01","FY 2018-2019","App-Based","Complete","<Null>","<Null>","<Null>","LINESTRING (-122.439722506 37.735886042, -122.438821245 37.735669449)","2026/05/23 10:19:56 AM","2026/05/23 10:48:09 AM"
"450","29427","3852000","Outer Mission","CAYUGA AVE","11","REGENT ST","SICKLES AVE","Cayuga Avenue from Regent Street to Sickles Avenue","3-Lump Speed Cushion","1","3","2022","2022/03/01","FY 2019-2020","D11 NTIP","Complete","<Null>","<Null>","<Null>","LINESTRING (-122.45454674 37.710207254, -122.455807196 37.709213688)","2026/05/23 10:19:56 AM","2026/05/23 10:48:09 AM"
"451","29428","3853000","Golden Gate Heights","CECILIA AVE","7","RIVERA ST","SANTIAGO ST","Ceclia Avenue from Rivera Street to Santiago Street","Speed Hump","1","1","2022","2022/01/01","FY 2018-2019","App-Based","Complete","<Null>","<Null>","<Null>","LINESTRING (-122.472057524 37.746951655, -122.472022564 37.746242313, -122.472031376 37.746010092, -122.472064837 37.745689838, -122.472184491 37.745078195)","2026/05/23 10:19:56 AM","2026/05/23 10:48:09 AM"
"452","29429","3854000","Golden Gate Heights","CECILIA AVE","7","SANTIAGO ST","16TH AVE","Cecilia Avenue from Santiago Street to 16th Avenue","<Null>","<Null>","<Null>","<Null>",,"FY 2022-2023","App-Based","Pending design review and approval","Jul - Dec 2024","Pending construction","Jan - Jul 2025","LINESTRING (-122.472184491 37.745078195, -122.472234939 37.744753436, -122.472203828 37.74419086, -122.472281609 37.744041702, -122.472529426 37.743925336)","2026/05/23 10:19:56 AM","2026/05/23 10:48:09 AM"
"453","29432","3857000","Ingleside Terrace","CEDRO AVE","7","OCEAN AVE","MONCADA WAY","Cedro Avenue from Ocean Avenue to Moncada Way","Speed Hump","1","0","0","1900/01/01","FY 2011-2012","Areawide","Complete","<Null>","<Null>","<Null>","LINESTRING (-122.467330679 37.727772038, -122.467560546 37.727539869, -122.467620087 37.727290792, -122.467740905 37.727108144, -122.467994908 37.726964559, -122.468364203 37.726920543, -122.468785534 37.72695995, -122.46909711 37.727050999, -122.469274365 37.727077423)","2026/05/23 10:19:56 AM","2026/05/23 10:48:09 AM"
"454","29446","3871000","Ingleside Terrace","CERRITOS AVE","7","OCEAN AVE \ WESTGATE DR","MONCADA WAY","Cerritos Avenue from Ocean Avenue \ Westgate Drive to Moncada Way","Speed Hump","1","12","2018","2018/12/01",,"Restoration after paving (2696J)","Complete","<Null>","<Null>","<Null>","LINESTRING (-122.466681386 37.727237766, -122.466744127 37.727083668, -122.467420917 37.726678539, -122.467757693 37.726526748, -122.468182192 37.72639026, -122.469030896 37.726282473, -122.469185526 37.726300012)","2026/05/23 10:19:56 AM","2026/05/23 10:48:09 AM"
"455","29447","3872000","Ingleside Terrace","CERRITOS AVE","7","MONCADA WAY","LUNADO WAY \ MERCEDES WAY","Cerritos Avenue from Moncada Way to Lunado Way \ Mercedes Way","Speed Hump","1","12","2018","2018/12/01",,"Restoration after paving (2694J)","Complete","<Null>","<Null>","<Null>","LINESTRING (-122.469185526 37.726300012, -122.469857265 37.726320661, -122.470457916 37.726492624, -122.470843877 37.726720177, -122.471132004 37.726787739)","2026/05/23 10:19:56 AM","2026/05/23 10:48:09 AM"
"456","29449","3874000","Marina","CERVANTES BLVD","2","ALHAMBRA ST","BEACH ST \ MALLORCA WAY","Cervantes Boulevard from Alhambra Street to Beach Street \ Mallorca Way","Speed Hump","1","9","2005","2005/09/01","FY 2004-2005","Site Specific","Complete","<Null>","<Null>","<Null>","LINESTRING (-122.43742962 37.803096318, -122.439255016 37.804081092)","2026/05/23 10:19:56 AM","2026/05/23 10:48:09 AM"
"457","29918","3365000","Buena Vista","BUENA VISTA AVE EAST","8","BUENA VISTA AVE \ UPPER TERR","BUENA VISTA AVE \ PARK HILL AVE","Buena Vista East from Buena Vista Avenue \ Upper Terrace to Buena Vista Avenue \ Park Hill Avenue","5-Lump Speed Cushion","3","04","2026","2026/04/01","FY 2021-2022","App-Based","Complete",,,,"LINESTRING (-122.4393014 37.768165525, -122.440137464 37.767756872, -122.440604289 37.766954512, -122.441938258 37.765952845, -122.442009458 37.765907094, -122.442166611 37.765887825, -122.44236097 37.765884622, -122.442575244 37.765928284)","2026/05/23 10:19:56 AM","2026/05/23 10:48:09 AM"
"458","29920","3367000","Buena Vista Park","BUENA VISTA AVE WEST","8","BUENA VISTA AVE \ UNNAMED 080","BUENA VISTA AVE \ JAVA ST","Buena Vista Avenue West from Buena Vista Avenue \ Unnamed 80 to Buena Vista Avenue \ Java Street","Edgeline","1","0","2014","2014/01/01",,"TC Implementation","Complete","<Null>","<Null>","<Null>","LINESTRING (-122.442810959 37.766010638, -122.443003664 37.766145063, -122.443042289 37.766215312, -122.443105305 37.766414422, -122.44353296 37.766690913, -122.443694604 37.766954286)","2026/05/23 10:19:56 AM","2026/05/23 10:48:09 AM"
"459","29921","3368000","Buena Vista Park","BUENA VISTA AVE WEST","8","BUENA VISTA AVE \ JAVA ST","BUENA VISTA AVE \ FREDERICK ST","Buena Vista Avenue West from Buena Vista Avenue \ Java Street to Buena Vista Avenue \ Frederick Street","Edgeline","1","0","2014","2014/01/01","FY 2011-2012","TC Implementation","Complete","<Null>","<Null>","<Null>","LINESTRING (-122.443694604 37.766954286, -122.443763512 37.767066559, -122.443865815 37.767535852)","2026/05/23 10:19:56 AM","2026/05/23 10:48:09 AM"
"460","30432","2940000","Bernal Heights South","BERNAL HEIGHTS BLVD","9","CARVER ST","ELLSWORTH ST","Bernal Heights Boulevard from Carver Street to Ellsworth Street","Speed Hump","1","5","2005","2005/05/01","FY 2004-2005","Areawide","Complete","<Null>","<Null>","<Null>","LINESTRING (-122.409989142 37.742771971, -122.410233929 37.742545699, -122.410431377 37.742458398, -122.410611908 37.742426359, -122.411426059 37.742390513, -122.411680331 37.74237345, -122.412516511 37.742243434, -122.412671393 37.742244155, -122.414272727 37.742470453, -122.41437216 37.742456707)","2026/05/23 10:19:56 AM","2026/05/23 10:48:09 AM"
"461","30450","2955000","Mission Bay","BERRY ST","6","5TH ST","KING ST","Berry Street from 5th Street to King Street","3-Lump Speed Cushion","4","4","2022","2022/04/01","FY 2019-2020","App-Based","Complete","<Null>","<Null>","<Null>","LINESTRING (-122.39557666 37.774030852, -122.397801139 37.772271935)","2026/05/23 10:19:56 AM","2026/05/23 10:48:09 AM"
"462","30462","2883000","Duboce Triangle","BELCHER ST","8","DUBOCE AVE","14TH ST \ BOYNTON CT","Belcher Street from Duboce Avenue to 14th Street \ Boynton Court","Speed Bump","0","0","0","1900/01/01",,,"Complete","<Null>","<Null>","<Null>","LINESTRING (-122.430247361 37.769392262, -122.430081454 37.767662121)","2026/05/23 10:19:56 AM","2026/05/23 10:48:09 AM"
"463","28689","4619000","Noe Valley","DAY ST","8","CHURCH ST","DOLORES ST","Day Street from Church Street to Dolores Street","3-Lump Speed Cushion","2","9","2023","2023/09/01","FY 2020-2021","App-Based","Complete",,,"<Null>","LINESTRING (-122.42430937 37.743034755, -122.426594157 37.742897337)","2026/05/23 10:19:56 AM","2026/05/23 10:48:09 AM"
"465","28707","4547000","Mission Dolores","CUMBERLAND ST","8, 9","GUERRERO ST","DOLORES ST","Cumberland Street from Guerrero Street to Dolores Street","3-Lump Speed Cushion","2","10","2023","2023/10/01",,"D8 CRT","Complete","<Null>","<Null>","<Null>","LINESTRING (-122.423612942 37.759164228, -122.425843422 37.759029398)","2026/05/23 10:19:56 AM","2026/05/23 10:48:09 AM"
"466","28712","4552000","Crocker Amazon","CURTIS ST","11","ROLPH ST","MORSE ST","Curtis Street from Rolph Street to Morse Street","Speed Hump","2","3","2016","2016/03/01","FY 2014-2015","App-Based","Complete","<Null>","<Null>","<Null>","LINESTRING (-122.440370328 37.71522276, -122.439416954 37.712994997)","2026/05/23 10:19:56 AM","2026/05/23 10:48:09 AM"
"467","29460","3885000","Golden Gate Park","CHAIN OF LAKES DR","1, 4","BERCUT ACCESS RD","MARTIN LUTHER KING JR ST","Chain Of Lakes Drive from Bercut Access Rd to Martin Luther King Jr Street","3-Lump Speed Cushion","1","10","2018","2018/10/01",,"Golden Gate Park Traffic Safety","Complete","<Null>","<Null>","<Null>","LINESTRING (-122.500471215 37.765786198, -122.500557987 37.765718332, -122.500709802 37.765552513, -122.500821634 37.765406266, -122.500877772 37.765239093, -122.500890146 37.765026373, -122.500857016 37.764845907)","2026/05/23 10:19:56 AM","2026/05/23 10:48:09 AM"
"469","29498","3832000","Cayuga","CAYUGA AVE","11","OCEAN AVE","VALERTON CT","Cayuga Avenue from Ocean Avenue to Valerton Court","Speed Hump","1","5","2017","2017/05/01","FY 2015-2016","App-Based","Complete","<Null>","<Null>","<Null>","LINESTRING (-122.438808574 37.723601276, -122.439350073 37.722733433)","2026/05/23 10:19:56 AM","2026/05/23 10:48:09 AM"
"470","28735","4575000","Potrero Hill","DAKOTA ST","10","23RD ST","25TH ST \ TEXAS ST","Dakota Street from 23rd Street to 25th Street \ Texas Street","3-Lump Speed Cushion","3","3","2021","2021/03/01","FY 2019-2020","App-Based","Complete","<Null>","<Null>","<Null>","LINESTRING (-122.396675358 37.754706581, -122.396323063 37.754417168, -122.394734074 37.752664223, -122.394586978 37.752426801)","2026/05/23 10:19:56 AM","2026/05/23 10:48:09 AM"
"471","28746","4586000","Balboa Terrace","DARIEN WY","7","SAN FERNANDO WAY","SAN LEANDRO WAY","Darien Way from San Fernando Way to San Leandro Way","3-Lump Speed Cushion","1","1","2022","2022/01/01","FY 2018-2019","App-Based","Complete","<Null>","<Null>","<Null>","LINESTRING (-122.469624766 37.731878077, -122.468745679 37.731848645)","2026/05/23 10:19:56 AM","2026/05/23 10:48:09 AM"
"472","28748","4214000","Noe Valley","CLIPPER ST","8","NOE ST","CASTRO ST","Clipper Street from Noe Street to Castro Street","3-Lump Speed Cushion","2","5","2020","2020/05/01",,"2500J Restoration of FY15 App-Based after Paving  2500J Restoration of FY15 App-Based after Paving","Complete","<Null>","<Null>","<Null>","LINESTRING (-122.431639579 37.749028214, -122.433851103 37.748895972)","2026/05/23 10:19:56 AM","2026/05/23 10:48:09 AM"
"473","28765","4520000","Parkside","CRESTLAKE DR","4","EL MIRASOL PL","CONSTANSO WAY","Crestlake Drive from El Mirasol Place to Constanso Way","Speed Hump","1","0","0","1900/01/01","FY 2009-2010","TC Implementation","Complete","<Null>","<Null>","<Null>","LINESTRING (-122.48597549 37.734994365, -122.486322363 37.735003143, -122.486746843 37.735034028, -122.487701241 37.735172457, -122.488425849 37.735167001)","2026/05/23 10:19:56 AM","2026/05/23 10:48:09 AM"
"474","28767","4522000","Pine Lake Park","CRESTLAKE DR","4","YORBA ST","34TH AVE \ WAWONA ST","Crestlake Drive from Yorba Street to 34th Avenue \ Wawona Street","Speed Hump","1","0","0","1900/01/01","FY 2009-2010","TC Implementation","Complete","<Null>","<Null>","<Null>","LINESTRING (-122.490270108 37.735606337, -122.490460674 37.735842275, -122.490521486 37.736028873, -122.490552749 37.736251597, -122.490686267 37.736541969, -122.491162509 37.737157782, -122.491211452 37.737221069, -122.491334899 37.737293023)","2026/05/23 10:19:56 AM","2026/05/23 10:48:09 AM"
"475","27697","5511000","Russian Hill","FILBERT ST","3","HYDE ST","LEAVENWORTH ST","Filbert Street from Hyde Street to Leavenworth Street","Speed Hump","1","<Null>","<Null>",,"FY 2020-2021","App-Based","Pending construction","TBD","Completion","<Null>","LINESTRING (-122.417586974 37.800340792, -122.419232944 37.800133938)","2026/05/23 10:19:56 AM","2026/05/23 10:48:09 AM"
"476","30004","3362000","Buena Vista","BUENA VISTA AVE EAST","5","BAKER ST \ BUENA VISTA AVE \ HAIGHT ST","BUENA VISTA AVE \ WALLER ST","Buena Vista Avenue East from Baker Street \ Buena Vista Avenue \ Haight Street to Buena Vista Avenue \ Waller Street","Speed Hump","2","7","2020","2020/07/01","FY 2017-2018","App-Based","Complete","<Null>","<Null>","<Null>","LINESTRING (-122.440357705 37.770847434, -122.440262608 37.770725262, -122.439672607 37.77054299, -122.439460816 37.770405838, -122.439254292 37.77002493)","2026/05/23 10:19:56 AM","2026/05/23 10:48:09 AM"
"477","30005","3363000","Buena Vista","BUENA VISTA AVE EAST","8","BUENA VISTA AVE \ WALLER ST","BUENA VISTA AVE \ BUENA VISTA Terrace \ DUBOCE AVE","Buena Vista Avenue East from Buena Vista Avenue \ Waller Street to Buena Vista Avenue \ Buena Vista Terrace \ Duboce Avenue","Speed Hump","2","7","2020","2020/07/01","FY 2017-2018","App-Based","Complete","<Null>","<Null>","<Null>","LINESTRING (-122.439254292 37.77002493, -122.439150347 37.769937688, -122.438822975 37.769684121, -122.438351334 37.769185135, -122.438338329 37.769006601)","2026/05/23 10:19:56 AM","2026/05/23 10:48:09 AM"
"478","30006","3364000","Buena Vista Park","BUENA VISTA AVE EAST","8","BUENA VISTA AVE \ BUENA VISTA TERR \ DUBOCE AVE","BUENA VISTA AVE \ PARK HILL AVE","Buena Vista Avenue East from Buena Vista Avenue \ Buena Vista Terrace \ Duboce Avenue to Buena Vista Avenue \ Park Hill Avenue","Edgeline","1","0","2014","2014/01/01",,"TC Implementation","Complete","<Null>","<Null>","<Null>","LINESTRING (-122.438338329 37.769006601, -122.438819694 37.768400969, -122.4393014 37.768165525)","2026/05/23 10:19:56 AM","2026/05/23 10:48:09 AM"
"479","27990","5188000","Western Addition","ELLIS ST","5","PIERCE ST","STEINER ST","Ellis Street from Pierce Street to Streeteiner Street","Speed Hump","2","6","2022","2022/06/01",,"Misc Traffic Calming","Complete","<Null>","<Null>","<Null>","LINESTRING (-122.434161774 37.78215091, -122.435813742 37.781940325)","2026/05/23 10:19:56 AM","2026/05/23 10:48:09 AM"
"480","28000","5198000","Bernal Heights","ELLSWORTH ST","9","JARBOE AVE","TOMPKINS AVE","Ellsworth Street from Jarboe Avenue to Tompkins Avenue","3-Lump Speed Cushion","2","7","2018","2018/07/01",,"Restoration After Paving (2564J)","Complete","<Null>","<Null>","<Null>","LINESTRING (-122.414613141 37.738383652, -122.414722616 37.737140627)","2026/05/23 10:19:56 AM","2026/05/23 10:48:09 AM"
"481","28001","5199000","Bernal Heights","ELLSWORTH ST","9","TOMPKINS AVE","OGDEN AVE","Ellsworth Street from Tompkins Avenue to Ogden Avenue","Speed Hump","1","7","2020","2020/07/01","FY 2017-2018","App-Based","Complete","<Null>","<Null>","<Null>","LINESTRING (-122.414722616 37.737140627, -122.41482888 37.735965167)","2026/05/23 10:19:56 AM","2026/05/23 10:48:09 AM"
"483","28004","5202000","Civic Center","ELM ST","5","POLK ST","VAN NESS AVE","Polk Street from Polk Street to Van Ness Avenue","Speed Hump","1","4","2020","2020/04/01",,"Schools Engineering","Complete","<Null>","<Null>","<Null>","LINESTRING (-122.41890131 37.781704787, -122.420451903 37.781509971)","2026/05/23 10:19:56 AM","2026/05/23 10:48:09 AM"
"484","28023","5220000","Bernal Heights South","ELSIE ST","9","CORTLAND AVE","SANTA MARINA ST","Elsie Street from Cortland Avenue to Santa Marina Street","Speed Bump","0","0","0","1900/01/01",,,"Complete","<Null>","<Null>","<Null>","LINESTRING (-122.419565741 37.739696221, -122.419817949 37.739307125)","2026/05/23 10:19:56 AM","2026/05/23 10:48:09 AM"
"485","28024","5221000","Holly Park","ELSIE ST","9","SANTA MARINA ST","HOLLY PARK CIR","Elsie Street from Santa Marina Street to Holly Park Circle","Speed Table","1","6","2018","2018/06/01",,,"Complete","<Null>","<Null>","<Null>","LINESTRING (-122.419817949 37.739307125, -122.420564357 37.738153423, -122.420679034 37.737925597)","2026/05/23 10:19:56 AM","2026/05/23 10:48:09 AM"
"486","28028","5139000","Mission Dolores","ELGIN PARK","8, 9","MCCOPPIN ST","DUBOCE AVE","Elgin Park from Mccoppin Street to Duboce Avenue","Chicane","0","0","0","1900/01/01",,,"Complete","<Null>","<Null>","<Null>","LINESTRING (-122.423334895 37.771477972, -122.42330123 37.771441529, -122.423145965 37.769820825)","2026/05/23 10:19:56 AM","2026/05/23 10:48:09 AM"
"487","28034","5145000","Noe Valley","ELIZABETH ST","8","BLANCHE ST","SANCHEZ ST","Elizabeth Street from Blanche Street to Sanchez Street","Speed Hump","1","3","2008","2008/03/01","FY 2007-2008","Site Specific","Complete","<Null>","<Null>","<Null>","LINESTRING (-122.429156921 37.752349319, -122.429609598 37.752321801, -122.429731302 37.752362003)","2026/05/23 10:19:56 AM","2026/05/23 10:48:09 AM"
"488","28037","5148000","Noe Valley","ELIZABETH ST","8","CASTRO ST","DIAMOND ST","Elizabeth Street from Castro Street to Diamond Street","3-Lump Speed Cushion","2","9","2023","2023/09/01","FY 2020-2021","App-Based","Complete",,,"<Null>","LINESTRING (-122.434162781 37.752092107, -122.436376871 37.751960339)","2026/05/23 10:19:56 AM","2026/05/23 10:48:09 AM"
"489","28793","4464000","Mission Terrace","COTTER ST","11","CAYUGA AVE","SAN JOSE AVE","Cotter Street from Cayuga Avenue to San Jose Avenue","Speed Hump","2","1","2020","2020/01/01","FY 2018-2019","D11 NTIP","Complete","<Null>","<Null>","<Null>","LINESTRING (-122.43574963 37.728670911, -122.436043749 37.729028396, -122.437485754 37.73025234)","2026/05/23 10:19:56 AM","2026/05/23 10:48:09 AM"
"490","28813","4484000","Bernal Heights South","CRESCENT AVE","9","COLLEGE AVE \ MISSION ST","LEESE ST","Crescent Avenue from College Avenue \ Mission Street to Leese Street","5-Lump Speed Cushion","1","1","2005","2005/01/01","FY 2004-2005","Areawide","Complete","<Null>","<Null>","<Null>","LINESTRING (-122.424702562 37.735369871, -122.422687909 37.73520497)","2026/05/23 10:19:56 AM","2026/05/23 10:48:09 AM"
"491","28815","4486000","Holly Park","CRESCENT AVE","9","AGNON AVE","MURRAY ST","Crescent Avenue from Agnon Avenue to Murray Street","5-Lump Speed Cushion","1","5","2024","2024/05/01","FY 2020-2021","App-Based","Complete",,,"<Null>","LINESTRING (-122.422120807 37.735152848, -122.420223758 37.735058129)","2026/05/23 10:19:56 AM","2026/05/23 10:48:09 AM"
"492","27744","5469000","Portola","FELTON ST","9","BOWDOIN ST","DARTMOUTH ST","Felton Street from Bowdoin Street to Dartmouth Street","3-Lump Speed Cushion","1","11","2023","2023/11/01","FY 2020-2021","App-Based","Complete",,,"<Null>","LINESTRING (-122.411504576 37.728229907, -122.41248994 37.727972221)","2026/05/23 10:19:56 AM","2026/05/23 10:48:09 AM"
"493","27745","5470000","Portola","FELTON ST","9","DARTMOUTH ST","COLBY ST","Felton Street from Dartmouth Street to Colby Street","3-Lump Speed Cushion","1","11","2023","2023/11/01","FY 2020-2021","App-Based","Complete",,,,"LINESTRING (-122.41248994 37.727972221, -122.413475099 37.727714579)","2026/05/23 10:19:56 AM","2026/05/23 10:48:09 AM"
"494","27747","5472000","University Mound","FELTON ST","9","UNIVERSITY ST","PRINCETON ST","Felton Street from University Street to Princeton Street","5-Lump Speed Cushion","1","12","2025","2025/12/01","FY 2021-2022","App-Based","Complete",,,,"LINESTRING (-122.414460251 37.727456928, -122.415451746 37.727197608)","2026/05/23 10:19:56 AM","2026/05/23 10:48:09 AM"
"495","27748","5473000","University Mound","FELTON ST","9","AMHERST ST","PRINCETON ST","Felton Street from Amherst Street to Princeton Street","5-Lump Speed Cushion","1","12","2025","2025/12/01","FY 2021-2022","App-Based","Complete",,,,"LINESTRING (-122.415451746 37.727197608, -122.416426311 37.726942706)","2026/05/23 10:19:56 AM","2026/05/23 10:48:09 AM"
"498","27773","5407000","Oceanview","FARALLONES ST","11","CAPITOL AVE","PLYMOUTH AVE","Farallones Street from Capitol Avenue to Placeymouth Avenue","Speed Hump","2","4","2022","2022/04/01","FY 2019-2020","D11 NTIP","Complete","<Null>","<Null>","<Null>","LINESTRING (-122.456061425 37.71407676, -122.459035385 37.714055302)","2026/05/23 10:19:56 AM","2026/05/23 10:48:09 AM"
"500","30067","3256000","Crocker Amazon","BRUNSWICK ST","11","FLORENTINE AVE","GUTTENBERG ST","Brunswick Street from Florentine Avenue to Guttenberg Street","3-Lump Speed Cushion","1","3","2022","2022/03/01","FY 2019-2020","D11 NTIP","Complete","<Null>","<Null>","<Null>","LINESTRING (-122.442700068 37.710764421, -122.44333537 37.710554581)","2026/05/23 10:19:56 AM","2026/05/23 10:48:09 AM"
"501","30068","3257000","Crocker Amazon","BRUNSWICK ST","11","GUTTENBERG ST","LOWELL ST","Brunswick Street from Guttenberg Street to Lowell Street","3-Lump Speed Cushion","2","3","2022","2022/03/01","FY 2019-2020","D11 NTIP","Complete","<Null>","<Null>","<Null>","LINESTRING (-122.44333537 37.710554581, -122.445503344 37.709813315)","2026/05/23 10:19:56 AM","2026/05/23 10:48:09 AM"
"502","30069","3258000","Crocker Amazon","BRUNSWICK ST","11","LOWELL ST","ROEMER WAY","Brunswick Street from Lowell Street to Roemer Way","Speed Hump","1","6","2019","2019/06/01","FY 2018-2019","D11 NTIP","Complete","<Null>","<Null>","<Null>","LINESTRING (-122.445503344 37.709813315, -122.446705074 37.709402401)","2026/05/23 10:19:56 AM","2026/05/23 10:48:09 AM"
"503","30084","3272000","Visitacion Valley","BRUSSELS ST","10","WARD ST","HARKNESS AVE","Brussels Street from Ward Street to Harkness Avenue","Edgeline","2","0","2014","2014/01/01","FY 2011-2012","Early Implementation","Complete","<Null>","<Null>","<Null>","LINESTRING (-122.402102585 37.718720695, -122.401601887 37.717514207)","2026/05/23 10:19:56 AM","2026/05/23 10:48:09 AM"
"505","28070","5181000","Cathedral Hill","ELLIS ST","2","FRANKLIN ST","GOUGH ST","Ellis Street from Franklin Street to Gough Street","Speed Hump","2","6","2020","2020/06/01","FY 2018-2019","Schools Engineering","Complete","<Null>","<Null>","<Null>","LINESTRING (-122.422652544 37.783619097, -122.424294813 37.783399858)","2026/05/23 10:19:56 AM","2026/05/23 10:48:09 AM"
"506","28816","4487000","Holly Park","CRESCENT AVE","9","ARNOLD AVE","MURRAY ST","Crescent Avenue from Arnold Avenue to Murray Street","<Null>","<Null>","<Null>","<Null>",,"FY 2020-2021","App-Based","Pending construction","TBD","Completion","TBD","LINESTRING (-122.420223758 37.735058129, -122.419606348 37.735027295)","2026/05/23 10:19:56 AM","2026/05/23 10:48:09 AM"
"507","28817","4488000","Bernal Heights South","CRESCENT AVE","9","ARNOLD AVE","ROSCOE ST","Crescent Avenue from Arnold Avenue to Roscoe Street","5-Lump Speed Cushion","1","1","2005","2005/01/01","FY 2004-2005","Areawide","Complete","<Null>","<Null>","<Null>","LINESTRING (-122.419606348 37.735027295, -122.418724511 37.73498325)","2026/05/23 10:19:56 AM","2026/05/23 10:48:09 AM"
"508","28818","4489000","Holly Park","CRESCENT AVE","9","PORTER ST","ROSCOE ST","Crescent Avenue from Porter Street to Roscoe Street","<Null>","<Null>","<Null>","<Null>",,"FY 2020-2021","App-Based","Pending construction","TBD","Completion","TBD","LINESTRING (-122.418724511 37.73498325, -122.418099244 37.734952016)","2026/05/23 10:19:56 AM","2026/05/23 10:48:09 AM"
"509","28819","4490000","Bernal Heights South","CRESCENT AVE","9","PORTER ST","BACHE ST","Crescent Avenue from Porter Street to Bache Street","5-Lump Speed Cushion","1","1","2005","2005/01/01","FY 2004-2005","Areawide","Complete","<Null>","<Null>","<Null>","LINESTRING (-122.418099244 37.734952016, -122.417478829 37.73492102)","2026/05/23 10:19:56 AM","2026/05/23 10:48:09 AM"
"510","28853","4437000","Bernal Heights","CORTLAND AVE","9","BRONTE ST","BRADFORD ST","Cortland Avenue from Bronte Street to Bradford Street","5-Lump Speed Cushion","1","7","2021","2021/07/01","<Null>","D9 CRT","Complete","<Null>","<Null>","<Null>","LINESTRING (-122.410114722 37.739755136, -122.409639822 37.739726465, -122.409493394 37.739717625)","2026/05/23 10:19:56 AM","2026/05/23 10:48:09 AM"
"511","28855","4439000","Bernal Heights","CORTLAND AVE","9","PERALTA AVE","HILTON ST","Cortland Avenue from Peralta Avenue to Hilton Street","5-Lump Speed Cushion","2","8","2021","2021/08/01","<Null>","D9 CRT","Complete","<Null>","<Null>","<Null>","LINESTRING (-122.408883075 37.739680775, -122.408263425 37.739643359)","2026/05/23 10:19:56 AM","2026/05/23 10:48:09 AM"
"512","27813","5361000","Excelsior","EXCELSIOR AVE","11","PARIS ST","LISBON ST","Excelsior Avenue from Paris Street to Lisbon Street","4-Lump Speed Cushion","1","8","2019","2019/08/01","FY 2018-2019","D11 NTIP","Complete","<Null>","<Null>","<Null>","LINESTRING (-122.432053821 37.725488077, -122.4312534 37.725106576)","2026/05/23 10:19:56 AM","2026/05/23 10:48:09 AM"
"513","27816","5364000","Excelsior","EXCELSIOR AVE","11","EDINBURGH ST","NAPLES ST","Excelsior Avenue from Edinburgh Street to Naples Street","4-Lump Speed Cushion","1","8","2019","2019/08/01","FY 2018-2019","D11 NTIP","Complete","<Null>","<Null>","<Null>","LINESTRING (-122.429652126 37.724343337, -122.428836527 37.723954573)","2026/05/23 10:19:56 AM","2026/05/23 10:48:09 AM"
"514","27836","5382000","Dolores Heights","FAIR OAKS ST","8","22ND ST","23RD ST","Fair Oaks Street from 22nd Street to 23rd Street","Speed Hump","2","12","2018","2018/12/01",,"Funded by SFPW","Complete","<Null>","<Null>","<Null>","LINESTRING (-122.424289762 37.755105763, -122.424136235 37.753503075)","2026/05/23 10:19:56 AM","2026/05/23 10:48:09 AM"
"515","27837","5383000","Noe Valley","FAIR OAKS ST","8","23RD ST","24TH ST","Fair Oaks Street from 23rd Street to 24th Street","Speed Bump","1","0","0","1900/01/01",,,"Complete","<Null>","<Null>","<Null>","LINESTRING (-122.424136235 37.753503075, -122.423988398 37.751911295)","2026/05/23 10:19:56 AM","2026/05/23 10:48:09 AM"
"517","30116","3228000","Glen Park","BROMPTON AVE","7, 8","BOSWORTH ST","JOOST AVE","Brompton Avenue from Bosworth Street to Joost Avenue","Speed Hump","1","5","2007","2007/05/01","FY 2006-2007","Site Specific","Complete","<Null>","<Null>","<Null>","LINESTRING (-122.434996088 37.733717519, -122.435412551 37.732385744)","2026/05/23 10:19:56 AM","2026/05/23 10:48:09 AM"
"518","30122","3234000","Sunnydale","BROOKDALE AVE","10","BLYTHEDALE AVE","GENEVA AVE","Brookdale Avenue from Blythedale Avenue to Geneva Avenue","3-Lump Speed Cushion","3","03","2026","2026/03/01","FY 2021-2022","App-Based","Complete",,,,"LINESTRING (-122.422240831 37.711316694, -122.422411266 37.710970798, -122.422810715 37.710510808, -122.423026912 37.710377263, -122.423368415 37.710301922, -122.424182091 37.710265101, -122.424550388 37.71010186)","2026/05/23 10:19:56 AM","2026/05/23 10:48:09 AM"
"519","28864","4448000","Bernal Heights","COSO AVE","9","PRECITA AVE","MIRABEL AVE","Coso Avenue from Precita Avenue to Mirabel Avenue","Speed Hump","1","12","2018","2018/12/01","FY 2016-2017","App-Based","Complete","<Null>","<Null>","<Null>","LINESTRING (-122.418284622 37.74669437, -122.417822834 37.745957271)","2026/05/23 10:19:56 AM","2026/05/23 10:48:09 AM"
"520","28866","4450000","Bernal Heights","COSO AVE","9","PRECITA AVE","COLERIDGE ST","Coso Avenue from Precita Avenue to Coleridge Street","Speed Hump","1","12","2018","2018/12/01","FY 2016-2017","App-Based","Complete","<Null>","<Null>","<Null>","LINESTRING (-122.418284622 37.74669437, -122.418300838 37.746582891, -122.418235009 37.746105262, -122.418159371 37.746078014)","2026/05/23 10:19:56 AM","2026/05/23 10:48:09 AM"
"521","28873","4457000","Bernal Heights North","STONEMAN ST","9","SHOTWELL ST","BONVIEW ST \ COSO AVE","Stoneman Street from Shotwell Street to Bonview Street \ Coso Avenue","Speed Hump","1","5","2015","2015/05/01","FY 2013-2014","App-Based","Complete","<Null>","<Null>","<Null>","LINESTRING (-122.414920755 37.745045069, -122.415149027 37.744989812, -122.415313896 37.744978584, -122.415476424 37.745015837, -122.415692967 37.745103467)","2026/05/23 10:19:56 AM","2026/05/23 10:48:09 AM"
"523","28889","4385000","Twin Peaks","CORBETT AVE","8","IRON AVE","GRAYSTONE TER","Corbett Avenue from Iron Avenue to Graystone Terrace","Speed Table","2","<Null>","<Null>",,"FY 2021-2022","App-Based","Pending construction","TBD","Completion","TBD","LINESTRING (-122.444665359 37.757854391, -122.444488368 37.75779074, -122.444165072 37.757408341, -122.444027299 37.757305698, -122.443694584 37.757160531, -122.443584373 37.757088117, -122.443513115 37.757015899, -122.443276133 37.756233772)","2026/05/23 10:19:56 AM","2026/05/23 10:48:09 AM"
"527","28893","4389000","Twin Peaks","CORBETT AVE","8","HOPKINS AVE","ROMAIN ST","Corbett Avenue from Hopkins Avenue to Romain Street","Speed Table","1","<Null>","<Null>",,"FY 2021-2022","App-Based","Pending construction","TBD","Completion","TBD","LINESTRING (-122.442930584 37.755478991, -122.442781039 37.755404061, -122.442546181 37.755324964, -122.442408672 37.755214125, -122.442352749 37.755072573, -122.442387125 37.754815837, -122.442414257 37.754616463, -122.442501146 37.754462407, -122.442906138 37.754108037, -122.443013013 37.754013595, -122.443116171 37.753848158, -122.443266395 37.753498678, -122.443726293 37.75286613, -122.443761672 37.752747252)","2026/05/23 10:19:56 AM","2026/05/23 10:48:09 AM"
"530","28896","4392000","Twin Peaks","CORBETT AVE","8","HOPKINS AVE","CUESTA CT","Corbett Avenue from Hopkins Avenue to Cuesta Court","4-Lump Speed Cushion","3","<Null>","<Null>",,"FY 2021-2022","App-Based","Pending construction","TBD","Completion","TBD","LINESTRING (-122.443761672 37.752747252, -122.443772765 37.752646918, -122.443719247 37.752488867, -122.443610105 37.752311861, -122.443498644 37.752131093, -122.443462206 37.75199671, -122.443489582 37.751889576, -122.443547577 37.751799356, -122.443692784 37.751566024, -122.443897973 37.751152247, -122.444070512 37.750658672, -122.443968727 37.750458967)","2026/05/23 10:19:56 AM","2026/05/23 10:48:09 AM"
"533","28901","4397000","Crocker Amazon","CORDOVA ST","11","ROLPH ST","ATHENS ST","Cordova Street from Rolph Street to Athens Street","Speed Hump","1","6","2019","2019/06/01","FY 2018-2019","D11 NTIP","Complete","<Null>","<Null>","<Null>","LINESTRING (-122.436334985 37.713412053, -122.435843321 37.712261057)","2026/05/23 10:19:56 AM","2026/05/23 10:48:09 AM"
"534","28905","4401000","Crocker Amazon","CORDOVA ST","11","PRAGUE ST","WINDING WY","Cordova Street from Prague Street to Winding Way","5-Lump Speed Cushion","1","6","2019","2019/06/01","FY 2018-2019","D11 NTIP","Complete","<Null>","<Null>","<Null>","LINESTRING (-122.434979493 37.710238728, -122.434692315 37.709566382)","2026/05/23 10:19:56 AM","2026/05/23 10:48:09 AM"
"535","27856","5318000","Eureka Valley","EUREKA ST","8","19TH ST","18TH ST","Eureka Street from 19th Street to 18th Street","5-Lump Speed Cushion","2","2","2021","2021/02/01","FY 2018-2019","App-Based","Complete","<Null>","<Null>","<Null>","LINESTRING (-122.438265382 37.760692318, -122.438112355 37.759092655)","2026/05/23 10:19:56 AM","2026/05/23 10:48:09 AM"
"536","27857","5319000","Eureka Valley","EUREKA ST","8","19TH ST","20TH ST","Eureka Street from 19th Street to 20th Street","3-Lump Speed Cushion","1","5","2019","2019/05/01",,"Restoration after paving (2504J)","Complete","<Null>","<Null>","<Null>","LINESTRING (-122.438112355 37.759092655, -122.437959116 37.757490719)","2026/05/23 10:19:56 AM","2026/05/23 10:48:09 AM"
"537","27858","5320000","Eureka Valley","EUREKA ST","8","20TH ST","21ST ST","Eureka Street from 20th Street to 21St Street","5-Lump Speed Cushion","2","2","2021","2021/02/01","FY 2018-2019","App-Based","Complete","<Null>","<Null>","<Null>","LINESTRING (-122.437959116 37.757490719, -122.437803354 37.755892708)","2026/05/23 10:19:56 AM","2026/05/23 10:48:09 AM"
"538","27860","5322000","Eureka Valley","EUREKA ST","8","21ST ST","22ND ST","Eureka Street from 21St Street to 22nd Street","5-Lump Speed Cushion","1","<Null>","<Null>",,"FY 2021-2022","App-Based","Pending construction","TBD","Completion","TBD","LINESTRING (-122.437769231 37.755540691, -122.437648535 37.754295548)","2026/05/23 10:19:56 AM","2026/05/23 10:48:09 AM"
"539","27874","5333101","Hunters Point","EVANS AVE","10","3RD ST","NEWHALL ST","Evans Avenue from 3rd Street to Newhall Street","Speed Hump","1","<Null>","<Null>",,"<Null>","Evans QB","Pending construction","TBD","Completion","TBD","LINESTRING (-122.386554542 37.741950241, -122.386713125 37.741949167, -122.387816609 37.742579874, -122.387926351 37.742703155)","2026/05/23 10:19:56 AM","2026/05/23 10:48:09 AM"
"542","28141","5076000","Anza Vista","EDDY ST","5","DIVISADERO ST","BRODERICK ST","Eddy Street from Divisadero Street to Broderick Street","Speed Hump","1","11","2024","2024/11/01","FY 2018-2019","App-Based","Complete","<Null>","<Null>","<Null>","LINESTRING (-122.438926755 37.780588487, -122.440589318 37.780372722)","2026/05/23 10:19:56 AM","2026/05/23 10:48:09 AM"
"544","28151","5086000","Excelsior","EDINBURGH ST","11","PERU AVE","AVALON AVE","Edinburgh Street from Peru Avenue to Avalon Avenue","Speed Hump","2","1","2020","2020/01/01","FY 2015-2016","App-Based","Complete","<Null>","<Null>","<Null>","LINESTRING (-122.427302108 37.727457484, -122.428482292 37.725900814)","2026/05/23 10:19:56 AM","2026/05/23 10:48:09 AM"
"545","28152","5087000","Excelsior","EDINBURGH ST","11","AVALON AVE","EXCELSIOR AVE","Edinburgh Street from Avalon Avenue to Excelsior Avenue","Speed Hump","2","10","2019","2019/10/01",,,"Complete","<Null>","<Null>","<Null>","LINESTRING (-122.428482292 37.725900814, -122.429652126 37.724343337)","2026/05/23 10:19:56 AM","2026/05/23 10:48:09 AM"
"546","28155","5090000","Excelsior","EDINBURGH ST","11","PERSIA AVE","RUSSIA AVE","Edinburgh Street from Persia Avenue to Russia Avenue","Speed Hump","2","8","2019","2019/08/01",,,"Obsolete","<Null>","<Null>","<Null>","LINESTRING (-122.432005498 37.721237256, -122.433185143 37.719680637)","2026/05/23 10:19:56 AM","2026/05/23 10:48:09 AM"
"548","28163","5009000","Noe Valley","DUNCAN ST","8","DOUGLASS ST","DIAMOND HEIGHTS BLVD","Duncan Street from Douglass Street to Diamond Heights Boulevard","Speed Hump","1","4","2010","2010/04/01","FY 2009-2010","Site Specific","Complete","<Null>","<Null>","<Null>","LINESTRING (-122.437934455 37.745434593, -122.438039608 37.745421229, -122.440088049 37.745296036)","2026/05/23 10:19:56 AM","2026/05/23 10:48:09 AM"
"549","28920","4416000","Bernal Heights","CORTLAND AVE","9","MISSION ST","COLERIDGE ST","Cortland Avenue from Mission Street to Coleridge Street","5-Lump Speed Cushion","1","7","2021","2021/07/01","<Null>","D9 CRT","Complete","<Null>","<Null>","<Null>","LINESTRING (-122.422840577 37.741027408, -122.42174168 37.740580733)","2026/05/23 10:19:56 AM","2026/05/23 10:48:09 AM"
"550","28921","4417000","Holly Park","CORTLAND AVE","9","COLERIDGE ST","PROSPECT AVE","Cortland Avenue from Coleridge Street to Prospect Avenue","<Null>","<Null>","<Null>","<Null>",,"FY 2020-2021","App-Based","Pending construction","TBD","Completion","TBD","LINESTRING (-122.42174168 37.740580733, -122.42085633 37.740220848)","2026/05/23 10:19:56 AM","2026/05/23 10:48:09 AM"
"551","28922","4418000","Bernal Heights","CORTLAND AVE","9","PROSPECT AVE","WINIFIELD ST","Cortland Avenue from Prospect Avenue to Winifield Street","5-Lump Speed Cushion","1","7","2021","2021/07/01","<Null>","D9 CRT","Complete","<Null>","<Null>","<Null>","LINESTRING (-122.42085633 37.740220848, -122.420275045 37.739984557)","2026/05/23 10:19:56 AM","2026/05/23 10:48:09 AM"
"552","28923","4419000","Holly Park","CORTLAND AVE","9","WINFIELD ST","ELSIE ST","Cortland Avenue from Winfield Street to Elsie Street","<Null>","<Null>","<Null>","<Null>",,"FY 2020-2021","App-Based","Pending construction","TBD","Completion","TBD","LINESTRING (-122.420275045 37.739984557, -122.41972009 37.739758966)","2026/05/23 10:19:56 AM","2026/05/23 10:48:09 AM"
"554","27919","5292000","Jordan Park - Laurel Heights","EUCLID AVE","2","MANZANITA AVE","IRIS AVE","Euclid Avenue from Manzanita Avenue to Iris Avenue","5-Lump Speed Cushion","1","2","2018","2018/02/01",,"Euclid TC","Complete","<Null>","<Null>","<Null>","LINESTRING (-122.451012147 37.784275274, -122.451875437 37.784126742)","2026/05/23 10:19:56 AM","2026/05/23 10:48:09 AM"
"555","27925","5298000","Jordan Park - Laurel Heights","EUCLID AVE","2","JORDAN AVE","PALM AVE","Euclid Avenue from Jordan Avenue to Palm Avenue","3-Lump Speed Cushion","1","3","2018","2018/03/01",,"Euclid TC","Complete","<Null>","<Null>","<Null>","LINESTRING (-122.45681322 37.783928912, -122.457922818 37.783874311)","2026/05/23 10:19:56 AM","2026/05/23 10:48:09 AM"
"556","27926","5299000","Jordan Park - Laurel Heights","EUCLID AVE","2","PALM AVE","ARGUELLO BLVD","Euclid Avenue from Palm Avenue to Arguello Boulevard","3-Lump Speed Cushion","1","2","2018","2018/02/01",,"Euclid TC","Complete","<Null>","<Null>","<Null>","LINESTRING (-122.457922818 37.783874311, -122.459044553 37.783826604)","2026/05/23 10:19:56 AM","2026/05/23 10:48:09 AM"
"559","30194","3128000","Merced Heights","BRIGHT ST","11","SARGENT ST","RANDOLPH ST","Bright Street from Sargent Street to Randolph Street","3-Lump Speed Cushion","2","<Null>","<Null>",,"FY 2021-2022","App-Based","Pending construction","TBD","Completion","TBD","LINESTRING (-122.463499698 37.71430078, -122.46352104 37.716135074)","2026/05/23 10:19:56 AM","2026/05/23 10:48:09 AM"
"560","30197","3131000","Merced Heights","BRIGHT ST","7, 11","GARFIELD ST","HOLLOWAY AVE","Bright Street from Garfield Street to Holloway Avenue","Speed Hump","1","0","2014","2014/01/01","FY 2011-2012","Site Specific","Complete","<Null>","<Null>","<Null>","LINESTRING (-122.463560563 37.719889888, -122.463581649 37.721686104)","2026/05/23 10:19:56 AM","2026/05/23 10:48:09 AM"
"561","30203","3137000","Oceanview","BROAD ST","11","FARRAGUT AVE \ SAN JOSE AVE","PLYMOUTH AVE","Broad Street from Farragut Avenue \ San Jose Avenue to Placeymouth Avenue","Edgeline","0","0","0","1900/01/01","FY 2009-2010","TC Implementation","Complete","<Null>","<Null>","<Null>","LINESTRING (-122.453457697 37.713212387, -122.456053047 37.713193562)","2026/05/23 10:19:56 AM","2026/05/23 10:48:09 AM"
"562","30204","3138000","Oceanview","BROAD ST","11","PLYMOUTH AVE","CAPITOL AVE","Broad Street from Placeymouth Avenue to Capitol Avenue","Edgeline","0","0","0","1900/01/01","FY 2009-2010","TC Implementation","Complete","<Null>","<Null>","<Null>","LINESTRING (-122.456053047 37.713193562, -122.459024436 37.713172049)","2026/05/23 10:19:56 AM","2026/05/23 10:48:09 AM"
"563","30205","3139000","Oceanview","BROAD ST","11","CAPITOL AVE","ORIZABA AVE","Broad Street from Capitol Avenue to Orizaba Avenue","Edgeline","0","0","0","1900/01/01","FY 2009-2010","TC Implementation","Complete","<Null>","<Null>","<Null>","LINESTRING (-122.459024436 37.713172049, -122.462568999 37.713150165)","2026/05/23 10:19:56 AM","2026/05/23 10:48:09 AM"
"565","28218","4976000","Excelsior","DUBLIN ST","11","RUSSIA AVE","PERSIA AVE","Dublin Street from Russia Avenue to Persia Avenue","3-Lump Speed Cushion","2","<Null>","<Null>",,"FY 2021-2022","App-Based","Pending construction","TBD","Completion","TBD","LINESTRING (-122.426390271 37.718560725, -122.42757165 37.716997378)","2026/05/23 10:19:56 AM","2026/05/23 10:48:09 AM"
"567","28999","4317000","Jordan Park - Laurel Heights","COMMONWEALTH AVE","2","EUCLID AVE","GEARY BLVD","Commonwealth Avenue from Euclid Avenue to Geary Boulevard","Speed Hump","1","0","0","1900/01/01","Pilot","Areawide Pilot","Obsolete","<Null>","<Null>","<Null>","LINESTRING (-122.455711327 37.783978891, -122.455523985 37.78143114)","2026/05/23 10:19:56 AM","2026/05/23 10:48:09 AM"
"568","24847","8033000","Lake","LAKE ST","1","24TH AVE","25TH AVE","Lake Street from 24th Avenue to 25th Avenue","Speed Table","1","1","2020","2020/01/01","FY 2016-2017","App-Based","Complete","<Null>","<Null>","<Null>","LINESTRING (-122.484079805 37.78579453, -122.485147938 37.78574601)","2026/05/23 10:19:56 AM","2026/05/23 10:48:09 AM"
"569","24848","8034000","Lake","LAKE ST","1","25TH AVE","26TH AVE","Lake Street from 25th Avenue to 26th Avenue","Speed Table","1","1","2020","2020/01/01","FY 2016-2017","App-Based","Complete","<Null>","<Null>","<Null>","LINESTRING (-122.485147938 37.78574601, -122.486223795 37.785697129)","2026/05/23 10:19:56 AM","2026/05/23 10:48:09 AM"
"570","27169","6033000","Portola","GAVEN ST","9","BARNEVELD AVE","MERRILL ST","Gaven Street from Barneveld Avenue to Merrill Street","Speed Hump","2","7","2015","2015/07/01",,"Site Specific Backlog","Complete","<Null>","<Null>","<Null>","LINESTRING (-122.407545874 37.733702625, -122.409693195 37.733045932)","2026/05/23 10:19:56 AM","2026/05/23 10:48:09 AM"
"571","27177","5959000","Inner Richmond","FUNSTON AVE","1","CALIFORNIA ST","CLEMENT ST","Funston Avenue from California Street to Clement Street","Speed Hump","1","12","2017","2017/12/01",,,"Complete","<Null>","<Null>","<Null>","LINESTRING (-122.472051929 37.784476311, -122.471915032 37.782596214)","2026/05/23 10:19:56 AM","2026/05/23 10:48:09 AM"
"572","27183","5965000","Inner Sunset","FUNSTON AVE","7","IRVING ST","LINCOLN WY","Funston Avenue from Irving Street to Lincoln Way","3-Lump Speed Cushion","2","3","2022","2022/03/01","FY 2019-2020","App-Based","Complete","<Null>","<Null>","<Null>","LINESTRING (-122.470727259 37.765739255, -122.470595086 37.763848791)","2026/05/23 10:19:56 AM","2026/05/23 10:48:09 AM"
"573","27184","5966000","Inner Sunset","FUNSTON AVE","7","IRVING ST","JUDAH ST","Funston Avenue from Irving Street to Judah Street","Speed Hump","2","4","2015","2015/04/01","FY 2013-2014","App-Based","Complete","<Null>","<Null>","<Null>","LINESTRING (-122.470595086 37.763848791, -122.470464923 37.761986992)","2026/05/23 10:19:56 AM","2026/05/23 10:48:09 AM"
"574","27185","5967000","Inner Sunset","FUNSTON AVE","7","JUDAH ST","KIRKHAM ST","Funston Avenue from Judah Street to Kirkham Street","3-Lump Speed Cushion","2","12","2025","2025/12/01","FY 2021-2022","App-Based","Complete",,,,"LINESTRING (-122.470464923 37.761986992, -122.470334652 37.760123551)","2026/05/23 10:19:56 AM","2026/05/23 10:48:09 AM"
"575","25140","7739000","Potrero Hill","KANSAS ST","10","25TH ST","26TH ST","Kansas Street from 25th Street to 26th Street","5-Lump Speed Cushion","1","11","2020","2020/11/01",,"TC Backlog","Complete","<Null>","<Null>","<Null>","LINESTRING (-122.402314716 37.751960681, -122.402183518 37.750580762)","2026/05/23 10:19:56 AM","2026/05/23 10:48:09 AM"
"576","25921","7039001","South of Market","HOWARD ST","6","04TH ST","05TH ST","Howard Street from 4th Street to 5th Street","Raised Crosswalk","1","7","2019","2019/07/01",,"CRT Rapid Response","Complete","<Null>","<Null>","<Null>","LINESTRING (-122.402708154 37.783259236, -122.404933347 37.781499509)","2026/05/23 10:19:56 AM","2026/05/23 10:48:09 AM"
"577","25943","7061000","Oceanview","HOWTH ST","11","GENEVA AVE","NIAGARA AVE","Howth Street from Geneva Avenue to Niagara Avenue","3-Lump Speed Cushion","2","8","2023","2023/08/01","FY 2020-2021","App-Based","Complete",,,"<Null>","LINESTRING (-122.450118226 37.722082795, -122.450927233 37.720812694)","2026/05/23 10:19:56 AM","2026/05/23 10:48:09 AM"
"579","25952","7070000","Bayview District","HUDSON AVE","10","INGALLS ST","BERTHA LN","Hudson Avenue from Ingalls Street to Bertha Lane","Channelization","0","0","2008","2008/01/01",,,"Complete","<Null>","<Null>","<Null>","LINESTRING (-122.379596063 37.732464571, -122.379765033 37.732435749, -122.380039411 37.732408635, -122.380184589 37.732422174)","2026/05/23 10:19:56 AM","2026/05/23 10:48:09 AM"
"580","26444","6592000","Crocker Amazon","GUTTENBERG ST","11","MISSION ST","MORSE ST","Guttenberg Street from Mission Street to Morse Street","Speed Hump","1","3","2022","2022/03/01","FY 2019-2020","App-Based","Complete","<Null>","<Null>","<Null>","LINESTRING (-122.444571083 37.712783427, -122.444097098 37.711689443)","2026/05/23 10:19:56 AM","2026/05/23 10:48:09 AM"
"581","26445","6593000","Crocker Amazon","GUTTENBERG ST","11","BRUNSWICK ST","MORSE ST","Guttenberg Street from Brunswick Street to Morse Street","Speed Hump","1","3","2022","2022/03/01","FY 2019-2020","D11 NTIP","Complete","<Null>","<Null>","<Null>","LINESTRING (-122.444097098 37.711689443, -122.443685515 37.711202653, -122.44333537 37.710554581)","2026/05/23 10:19:56 AM","2026/05/23 10:48:09 AM"
"582","26458","6546000","Bret Harte","GRIFFITH ST","10","CAMERON WAY","FITZGERALD AVE","Griffith Street from Cameron Way to Fitzgerald Avenue","Speed Hump","1","0","0","1900/01/01","Pilot","Areawide Pilot","Complete","<Null>","<Null>","<Null>","LINESTRING (-122.385609011 37.720054547, -122.385628402 37.719937001, -122.386198392 37.719299062, -122.386435145 37.719106982, -122.386797766 37.718937755, -122.387033831 37.718894894, -122.38739093 37.718860752, -122.387661333 37.718760498)","2026/05/23 10:19:56 AM","2026/05/23 10:48:09 AM"
"584","25216","7728000","Potrero Hill","KANSAS ST","10","17TH ST","MARIPOSA ST","Kansas Street from 17th Street to Mariposa Street","3-Lump Speed Cushion","1","8","2023","2023/08/01","FY 2020-2021","App-Based","Complete",,,"<Null>","LINESTRING (-122.403527034 37.76472287, -122.403412496 37.763445168)","2026/05/23 10:19:56 AM","2026/05/23 10:48:09 AM"
"585","25972","7001000","Bernal Heights South","HOLLY PARK CIR","9","NEWMAN ST","HIGHLAND AVE","Holly Park Circle from Newman Street to Highland Avenue","Speed Bump","0","0","0","1900/01/01",,,"Complete","<Null>","<Null>","<Null>","LINESTRING (-122.418940194 37.737896605, -122.418828235 37.737713845, -122.41877389 37.737424973, -122.418800229 37.73714808)","2026/05/23 10:19:56 AM","2026/05/23 10:48:09 AM"
"586","25973","7002000","Bernal Heights South","HOLLY PARK CIR","9","HIGHLAND AVE","PARK ST","Holly Park Circle from Highland Avenue to Park Street","Speed Bump","1","0","0","1900/01/01",,,"Complete","<Null>","<Null>","<Null>","LINESTRING (-122.418800229 37.73714808, -122.418875826 37.736981883, -122.419082125 37.736651699, -122.419292796 37.736448339)","2026/05/23 10:19:56 AM","2026/05/23 10:48:09 AM"
"587","25974","7003000","Bernal Heights South","HOLLY PARK CIR","9","PARK ST","MURRAY ST","Holly Park Circle from Park Street to Murray Street","Speed Bump","1","0","0","1900/01/01",,,"Complete","<Null>","<Null>","<Null>","LINESTRING (-122.419292796 37.736448339, -122.419551052 37.736296116, -122.419838204 37.736196002, -122.42013382 37.73613746)","2026/05/23 10:19:56 AM","2026/05/23 10:48:09 AM"
"588","25977","7006000","Bernal Heights South","HOLLY PARK CIR","9","HIGHLAND AVE","APPLETON AVE","Holly Park Circle from Highland Avenue to Appleton Avenue","Speed Bump","1","0","0","1900/01/01",,,"Complete","<Null>","<Null>","<Null>","LINESTRING (-122.421080455 37.73725979, -122.421018517 37.737454857, -122.420909866 37.737610623)","2026/05/23 10:19:56 AM","2026/05/23 10:48:09 AM"
"589","25978","7007000","Bernal Heights South","HOLLY PARK CIR","9","APPLETON AVE","ELSIE ST","Holly Park Circle from Appleton Avenue to Elsie Street","Speed Bump","1","0","0","1900/01/01",,,"Complete","<Null>","<Null>","<Null>","LINESTRING (-122.420909866 37.737610623, -122.420679034 37.737925597)","2026/05/23 10:19:56 AM","2026/05/23 10:48:09 AM"
"590","25990","7019000","Noe Valley","HOMESTEAD ST","8","24TH ST","25TH ST","Homestead Street from 24th Street to 25th Street","Speed Hump","2","1","2021","2021/01/01",,"Restoration After Paving (2807J)","Complete","<Null>","<Null>","<Null>","LINESTRING (-122.439547269 37.75096278, -122.439390261 37.74936537)","2026/05/23 10:19:56 AM","2026/05/23 10:48:09 AM"
"591","26012","6961000","Bret Harte","HOLLISTER AVE","10","HAWES ST","INGALLS ST","Hollister Avenue from Hawes Street to Ingalls Street","Speed Hump","2","12","2017","2017/12/01","FY 2015-2016","App-Based","Complete","<Null>","<Null>","<Null>","LINESTRING (-122.390564154 37.718687633, -122.39241823 37.719739949)","2026/05/23 10:19:56 AM","2026/05/23 10:48:09 AM"
"592","26013","6962000","Bret Harte","HOLLISTER AVE","10","INGALLS ST","JENNINGS ST","Hollister Avenue from Ingalls Street to Jennings Street","Speed Hump","2","5","2017","2017/05/01","FY 2015-2016","App-Based","Complete","<Null>","<Null>","<Null>","LINESTRING (-122.39241823 37.719739949, -122.394193462 37.72074746, -122.394301948 37.720783054)","2026/05/23 10:19:56 AM","2026/05/23 10:48:09 AM"
"593","26475","6561000","Hayes Valley","GROVE ST","5","WEBSTER ST","FILLMORE ST","Grove Street from Webster Street to Fillmore Street","Speed Hump","2","10","2021","2021/10/01","FY 2018-2019","App-Based","Complete","<Null>","<Null>","<Null>","LINESTRING (-122.429686883 37.776976023, -122.431384423 37.776759678)","2026/05/23 10:19:56 AM","2026/05/23 10:48:09 AM"
"594","25225","7737000","Potrero Hill","KANSAS ST","10","23RD ST","24TH ST","Kansas Street from 23rd Street to 24th Street","5-Lump Speed Cushion","1","11","2020","2020/11/01",,"TC Backlog","Complete","<Null>","<Null>","<Null>","LINESTRING (-122.40255751 37.75451212, -122.402436076 37.753236027)","2026/05/23 10:19:56 AM","2026/05/23 10:48:09 AM"
"595","25226","7738000","Potrero Hill","KANSAS ST","10","24TH ST","25TH ST","Kansas Street from 24th Street to 25th Street","5-Lump Speed Cushion","1","11","2020","2020/11/01",,"TC Backlog","Complete","<Null>","<Null>","<Null>","LINESTRING (-122.402436076 37.753236027, -122.402314716 37.751960681)","2026/05/23 10:19:56 AM","2026/05/23 10:48:09 AM"
"596","25241","7687000","Sunnyside","JUDSON AVE","7","CIRCULAR AVE \ DETROIT ST \ PAULDING ST","EDNA ST","Judson Avenue from Circlecular Avenue \ Detroit Street \ Paulding Street to Edna Street","3-Lump Speed Cushion","1","4","2021","2021/04/01","FY 2018-2019","D7 Participatory Budgeting","Complete","<Null>","<Null>","<Null>","LINESTRING (-122.444276984 37.728261755, -122.444398726 37.728287379, -122.44655943 37.728274957)","2026/05/23 10:19:56 AM","2026/05/23 10:48:09 AM"
"597","25242","7688000","Sunnyside","JUDSON AVE","7","EDNA ST","FOERSTER ST","Judson Avenue from Edna Street to Foerster Street","3-Lump Speed Cushion","2","4","2021","2021/04/01","FY 2018-2019","D7 Participatory Budgeting","Complete","<Null>","<Null>","<Null>","LINESTRING (-122.44655943 37.728274957, -122.447667742 37.728266331, -122.448064324 37.728340294, -122.448844642 37.728368944)","2026/05/23 10:19:56 AM","2026/05/23 10:48:09 AM"
"598","25247","7693000","Ingleside","JULES AVE","11","GRAFTON AVE","HOLLOWAY AVE","Jules Avenue from Grafton Avenue to Holloway Avenue","Speed Hump","1","4","2022","2022/04/01","FY 2019-2020","D11 NTIP","Complete","<Null>","<Null>","<Null>","LINESTRING (-122.46123397 37.720017993, -122.461242254 37.721831255)","2026/05/23 10:19:56 AM","2026/05/23 10:48:09 AM"
"599","25272","7635000","Miraloma Park","JUANITA WAY","7","REX AVE","DEL SUR AVE","Juanita Way from Rex Avenue to Del Sur Avenue","Speed Hump","1","9","2021","2021/09/01","FY 2018-2019","App-Based","Complete","<Null>","<Null>","<Null>","LINESTRING (-122.454931569 37.741776988, -122.454980949 37.741687053, -122.455141589 37.741477987, -122.455373977 37.74125053, -122.45557606 37.741106709, -122.45564136 37.741072855)","2026/05/23 10:19:56 AM","2026/05/23 10:48:09 AM"
"600","26025","6974000","Merced Heights","HOLLOWAY AVE","7","ORIZABA AVE","BRIGHT ST","Holloway Avenue from Orizaba Avenue to Bright Street","Speed Hump","1","6","2013","2013/06/01","FY 2013-2014","TC Implementation","Complete","<Null>","<Null>","<Null>","LINESTRING (-122.462682717 37.721692169, -122.463581649 37.721686104)","2026/05/23 10:19:56 AM","2026/05/23 10:48:09 AM"
"601","26029","6978000","Merced Heights","HOLLOWAY AVE","11","VICTORIA ST","RAMSELL ST","Holloway Avenue from Victoria Street to Ramsell Street","Speed Hump","1","0","2014","2014/01/01","FY 2011-2012","Backlog","Complete","<Null>","<Null>","<Null>","LINESTRING (-122.465563673 37.721672709, -122.466277766 37.721667875)","2026/05/23 10:19:56 AM","2026/05/23 10:48:09 AM"
"602","26031","6980000","Merced Heights","HOLLOWAY AVE","11","DE SOTO ST","ARCH ST","Holloway Avenue from De Soto Street to Arch Street","Speed Hump","1","6","2013","2013/06/01","FY 2013-2014","TC Implementation","Complete","<Null>","<Null>","<Null>","LINESTRING (-122.466588477 37.72166577, -122.467185158 37.721661725)","2026/05/23 10:19:56 AM","2026/05/23 10:48:09 AM"
"603","26036","6985000","Merced Heights","HOLLOWAY AVE","7, 11","RALSTON ST","ALVISO ST","Holloway Avenue from Ralston Street to Alviso Street","Speed Hump","1","6","2013","2013/06/01","FY 2013-2014","TC Implementation","Complete","<Null>","<Null>","<Null>","LINESTRING (-122.468974494 37.721649578, -122.469739692 37.721644376)","2026/05/23 10:19:56 AM","2026/05/23 10:48:09 AM"
"604","26039","6988000","Merced Heights","HOLLOWAY AVE","7","MONTICELLO ST","BEVERLY ST","Holloway Avenue from Monticello Street to Beverly Street","Speed Hump","1","6","2013","2013/06/01","FY 2013-2014","TC Implementation","Complete","<Null>","<Null>","<Null>","LINESTRING (-122.470779028 37.721637302, -122.471673585 37.721631204)","2026/05/23 10:19:56 AM","2026/05/23 10:48:09 AM"
"609","27340","5853000","Cole Valley","FREDERICK ST","5, 8","SHRADER ST","STANYAN ST","Frederick Street from Shrader Street to Streetanyan Street","3-Lump Speed Cushion","1","3","2021","2021/03/01","FY 2018-2019","D5 NTIP","Complete","<Null>","<Null>","<Null>","LINESTRING (-122.451295534 37.766591503, -122.452947034 37.766374074)","2026/05/23 10:19:56 AM","2026/05/23 10:48:09 AM"
"610","27342","5855000","Parnassus Heights","FREDERICK ST","5, 8","WILLARD ST","ARGUELLO BVD \ LINCOLN WAY","Frederick Street from Willard Street to Arguello Boulevard \ Lincoln Way","Speed Table","2","12","2020","2020/12/01","<Null>","Miscellaneous","Complete","<Null>","<Null>","<Null>","LINESTRING (-122.454592923 37.76616547, -122.456616092 37.765909015, -122.456913423 37.765873615, -122.457189365 37.76588055, -122.457489671 37.765930839, -122.457789624 37.766014767)","2026/05/23 10:19:56 AM","2026/05/23 10:48:09 AM"
"611","25273","7636000","Miraloma Park","JUANITA WAY","7","REX AVE","DEL SUR AVE","Juanita Way from Rex Avenue to Del Sur Avenue","Speed Hump","2","9","2021","2021/09/01","FY 2018-2019","App-Based","Complete","<Null>","<Null>","<Null>","LINESTRING (-122.45564136 37.741072855, -122.455935932 37.740920136, -122.456606713 37.740607998, -122.456993912 37.740420372)","2026/05/23 10:19:56 AM","2026/05/23 10:48:09 AM"
"612","26072","6935000","Inner Mission","HOFF ST","9","16TH ST","17TH ST","Hoff Street from 16th Street to 17th Street","Speed Hump","1","4","2005","2005/04/01","FY 2004-2005","Site Specific","Complete","<Null>","<Null>","<Null>","LINESTRING (-122.420580608 37.76499627, -122.420432817 37.763375552)","2026/05/23 10:19:56 AM","2026/05/23 10:48:09 AM"
"613","26088","6865000","Sunnyside","HEARST AVE","7","EDNA ST","FOERSTER ST","Hearst Avenue from Edna Street to Foerster Street","Speed Hump","2","3","2023","2023/03/01","FY 2015-2016","App-Based","Complete","<Null>","<Null>","<Null>","LINESTRING (-122.446573476 37.730699251, -122.448860456 37.730690189)","2026/05/23 10:19:56 AM","2026/05/23 10:48:09 AM"
"614","26089","6866000","Sunnyside","HEARST AVE","7","FOERSTER ST","GENNESSEE ST","Hearst Avenue from Foerster Street to Gennessee Street","Speed Hump","1","0","0","1900/01/01","FY 2011-2012","Areawide","Complete","<Null>","<Null>","<Null>","LINESTRING (-122.448860456 37.730690189, -122.451140811 37.73068111)","2026/05/23 10:19:56 AM","2026/05/23 10:48:09 AM"
"615",,"6421000","Laguna Honda","GRANVILLE WAY","7","ULLOA ST","PUBLIC PARK","Granville Way from Ulloa Street to Public Park","Speed Hump","2","12","2023","2023/12/01","FY 2018-2019","App-Based","Complete",,,"<Null>","LINESTRING (-122.46106994 37.740895388, -122.461072805 37.741028879, -122.461133472 37.741198569, -122.461226781 37.741393491, -122.461378848 37.741630498, -122.461612689 37.741882292, -122.461913966 37.742119504, -122.462141224 37.742250292, -122.462388871 37.742358797)","2026/05/23 10:19:56 AM","2026/05/23 10:48:09 AM"
"616","26595","6422000","Laguna Honda","GRANVILLE WAY","7","PUBLIC PARK","CLAREMONT BLVD","Granville Way from Public Park to Claremont Boulevard","Speed Hump","2","1","2022","2022/01/01","FY 2018-2019","App-Based","Complete","<Null>","<Null>","<Null>","LINESTRING (-122.462388871 37.742358797, -122.463088094 37.742665151, -122.463589006 37.742885577, -122.463803959 37.742927256)","2026/05/23 10:19:56 AM","2026/05/23 10:48:09 AM"
"618","27423","5760000","North Beach","FRANCISCO ST","3","WORDEN ST","POWELL ST","Francisco Street from Worden Street to Powell Street","Speed Hump","2","3","2021","2021/03/01","FY 2019-2020","Schools Engineering","Complete","<Null>","<Null>","<Null>","LINESTRING (-122.410504282 37.805052642, -122.411766481 37.804896011)","2026/05/23 10:19:56 AM","2026/05/23 10:48:09 AM"
"619","27433","5770000","Russian Hill","FRANCISCO ST","2","POLK ST","VAN NESS AVE","Francisco Street from Polk Street to Van Ness Avenue","Speed Hump","2","6","2020","2020/06/01",,"Schools Engineering","Complete","<Null>","<Null>","<Null>","LINESTRING (-122.423274962 37.80341264, -122.424918804 37.803205509)","2026/05/23 10:19:56 AM","2026/05/23 10:48:09 AM"
"620","27438","5775000","Marina","FRANCISCO ST","2","ALHAMBRA ST \ SCOTT ST","DIVISADERO ST","Francisco Street from Alhambra Street \ Scott Street to Divisadero Street","Speed Hump","1","6","2016","2016/06/01","FY 2014-2015","App-Based","Complete","<Null>","<Null>","<Null>","LINESTRING (-122.441368273 37.8011257, -122.443034624 37.800908209)","2026/05/23 10:19:56 AM","2026/05/23 10:48:09 AM"
"621","25338","7607000","Sunnyside","JOOST AVE","8","ACACIA ST","BADEN ST","Joost Avenue from Acacia Street to Baden Street","3-Lump Speed Cushion","2","9","2023","2023/09/01","FY 2020-2021","App-Based","Complete",,,"<Null>","LINESTRING (-122.437462036 37.732377405, -122.43974776 37.732368064)","2026/05/23 10:19:56 AM","2026/05/23 10:48:09 AM"
"622","25339","7608000","Sunnyside","JOOST AVE","7, 8","BADEN ST","CONGO ST","Joost Avenue from Baden Street to Congo Street","Speed Hump","2","12","2018","2018/12/01","FY 2016-2017","D7 Participatory Budgeting","Complete","<Null>","<Null>","<Null>","LINESTRING (-122.43974776 37.732368064, -122.442027054 37.73235684)","2026/05/23 10:19:56 AM","2026/05/23 10:48:09 AM"
"623","25340","7609000","Sunnyside","JOOST AVE","7","CONGO ST","DETROIT ST","Joost Avenue from Congo Street to Detroit Street","3-Lump Speed Cushion","2","4","2022","2022/04/01","FY 2019-2020","App-Based","Complete","<Null>","<Null>","<Null>","LINESTRING (-122.442027054 37.73235684, -122.44431435 37.732346901)","2026/05/23 10:19:56 AM","2026/05/23 10:48:09 AM"
"624","25341","7610000","Sunnyside","JOOST AVE","7","DETROIT ST","EDNA ST","Joost Avenue from Detroit Street to Edna Street","Speed Hump","2","1","2021","2021/01/01","FY 2017-2018","App-Based","Complete","<Null>","<Null>","<Null>","LINESTRING (-122.44431435 37.732346901, -122.446590759 37.732336634)","2026/05/23 10:19:56 AM","2026/05/23 10:48:09 AM"
"625","25343","7612000","Sunnyside","JOOST AVE","7","EDNA ST","FOERSTER ST","Joost Avenue from Edna Street to Foerster Street","Speed Hump","1","0","0","1900/01/01","FY 2011-2012","Areawide","Complete","<Null>","<Null>","<Null>","LINESTRING (-122.447296783 37.73233344, -122.448868659 37.732326316)","2026/05/23 10:19:56 AM","2026/05/23 10:48:09 AM"
"626","25345","7614000","Sunnyside","JOOST AVE","7","GENNESSEE ST","RIDGEWOOD AVE","Joost Avenue from Gennessee Street to Ridgewood Avenue","3-Lump Speed Cushion","2","3","2022","2022/03/01","FY 2019-2020","App-Based","Complete","<Null>","<Null>","<Null>","LINESTRING (-122.451153444 37.732315921, -122.453419052 37.732305571)","2026/05/23 10:19:56 AM","2026/05/23 10:48:09 AM"
"628","25365","7634000","Miraloma Park","JUANITA WAY","7","DEL SUR AVE","REX AVE","Juanita Way from Del Sur Avenue to Rex Avenue","Speed Hump","2","<Null>","<Null>",,"FY 2018-2019","App-Based","Complete","<Null>","<Null>","<Null>","LINESTRING (-122.45377347 37.743219459, -122.453948885 37.743094508, -122.454238217 37.742834575, -122.454469633 37.74256987, -122.454640201 37.74232624, -122.45479828 37.74201975, -122.454931569 37.741776988)","2026/05/23 10:19:56 AM","2026/05/23 10:48:09 AM"
"629","25366","7544000","Golden Gate Park","JOHN F KENNEDY DR","1, 4","END","CHAIN OF LAKES Drive","John F Kennedy Drive from End to Chain Of Lakes Drive","Speed Hump","2","12","2016","2016/12/01","FY 2016-2017",,"Complete","<Null>","<Null>","<Null>","LINESTRING (-122.496160675 37.769291825, -122.497317495 37.769085533, -122.497891453 37.768943375, -122.498547733 37.768759068, -122.500459829 37.768156876)","2026/05/23 10:19:56 AM","2026/05/23 10:48:09 AM"
"630","25367","7545000","Golden Gate Park","JOHN F KENNEDY DR","1, 4","CHAIN OF LAKES DR","END","John F Kennedy Drive from Chain Of Lakes Drive to End","Speed Hump","1","12","2016","2016/12/01","FY 2016-2017",,"Complete","<Null>","<Null>","<Null>","LINESTRING (-122.500459829 37.768156876, -122.501826349 37.767726481)","2026/05/23 10:19:56 AM","2026/05/23 10:48:09 AM"
"631","25368","7546000","Golden Gate Park","JOHN F KENNEDY DR","1, 4","END","BERNICE RODGERS WY","John F Kennedy Drive from End to Bernice Rodgers Way","Raised Crosswalk","1","12","2016","2016/12/01","FY 2016-2017",,"Complete","<Null>","<Null>","<Null>","LINESTRING (-122.501826349 37.767726481, -122.502212276 37.767615104, -122.502565602 37.767534638, -122.504555669 37.767057672, -122.506302009 37.766678066)","2026/05/23 10:19:56 AM","2026/05/23 10:48:09 AM"
"632","25369","7547000","Golden Gate Park","JOHN F KENNEDY DR","1, 4","BERNICE RODGERS WY","47TH AVE \ GOLF COURSE ACCESS RD","John F Kennedy Drive from Bernice Rodgers Way to 47th Avenue \ Golf Course Access Rd","Speed Hump","1","12","2016","2016/12/01","FY 2016-2017",,"Complete","<Null>","<Null>","<Null>","LINESTRING (-122.506302009 37.766678066, -122.506564287 37.76688309, -122.506816648 37.767152795, -122.507122026 37.767735371, -122.507718951 37.76859351, -122.507962671 37.768887249, -122.508276669 37.769233923)","2026/05/23 10:19:56 AM","2026/05/23 10:48:09 AM"
"633","25371","7549000","Golden Gate Park","JOHN F KENNEDY DR","1, 4","DUTCH WINDMILL ACCESS Rd","GREAT HWY","John F Kennedy Drive from Dutch Windmill Access Rd to Great Highway","Speed Hump","1","12","2016","2016/12/01","FY 2016-2017",,"Complete","<Null>","<Null>","<Null>","LINESTRING (-122.509515009 37.770041499, -122.509842873 37.770185421, -122.510454 37.770392335, -122.510714733 37.770437455, -122.510925947 37.770435676)","2026/05/23 10:19:56 AM","2026/05/23 10:48:09 AM"
"635","26114","6891000","Forest Hills Extension","HERNANDEZ AVE","7","LAGUNA HONDA BLVD","GARCIA AVE \ VASQUEZ AVE","Hernandez Avenue from Laguna Honda Boulevard to Garcia Avenue \ Vasquez Avenue","Speed Hump","1","0","2014","2014/01/01","FY 2011-2012","Early Implementation","Complete","<Null>","<Null>","<Null>","LINESTRING (-122.456847952 37.744807586, -122.457255677 37.744765299, -122.457457435 37.744789638, -122.45849025 37.744966303, -122.458771075 37.745031673, -122.459211142 37.745271379)","2026/05/23 10:19:56 AM","2026/05/23 10:48:09 AM"
"636","26117","6894000","Little Hollywood","HESTER AVE","10","LOIS LN","PENINSULA AVE","Hester Avenue from Lois Lane to Peninsula Avenue","Speed Hump","1","6","2020","2020/06/01","FY 2017-2018","App-Based","Complete","<Null>","<Null>","<Null>","LINESTRING (-122.398991049 37.71533879, -122.398834619 37.715264996, -122.398502335 37.714933105, -122.398350802 37.714687715, -122.397652418 37.713305615, -122.397688684 37.713117528, -122.39788056 37.712992152, -122.398166883 37.712946777, -122.398542264 37.712993681)","2026/05/23 10:19:56 AM","2026/05/23 10:48:09 AM"
"637","26120","6895000","Little Hollywood","HESTER AVE","10","PENINSULA AVE","WHEELER AVE","Hester Avenue from Peninsula Avenue to Wheeler Avenue","Speed Hump","1","6","2020","2020/06/01","FY 2017-2018","App-Based","Complete","<Null>","<Null>","<Null>","LINESTRING (-122.398542264 37.712993681, -122.398873642 37.713082127, -122.399363268 37.713319129)","2026/05/23 10:19:56 AM","2026/05/23 10:48:09 AM"
"638","26124","6899000","Civic Center","HICKORY ST","5","FRANKLIN ST","GOUGH ST","Hickory Street from Franklin Street to Gough Street","Raised Crosswalk","1","4","2021","2021/04/01","FY 2019-2020","Schools Engineering","Complete","<Null>","<Null>","<Null>","LINESTRING (-122.42105326 37.775695233, -122.422693093 37.775486533)","2026/05/23 10:19:56 AM","2026/05/23 10:48:09 AM"
"639","26149","6837000","Westwood Park","HAZELWOOD AVE","7","STAPLES AVE","GREENWOOD AVE","Hazelwood Avenue from Staples Avenue to Greenwood Avenue","Speed Table","1","01","2026","2026/01/01","FY 2021-2022","App-Based","Complete",,,,"LINESTRING (-122.453990651 37.728511565, -122.45399587 37.728803216, -122.454002367 37.729166447)","2026/05/23 10:19:56 AM","2026/05/23 10:48:09 AM"
"640","26150","6838000","Westwood Park","HAZELWOOD AVE","7","FLOOD AVE","STAPLES AVE","Hazelwood Avenue from Flood Avenue to Staples Avenue","Speed Table","1","12","2025","2025/12/01","FY 2021-2022","App-Based","Complete",,,,"LINESTRING (-122.454002367 37.729166447, -122.454007411 37.729448338, -122.45407205 37.729833874)","2026/05/23 10:19:56 AM","2026/05/23 10:48:09 AM"
"641","26151","6839000","Westwood Park","HAZELWOOD AVE","7","MONTECITO AVE","FLOOD AVE","Hazelwood Avenue from Montecito Avenue to Flood Avenue","3-Lump Speed Cushion","1","<Null>","<Null>",,"FY 2021-2022","App-Based","Pending construction","TBD","Completion","TBD","LINESTRING (-122.45407205 37.729833874, -122.45428542 37.73047746)","2026/05/23 10:19:56 AM","2026/05/23 10:48:09 AM"
"642","26156","6844000","Westwood Highlands","HAZELWOOD AVE","7","LOS PALMOS DR","BRENTWOOD AVE","Hazelwood Avenue from Los Palmos Drive to Brentwood Avenue","Speed Hump","1","1","2022","2022/01/01","FY 2018-2019","App-Based","Complete","<Null>","<Null>","<Null>","LINESTRING (-122.456516361 37.734267364, -122.456624263 37.734441907, -122.456793192 37.734538732, -122.457046614 37.734574029, -122.457418935 37.734484239, -122.457562934 37.734486327)","2026/05/23 10:19:56 AM","2026/05/23 10:48:09 AM"
"643","26157","6845000","Westwood Highlands","HAZELWOOD AVE","7","LOS PALMOS DR","CASITAS AVE","Hazelwood Avenue from Los Palmos Drive to Casitas Avenue","Speed Hump","1","5","2022","2022/05/01","FY 2018-2019","App-Based","Complete",,,"<Null>","LINESTRING (-122.457562934 37.734486327, -122.457684853 37.734488095, -122.458110384 37.734567587, -122.458379966 37.734580913, -122.458754663 37.73453907, -122.459049815 37.734458483, -122.459504541 37.734290572)","2026/05/23 10:19:56 AM","2026/05/23 10:48:09 AM"
"644","27550","5629000","Mission District","FLORIDA ST","9","24TH ST","25TH ST","Florida Street from 24th Street to 25th Street","Speed Hump","2","12","2025","2025/12/01","FY 2021-2022","App-Based","Complete",,,,"LINESTRING (-122.410066406 37.752739025, -122.409914401 37.751145048)","2026/05/23 10:19:56 AM","2026/05/23 10:48:09 AM"
"645","27551","5630000","Mission District","FLORIDA ST","9","25TH ST","26TH ST","Florida Street from 25th Street to 26th Street","Speed Hump","2","11","2023","2023/11/01","FY 2020-2021","App-Based","Complete",,,"<Null>","LINESTRING (-122.409914401 37.751145048, -122.409761759 37.749544315)","2026/05/23 10:19:56 AM","2026/05/23 10:48:09 AM"
"646","27563","5640000","Sunnyside","FOERSTER ST","7","HEARST AVE","FLOOD AVE","Foerster Street from Hearst Avenue to Flood Avenue","Speed Table","1","12","2025","2025/12/01","FY 2021-2022","App-Based","Complete",,,,"LINESTRING (-122.448854952 37.729882308, -122.448860456 37.730690189)","2026/05/23 10:19:56 AM","2026/05/23 10:48:09 AM"
"647","25372","7550000","McLaren Park","JOHN F SHELLEY DR","9, 11","MANSELL ST","CAMBRIDGE ST","John F Shelley Drive from Mansell Street to Cambridge Street","Raised Crosswalk","1","4","2018","2018/04/01",,"John F Shelley Drive TC","Complete","<Null>","<Null>","<Null>","LINESTRING (-122.414176323 37.718126716, -122.414254433 37.718295162, -122.414380842 37.71881984, -122.414374988 37.719140459, -122.414323187 37.719430443, -122.414343467 37.719669946, -122.414425874 37.719910681, -122.41460409 37.720145373, -122.414825483 37.720303158, -122.415109178 37.720468894, -122.415302477 37.720631616, -122.415425359 37.720799965, -122.41568111 37.721414439, -122.415800711 37.721564909, -122.416027178 37.721700194, -122.416286345 37.721790118, -122.416484418 37.72180931)","2026/05/23 10:19:56 AM","2026/05/23 10:48:09 AM"
"648","25373","7551000","McLaren Park","JOHN F SHELLEY DR","9, 11","CAMBRIDGE ST","MANSELL ST","John F Shelley Drive from Cambridge Street to Mansell Street","Raised Crosswalk","2","4","2018","2018/04/01",,"John F Shelley Drive TC","Complete","<Null>","<Null>","<Null>","LINESTRING (-122.416484418 37.72180931, -122.416681679 37.721797135, -122.417165807 37.721854258, -122.41786039 37.721972955, -122.418331625 37.722077353, -122.41855273 37.722114098, -122.419194451 37.722152957, -122.420519866 37.72221653, -122.420857754 37.722293954, -122.421109798 37.722435537, -122.421289125 37.722602959, -122.421421762 37.722820456, -122.421467286 37.723052822, -122.421504114 37.723276361, -122.421636928 37.723500579, -122.421838772 37.723665393, -122.422030355 37.723760889, -122.422208916 37.723789357, -122.422470265 37.723744746, -122.422653523 37.723627444, -122.422719033 37.7235412, -122.422878366 37.723262903, -122.42310259 37.722983549, -122.423178108 37.722847831, -122.423274501 37.722536941, -122.42334206 37.722311696, -122.423471452 37.722076475, -122.423654568 37.721844859, -122.423847229 37.721545845, -122.423874206 37.721388506, -122.423844175 37.721209682, -122.423738722 37.721061228, -122.423489208 37.720908403, -122.423002649 37.720757207, -122.422811942 37.720695319, -122.422551029 37.720538196, -122.422273813 37.720296163, -122.42211217 37.720157591, -122.42184879 37.720013953, -122.420877729 37.719462715, -122.420630484 37.719397262, -122.420270797 37.719349331, -122.418973008 37.719260651, -122.418704239 37.71923589, -122.418521018 37.719135769, -122.41845104 37.718939663, -122.41851237 37.718766091)","2026/05/23 10:19:56 AM","2026/05/23 10:48:09 AM"
"649","25383","7561000","Nob Hill","JOICE ST","3","CLAY ST","SACRAMENTO ST","Joice Street from Clay Street to Sacramento Street","Speed Hump","1","5","2022","2022/05/01","FY 2021-2022","PW Joice Alley Ped Improvements","Complete","<Null>","<Null>","<Null>","LINESTRING (-122.408545055 37.793074436, -122.408720357 37.793956347)","2026/05/23 10:19:56 AM","2026/05/23 10:48:09 AM"
"655","25420","7513000","Noe Valley","JERSEY ST","8","CASTRO ST","DIAMOND ST","Jersey Street from Castro Street to Diamond Street","Speed Hump","2","4","2022","2022/04/01","FY 2019-2020","App-Based","Complete","<Null>","<Null>","<Null>","LINESTRING (-122.434006518 37.750494925, -122.436222448 37.750360556)","2026/05/23 10:19:56 AM","2026/05/23 10:48:09 AM"
"657","26180","6778000","Mission Terrace","HAVELOCK ST","11","ARAGO ST","SAN JOSE AVE","Havelock Street from Arago Street to San Jose Avenue","3-Lump Speed Cushion","2","4","2022","2022/04/01","FY 2019-2020","App-Based","Complete","<Null>","<Null>","<Null>","LINESTRING (-122.441581917 37.726758875, -122.443611251 37.726743474)","2026/05/23 10:19:56 AM","2026/05/23 10:48:09 AM"
"659","27663","5568101","Marina","FILLMORE ST","2","CHESTNUT ST","BAY ST \ CERVANTES BLVD","Fillmore Street from Chestnut Street to Bay Street \ Cervantes Boulevard","3-Lump Speed Cushion","2","8","2020","2020/08/01","FY 2018-2019","Schools Engineering","Complete","<Null>","<Null>","<Null>","LINESTRING (-122.43627391 37.800814145, -122.436381208 37.800894715, -122.436763551 37.802525287, -122.436693348 37.802628425)","2026/05/23 10:19:56 AM","2026/05/23 10:48:09 AM"
"660","27670","5487000","Monterey Heights","FERNWOOD DR","7","BRENTWOOD AVE \ ROSEWOOD DR \ UNNAMED 040","EL VERANO WAY","Fernwood Drive from Brentwood Avenue \ Rosewood Drive \ Unnamed 40 to El Verano Way","3-Lump Speed Cushion","1","4","2018","2018/04/01","FY 2015-2016","App-Based","Complete","<Null>","<Null>","<Null>","LINESTRING (-122.460428993 37.73262943, -122.460457232 37.732316016, -122.460545379 37.732042989, -122.460559348 37.731918508)","2026/05/23 10:19:56 AM","2026/05/23 10:48:09 AM"
"661","27685","5501000","Telegraph Hill","FILBERT ST","3","JASPER PL","KRAUSGRILL PL","Filbert Street from Jasper Place to Krausgrill Place","Speed Hump","1","4","2015","2015/04/01","FY 2013-2014","App-Based","Complete","<Null>","<Null>","<Null>","LINESTRING (-122.408552016 37.80147291, -122.408928787 37.801425761)","2026/05/23 10:19:56 AM","2026/05/23 10:48:09 AM"
"662","25421","7514000","Noe Valley","JERSEY ST","8","DIAMOND ST","DOUGLASS ST","Jersey Street from Diamond Street to Douglass Street","Speed Hump","2","4","2021","2021/04/01","FY 2019-2020","App-Based","Complete","<Null>","<Null>","<Null>","LINESTRING (-122.436222448 37.750360556, -122.438396848 37.750226356)","2026/05/23 10:19:56 AM","2026/05/23 10:48:09 AM"
"663","25434","7525000","South of Market","JESSIE ST","6","09TH ST","10TH ST","Jessie Street from 9th Street to 10th Street","Speed Hump","1","7","2017","2017/07/01","FY 2015-2016","App-Based","Complete","<Null>","<Null>","<Null>","LINESTRING (-122.415320568 37.776717704, -122.416525136 37.775764145)","2026/05/23 10:19:56 AM","2026/05/23 10:48:09 AM"
"664","25446","7535000","Golden Gate Park","JOHN F KENNEDY DR","7","CONSERVATORY DR","END","John F Kennedy Drive from Conservatory Drive to End","Raised Crosswalk","1","10","2019","2019/10/01",,"GGP Traffic Safety","Complete","<Null>","<Null>","<Null>","LINESTRING (-122.46204713 37.771776487, -122.463038267 37.772024147, -122.464124232 37.77231957, -122.46461064 37.772440329)","2026/05/23 10:19:56 AM","2026/05/23 10:48:09 AM"
"665","25450","7539000","Golden Gate Park","JOHN F KENNEDY DR","7","10TH AVE","STOW LAKE DR","John F Kennedy Drive from 10th Avenue to Streetow Lake Drive","Raised Crosswalk","1","7","2018","2018/07/01",,"Golden Gate Park Traffic Safety","Complete","<Null>","<Null>","<Null>","LINESTRING (-122.46808616 37.772524427, -122.468392246 37.772476741, -122.468867877 37.772383646, -122.469210715 37.772250191, -122.469474813 37.772090958, -122.470413648 37.771436631, -122.471013435 37.771058902, -122.471630414 37.770777646, -122.471838347 37.77070837, -122.472096791 37.770704046, -122.472404921 37.770733725, -122.472768746 37.770839882, -122.473655191 37.771155802)","2026/05/23 10:19:56 AM","2026/05/23 10:48:09 AM"
"666","25452","7541000","Golden Gate Park","JOHN F KENNEDY DR","1, 4","TRANSVERSE DR","30TH AVE","John F Kennedy Drive from Transverse Drive to 30th Avenue","Speed Hump","3","12","2016","2016/12/01","FY 2016-2017",,"Complete","<Null>","<Null>","<Null>","LINESTRING (-122.479895428 37.770495879, -122.480699473 37.770223242, -122.481370456 37.770050886, -122.481724466 37.770018592, -122.482129038 37.770013138, -122.482590721 37.770068612, -122.48291291 37.770136038, -122.483435615 37.770207791, -122.483897123 37.77015836, -122.484380495 37.770039134, -122.484769547 37.769988888, -122.485189914 37.77006994, -122.48635007 37.77065028, -122.486699293 37.770810441, -122.487093628 37.770886371, -122.48757034 37.770860222, -122.488470969 37.77076727, -122.489087513 37.77078464, -122.489804361 37.770894565)","2026/05/23 10:19:56 AM","2026/05/23 10:48:09 AM"
"667","25453","7542000","Golden Gate Park","JOHN F KENNEDY DR","1, 4","30TH AVE","END","John F Kennedy Drive from 30th Avenue to End","Speed Hump","1","12","2016","2016/12/01","FY 2016-2017",,"Complete","<Null>","<Null>","<Null>","LINESTRING (-122.489804361 37.770894565, -122.490180644 37.770952264, -122.490694349 37.770977602, -122.491129212 37.770950132, -122.491850353 37.770821305, -122.492428036 37.770694897, -122.493136292 37.770477408, -122.493618386 37.770310953, -122.493823451 37.770282846)","2026/05/23 10:19:56 AM","2026/05/23 10:48:09 AM"
"668","26212","6810000","South of Market","HAWTHORNE ST","6","FOLSOM ST","HARRISON ST","Hawthorne Street from Folsom Street to Harrison Street","3-Lump Speed Cushion","2","<Null>","<Null>",,"FY 2020-2021","App-Based","Pending design review and approval","TBD","Pending construction","<Null>","LINESTRING (-122.397811613 37.784666586, -122.396262401 37.783440753)","2026/05/23 10:19:56 AM","2026/05/23 10:48:09 AM"
"670","27453","5709000","Bernal Heights","FOLSOM ST","9","EUGENIA AVE","POWHATTAN AVE","Folsom Street from Eugenia Avenue to Powhattan Avenue","3-Lump Speed Cushion","1","11","2023","2023/11/01","FY 2020-2021","App-Based","Complete",,,,"LINESTRING (-122.413212944 37.741473573, -122.413306644 37.740287024)","2026/05/23 10:19:56 AM","2026/05/23 10:48:09 AM"
"671","27454","5710000","Bernal Heights","FOLSOM ST","9","EUGENIA AVE","CORTLAND AVE","Folsom Street from Eugenia Avenue to Cortland Avenue","3-Lump Speed Cushion","1","<Null>","<Null>",,"FY 2021-2022","App-Based","Pending construction","TBD","Completion","TBD","LINESTRING (-122.413306644 37.740287024, -122.413403882 37.739055628, -122.413311823 37.738982051)","2026/05/23 10:19:56 AM","2026/05/23 10:48:09 AM"
"672","25483","7495000","Hunters Point","JERROLD AVE","10","DONAHUE ST","EARL ST","Jerrold Avenue from Donahue Street to Earl Street","Speed Hump","1","0","0","1900/01/01",,,"Complete","<Null>","<Null>","<Null>","LINESTRING (-122.370711863 37.728189121, -122.372583555 37.729254505)","2026/05/23 10:19:56 AM","2026/05/23 10:48:09 AM"
"673","25486","7498000","Bayview District","JERROLD AVE","10","PHELPS ST","QUINT ST","Jerrold Avenue from Phelps Street to Quint Street","Road Diet","1","0","2014","2014/01/01","FY 2011-2012","Site Specific","Complete","<Null>","<Null>","<Null>","LINESTRING (-122.391268424 37.739853201, -122.393114978 37.740900961)","2026/05/23 10:19:56 AM","2026/05/23 10:48:09 AM"
"674","25509","7431000","Bret Harte","JAMESTOWN AVE","10","REDONDO ST","INGALLS ST","Jamestown Avenue from Redondo Street to Ingalls Street","Speed Hump","1","12","2018","2018/12/01","FY 2016-2017","App-Based","Complete","<Null>","<Null>","<Null>","LINESTRING (-122.392613258 37.717958655, -122.39354481 37.718487362)","2026/05/23 10:19:56 AM","2026/05/23 10:48:09 AM"
"675","25510","7432000","Bret Harte","JAMESTOWN AVE","10","INGALLS ST","JENNINGS ST","Jamestown Avenue from Ingalls Street to Jennings Street","Speed Hump","2","12","2018","2018/12/01","FY 2016-2017","App-Based","Complete","<Null>","<Null>","<Null>","LINESTRING (-122.39354481 37.718487362, -122.395431475 37.719558106)","2026/05/23 10:19:56 AM","2026/05/23 10:48:09 AM"
"676","26261","6768000","Eureka Valley","HARTFORD ST","8","19TH ST","20TH ST","Hartford Street from 19th Street to 20th Street","3-Lump Speed Cushion","2","<Null>","<Null>",,"FY 2021-2022","App-Based","Pending construction","TBD","Completion","TBD","LINESTRING (-122.433744545 37.759356308, -122.433591092 37.757753521)","2026/05/23 10:19:56 AM","2026/05/23 10:48:09 AM"
"677","26279","349000","Presidio Terrace","07TH AVE","1","End","LAKE ST","7th Avenue from End to Lake Street","Speed Hump","1","1","2020","2020/01/01",,"Prop B speed bump replacement","Complete","<Null>","<Null>","<Null>","LINESTRING (-122.465878384 37.78825844, -122.465760339 37.786627327)","2026/05/23 10:19:56 AM","2026/05/23 10:48:09 AM"
"678","26280","350000","Presidio Terrace","07TH AVE","1","LAKE ST","CALIFORNIA ST","7th Avenue from Lake Street to California Street","Speed Hump","2","8","2021","2021/08/01","FY 2018-2019","App-Based","Complete","<Null>","<Null>","<Null>","LINESTRING (-122.465760339 37.786627327, -122.465632312 37.784852533)","2026/05/23 10:19:56 AM","2026/05/23 10:48:09 AM"
"679","26281","351000","Inner Richmond","07TH AVE","1","CALIFORNIA ST \ CORNWALL ST","CLEMENT ST","7th Avenue from California Street \ Cornwall Street to Clement Street","Speed Hump","2","1","2020","2020/01/01",,"8th Ave Neighborway","Complete","<Null>","<Null>","<Null>","LINESTRING (-122.465632312 37.784852533, -122.46549239 37.782890981)","2026/05/23 10:19:56 AM","2026/05/23 10:48:09 AM"
"680","26283","353000","Inner Richmond","07TH AVE","1","GEARY Boulevard","ANZA ST","7th Avenue from Geary Boulevard to Anza Street","Speed Hump","2","9","2019","2019/09/01",,,"Complete","<Null>","<Null>","<Null>","LINESTRING (-122.465352871 37.78096549, -122.465210659 37.779042581)","2026/05/23 10:19:56 AM","2026/05/23 10:48:09 AM"
"682","26285","355000","Inner Richmond","07TH AVE","1","BALBOA ST","CABRILLO ST","7th Avenue from Balboa Street to Cabrillo Street","Speed Hump","2","1","2020","2020/01/01",,"8th Ave Neighborway","Complete","<Null>","<Null>","<Null>","LINESTRING (-122.465068461 37.777185306, -122.465073174 37.777108745, -122.46494209 37.775320947)","2026/05/23 10:19:56 AM","2026/05/23 10:48:09 AM"
"685","26798","6276000","Western Addition","GOLDEN GATE AVE","5","DIVISADERO ST","BRODERICK ST","Golden Gate Avenue from Divisadero Street to Broderick Street","3-Lump Speed Cushion","1","04","2026","2026/04/01","FY 2021-2022","App-Based","Complete",,,,"LINESTRING (-122.438552277 37.778724108, -122.440213335 37.778511464)","2026/05/23 10:19:56 AM","2026/05/23 10:48:09 AM"
"687","26801","6279000","Western Addition","GOLDEN GATE AVE","2","LYON ST","CENTRAL AVE","Golden Gate Avenue from Lyon Street to Central Avenue","Speed Hump","2","2","2021","2021/02/01","FY 2016-2017","App-Based","Complete","<Null>","<Null>","<Null>","LINESTRING (-122.44350692 37.778089213, -122.445155753 37.777886507)","2026/05/23 10:19:56 AM","2026/05/23 10:48:09 AM"
"688","27606","5597000",,"FITZGERALD AVE","10","GRIFFITH ST","CAMERON WY","Fitzgerald Avenue from Griffith Street to Cameron Way","Speed Hump","1","0","0","1900/01/01","Pilot","Areawide Pilot","Complete","<Null>","<Null>","<Null>","LINESTRING (-122.387661333 37.718760498, -122.387767851 37.718866289, -122.387912665 37.718976718, -122.388984373 37.71958671, -122.3891392 37.7196775)","2026/05/23 10:19:56 AM","2026/05/23 10:48:09 AM"
"689","27608","5599000","Bret Harte","FITZGERALD AVE","10","HAWES ST","INGALLS ST","Fitzgerald Avenue from Hawes Street to Ingalls Street","3-Lump Speed Cushion","2","7","2020","2020/07/01","FY 2017-2018","App-Based","Complete","<Null>","<Null>","<Null>","LINESTRING (-122.389459044 37.719927426, -122.391306489 37.720975987)","2026/05/23 10:19:56 AM","2026/05/23 10:48:09 AM"
"690","27609","5600000","Bret Harte","FITZGERALD AVE","10","INGALLS ST","JENNINGS ST","Fitzgerald Avenue from Ingalls Street to Jennings Street","3-Lump Speed Cushion","2","7","2020","2020/07/01","FY 2017-2018","App-Based","Complete","<Null>","<Null>","<Null>","LINESTRING (-122.391306489 37.720975987, -122.393171958 37.722034717)","2026/05/23 10:19:56 AM","2026/05/23 10:48:09 AM"
"691","27619","5608000","Sunnyside","FLOOD AVE","7","EDNA ST","FOERSTER ST","Flood Avenue from Edna Street to Foerster Street","Speed Hump","2","12","2025","2025/12/01","FY 2021-2022","App-Based","Complete",,,,"LINESTRING (-122.446568802 37.729892488, -122.448854952 37.729882308)","2026/05/23 10:19:56 AM","2026/05/23 10:48:09 AM"
"692","27620","5609000","Sunnyside","FLOOD AVE","7","FOERSTER ST","GENNESSEE ST","Flood Avenue from Foerster Street to Gennessee Street","3-Lump Speed Cushion","2","4","2022","2022/04/01","FY 2019-2020","App-Based","Complete","<Null>","<Null>","<Null>","LINESTRING (-122.448854952 37.729882308, -122.451135275 37.729872186)","2026/05/23 10:19:56 AM","2026/05/23 10:48:09 AM"
"693","27621","5610000","Sunnyside","FLOOD AVE","7","GENNESSEE ST","FRIDA KAHLO WAY","Flood Avenue from Gennessee Street to Frida Kahlo Way","3-Lump Speed Cushion","1","12","2025","2025/12/01","FY 2021-2022","App-Based","Complete",,,,"LINESTRING (-122.451135275 37.729872186, -122.452441938 37.729866376)","2026/05/23 10:19:56 AM","2026/05/23 10:48:09 AM"
"694","26335","313000","Presidio Terrace","06TH AVE","1","LAKE ST","CALIFORNIA ST","6th Avenue from Lake Street to California Street","Speed Hump","2","6","2021","2021/06/01","FY 2018-2019","App-Based","Complete","<Null>","<Null>","<Null>","LINESTRING (-122.464693461 37.786670438, -122.464572159 37.784993973)","2026/05/23 10:19:56 AM","2026/05/23 10:48:09 AM"
"695","26345","323000","Inner Sunset","06TH AVE","7","IRVING ST","JUDAH ST","6th Avenue from Irving Street to Judah Street","Speed Hump","1","6","2007","2007/06/01","FY 2005-2006","Areawide","Complete","<Null>","<Null>","<Null>","LINESTRING (-122.463101995 37.764177828, -122.462972001 37.762315769)","2026/05/23 10:19:56 AM","2026/05/23 10:48:09 AM"
"696","26346","324000","Inner Sunset","06TH AVE","7","JUDAH ST","KIRKHAM ST","6th Avenue from Judah Street to Kirkham Street","Speed Hump","1","6","2007","2007/06/01","FY 2005-2006","Areawide","Complete","<Null>","<Null>","<Null>","LINESTRING (-122.462972001 37.762315769, -122.462841914 37.760452255)","2026/05/23 10:19:56 AM","2026/05/23 10:48:09 AM"
"697","26354","6682000","Visitacion Valley","HARKNESS AVE","10","RUTLAND ST","ALDER ST","Harkness Avenue from Rutland Street to Alder Street","Speed Hump","2","0","0","1900/01/01","FY 2015-2016","App-Based","Complete","<Null>","<Null>","<Null>","LINESTRING (-122.40502199 37.71794524, -122.405345862 37.718044708)","2026/05/23 10:19:56 AM","2026/05/23 10:48:09 AM"
"698","26355","6683000","Visitacion Valley","HARKNESS AVE","10","ALDER ST","MILL ST","Harkness Avenue from Alder Street to Mill Street","Speed Hump","1","<Null>","2019",,"FY 2016-2017","App-Based","Complete","<Null>","<Null>","<Null>","LINESTRING (-122.405345862 37.718044708, -122.406167136 37.718265588)","2026/05/23 10:19:56 AM","2026/05/23 10:48:09 AM"
"699","26356","6684000","Visitacion Valley","HARKNESS AVE","10","MILL ST","DELTA ST","Harkness Avenue from Mill Street to Delta Street","Speed Hump","1","<Null>","2019",,"FY 2016-2017","App-Based","Complete","<Null>","<Null>","<Null>","LINESTRING (-122.406167136 37.718265588, -122.406982045 37.71848475)","2026/05/23 10:19:56 AM","2026/05/23 10:48:09 AM"
"701","26814","6203000","Portola","GIRARD ST","9","OLMSTEAD ST","MANSELL ST","Girard Street from Olmstead Street to Mansell Street","3-Lump Speed Cushion","1","<Null>","<Null>",,"FY 2021-2022","App-Based","Pending construction","TBD","Completion","TBD","LINESTRING (-122.402604815 37.722574077, -122.402056472 37.721277452)","2026/05/23 10:19:56 AM","2026/05/23 10:48:09 AM"
"703","25607","7349000","Van Ness - Civic Center","IVY ST","5","FRANKLIN ST","GOUGH ST","Ivy Street from Franklin Street to Gough Street","Speed Hump","1","7","2015","2015/07/01",,"Site Specific Backlog","Complete","<Null>","<Null>","<Null>","LINESTRING (-122.421426124 37.777559631, -122.42307323 37.777349482)","2026/05/23 10:19:56 AM","2026/05/23 10:48:09 AM"
"705","26885","6184000","Candlestick Point","GILMAN AVE","10","EARL ST","GILMAN AVE","Gilman Avenue from Donahue Street to Earl Street","<Null>","<Null>","<Null>","<Null>",,"FY 2022-2023","App-Based","Pending design review and approval","Jul - Dec 2024","Pending construction","Jan - Jul 2025","LINESTRING (-122.382522057 37.715064587, -122.384402011 37.716090968)","2026/05/23 10:19:56 AM","2026/05/23 10:48:09 AM"
"706","26886","6185000","Candlestick Point","GILMAN AVE","10","ARELIOUS WALKER WY","EARL ST","Gilman Avenue from Arelious Walker Way to Earl Street","<Null>","<Null>","<Null>","<Null>",,"FY 2022-2023","App-Based","Pending design review and approval","Jul - Dec 2024","Pending construction","Jan - Jul 2025","LINESTRING (-122.384402011 37.716090968, -122.386265013 37.717178949)","2026/05/23 10:19:56 AM","2026/05/23 10:48:09 AM"
"708","26888","6187000","Bret Harte","GILMAN AVE","10","BILL WALSH WY","GRIFFITH ST","Gilman Avenue from Bill Walsh Way to Griffith Street","4-Lump Speed Cushion","2","7","2023","2023/07/01","FY 2020-2021","App-Based","Complete",,,"<Null>","LINESTRING (-122.386849666 37.717509001, -122.388136868 37.718235643)","2026/05/23 10:19:56 AM","2026/05/23 10:48:09 AM"
"709","26889","6188000","Bret Harte","GILMAN AVE","10","GRIFFITH ST","HAWES ST","Gilman Avenue from Griffith Street to Hawes Street","5-Lump Speed Cushion","1","2","2021","2021/02/01","FY 2020-2021","App-Based","Pending construction","TBD","Completion","TBD","LINESTRING (-122.388136868 37.718235643, -122.390019685 37.719298466)","2026/05/23 10:19:56 AM","2026/05/23 10:48:09 AM"
"710","26890","6189000","Bret Harte","GILMAN AVE","10","HAWES ST","INGALLS ST","Gilman Avenue from Hawes Street to Ingalls Street","5-Lump Speed Cushion","2","7","2023","2023/07/01","FY 2020-2021","App-Based","Complete",,,"<Null>","LINESTRING (-122.390019685 37.719298466, -122.391870343 37.720349099)","2026/05/23 10:19:56 AM","2026/05/23 10:48:09 AM"
"711","26891","6190000","Bret Harte","GILMAN AVE","10","INGALLS ST","JENNINGS ST","Gilman Avenue from Ingalls Street to Jennings Street","5-Lump Speed Cushion","2","7","2023","2023/07/01","FY 2020-2021","App-Based","Complete",,,"<Null>","LINESTRING (-122.391870343 37.720349099, -122.393736928 37.721408461)","2026/05/23 10:19:56 AM","2026/05/23 10:48:09 AM"
"712","26892","6191000","Bret Harte","GILMAN AVE","10","03RD ST","JENNINGS ST","Gilman Avenue from 3rd Street to Jennings Street","5-Lump Speed Cushion","2","7","2023","2023/07/01","FY 2020-2021","App-Based","Complete",,,"<Null>","LINESTRING (-122.393736928 37.721408461, -122.395457739 37.722385035, -122.395622761 37.722431604)","2026/05/23 10:19:56 AM","2026/05/23 10:48:09 AM"
"713",,"5695000","Mission District","FOLSOM ST","9","20TH ST","21ST ST","Folsom Street from 20th Street to 21st Street","5-Lump Speed Cushion","2","6","2023","2023/06/01","FY 2020-2021","D9 NTIP","Complete","<Null>",,"<Null>","LINESTRING (-122.414690031 37.758895989, -122.414541468 37.757297644)","2026/05/23 10:19:56 AM","2026/05/23 10:48:09 AM"
"714","27533","5611000","Sunnyside","FLOOD AVE","7","FRIDA KAHLO WAY","RIDGEWOOD AVE","Flood Avenue from Frida Kahlo Way to Ridgewood Avenue","3-Lump Speed Cushion","1","12","2025","2025/12/01","FY 2021-2022","App-Based","Complete",,,,"LINESTRING (-122.452441938 37.729866376, -122.453220545 37.729862907, -122.453394295 37.729836594)","2026/05/23 10:19:56 AM","2026/05/23 10:48:09 AM"
"716","24588","8297000","Visitacion Valley","LELAND AVE","10","DELTA ST","CORA ST","Leland Avenue from Delta Street to Cora Street","<Null>","<Null>","<Null>","<Null>",,"FY 2021-2022","App-Based","Pending design review and approval","TBD","Pending construction","TBD","LINESTRING (-122.40833406 37.712813609, -122.409488903 37.713125571)","2026/05/23 10:19:56 AM","2026/05/23 10:48:09 AM"
"717","24591","8300000","Visitacion Valley","LELAND AVE","10","BRITTON ST","REY ST","Leland Avenue from Britton Street to Rey Street","3-Lump Speed Cushion","1","<Null>","<Null>",,"FY 2021-2022","App-Based","Pending design review and approval","TBD","Pending construction","TBD","LINESTRING (-122.411084353 37.713556533, -122.411604473 37.713697022)","2026/05/23 10:19:56 AM","2026/05/23 10:48:09 AM"
"718","24592","8301000","Visitacion Valley","LELAND AVE","10","BRITTON ST","REY ST","Leland Avenue from Britton Street to Rey Street","<Null>","<Null>","<Null>","<Null>",,"FY 2021-2022","App-Based","Pending design review and approval","TBD","Pending construction","TBD","LINESTRING (-122.411604473 37.713697022, -122.412020243 37.713809322)","2026/05/23 10:19:56 AM","2026/05/23 10:48:09 AM"
"721","24913","8006000","Fairmount","LAIDLEY ST","8","MIGUEL ST","MATEO ST","Laidley Street from Miguel Street to Mateo Street","3-Lump Speed Cushion","1","<Null>","<Null>",,"FY 2021-2022","App-Based","Pending construction","TBD","Completion","TBD","LINESTRING (-122.428256123 37.737744336, -122.429524566 37.736918202)","2026/05/23 10:19:56 AM","2026/05/23 10:48:09 AM"
"722","24914","7932101","Bayview District","LA SALLE AVE","10","CASHMERE ST","MENDELL ST","La Salle Avenue from Cashmere Street to Mendell Street","Speed Table","1","<Null>","<Null>",,"FY 2020-2021","App-Based","Pending construction","TBD","Completion","TBD","LINESTRING (-122.387175616 37.735661608, -122.387331534 37.735670334, -122.3885998 37.736389935, -122.388652971 37.736482821)","2026/05/23 10:19:56 AM","2026/05/23 10:48:09 AM"
"725","25674","7325000","Outer Sunset","IRVING ST","4","47TH AVE","48TH AVE","Irving Street from 47th Avenue to 48th Avenue","3-Lump Speed Cushion","1","4","2021","2021/04/01","<Null>","Great Highway Traffic Management","Complete","<Null>","<Null>","<Null>","LINESTRING (-122.507130197 37.762237599, -122.508198574 37.762190312)","2026/05/23 10:19:56 AM","2026/05/23 10:48:09 AM"
"726","25675","7326000","Outer Sunset","IRVING ST","4","48TH AVE","LA PLAYA","Irving Street from 48th Avenue to La Placeaya","3-Lump Speed Cushion","1","4","2021","2021/04/01","<Null>","Great Highway Traffic Management","Complete","<Null>","<Null>","<Null>","LINESTRING (-122.508198574 37.762190312, -122.50926908 37.762142922)","2026/05/23 10:19:56 AM","2026/05/23 10:48:09 AM"
"727","25686","7245000","Bayview Heights","INGERSON AVE","10","GIANTS Drive","GILROY ST","Ingerson Avenue from Giants Drive to Gilroy Street","4-Lump Speed Cushion","1","0","0","1900/01/01","FY 2014-2015","App-Based","Complete","<Null>","<Null>","<Null>","LINESTRING (-122.388130509 37.716298216, -122.389135962 37.716879304)","2026/05/23 10:19:56 AM","2026/05/23 10:48:09 AM"
"728","25688","7247000","Bayview Heights","INGERSON AVE","10","GRIFFITH ST","CORONADO ST","Ingerson Avenue from Griffith Street to Coronado Street","5-Lump Speed Cushion","2","0","0","1900/01/01","FY 2014-2015","App-Based","Complete","<Null>","<Null>","<Null>","LINESTRING (-122.389277655 37.716961296, -122.390205026 37.717497915)","2026/05/23 10:19:56 AM","2026/05/23 10:48:09 AM"
"729","25689","7248000","Bayview Heights","INGERSON AVE","10","CORONADO ST","HAWES ST","Ingerson Avenue from Coronado Street to Hawes Street","5-Lump Speed Cushion","1","0","0","1900/01/01","FY 2014-2015","App-Based","Complete","<Null>","<Null>","<Null>","LINESTRING (-122.390205026 37.717497915, -122.391141366 37.718040053)","2026/05/23 10:19:56 AM","2026/05/23 10:48:09 AM"
"730","25690","7249000","Bret Harte","INGERSON AVE","10","HAWES ST","REDONDO ST","Ingerson Avenue from Hawes Street to Redondo Street","Speed Hump","1","6","2017","2017/06/01","FY 2015-2016","App-Based","Complete","<Null>","<Null>","<Null>","LINESTRING (-122.391141366 37.718040053, -122.391206142 37.718105988, -122.392049984 37.71858493)","2026/05/23 10:19:56 AM","2026/05/23 10:48:09 AM"
"731","25691","7250000","Bret Harte","INGERSON AVE","10","REDONDO ST","INGALLS ST","Ingerson Avenue from Redondo Street to Ingalls Street","Speed Hump","1","6","2017","2017/06/01","FY 2015-2016","App-Based","Complete","<Null>","<Null>","<Null>","LINESTRING (-122.392049984 37.71858493, -122.392981539 37.719113642)","2026/05/23 10:19:56 AM","2026/05/23 10:48:09 AM"
"732","25692","7251000","Bret Harte","INGERSON AVE","10","JENNINGS ST","INGALLS ST","Ingerson Avenue from Jennings Street to Ingalls Street","3-Lump Speed Cushion","2","7","2023","2023/07/01","FY 2020-2021","App-Based","Complete",,,"<Null>","LINESTRING (-122.392981539 37.719113642, -122.394852049 37.720175222)","2026/05/23 10:19:56 AM","2026/05/23 10:48:09 AM"
"734","24659","8191000","Inner Sunset","LAWTON ST","7","11TH AVE","12TH AVE","Lawton Street from 11th Avenue to 12th Avenue","5-Lump Speed Cushion","1","3","2022","2022/03/01","FY 2019-2020","App-Based","Complete","<Null>","<Null>","<Null>","LINESTRING (-122.468060343 37.758350885, -122.469131021 37.758303993)","2026/05/23 10:19:56 AM","2026/05/23 10:48:09 AM"
"735","26975","6124000","St. Mary's Park","GENEBERN WAY","9","MURRAY ST","COLLEGE AVE","Genebern Way from Murray Street to College Avenue","3-Lump Speed Cushion","2","<Null>","<Null>",,"FY 2021-2022","App-Based","Pending construction","TBD","Completion","TBD","LINESTRING (-122.423852324 37.734563374, -122.42419977 37.73447934, -122.424469254 37.734356509, -122.424681644 37.734214192, -122.424801943 37.734091755, -122.42490907 37.733957284, -122.42498712 37.733792658, -122.425034689 37.733548051)","2026/05/23 10:19:56 AM","2026/05/23 10:48:09 AM"
"736","24949","7962000","Western Addition","LAGUNA ST","2","GEARY BLVD","CLEARY CT","Laguna Street from Geary Boulevard to Cleary Court","<Null>","<Null>","<Null>","<Null>",,"FY 2022-2023","App-Based","Pending design review and approval","Jul - Dec 2024","Pending construction","Jan - Jul 2025","LINESTRING (-122.427778872 37.783924735, -122.427988927 37.78495388)","2026/05/23 10:19:56 AM","2026/05/23 10:48:09 AM"
"737","24967","7901000","Hunters Point","KISKA RD","10","REARDON RD","INGALLS ST","Kiska Rd from Reardon Rd to Ingalls Street","Speed Hump","1","0","0","1900/01/01","FY 2013-2014",,"Complete","<Null>","<Null>","<Null>","LINESTRING (-122.377202613 37.730015828, -122.377492975 37.730017661, -122.377905671 37.730098871, -122.378310787 37.730239523, -122.378624126 37.730415348, -122.378851915 37.730596995, -122.379353146 37.731019286, -122.379551892 37.731109415)","2026/05/23 10:19:56 AM","2026/05/23 10:48:09 AM"
"738","25748","7216000","Bayview District","INGALLS ST","10","HARBOR Rd","INNES AVE","Middle Point Rd from Harbor Rd to Innes Avenue","4-Lump Speed Cushion","1","8","2023","2023/08/01","FY 2020-2021","App-Based","Complete",,,"<Null>","LINESTRING (-122.379430744 37.734081617, -122.379546506 37.73404099, -122.379826966 37.733735404, -122.379924538 37.733583509, -122.379931725 37.733380733)","2026/05/23 10:19:56 AM","2026/05/23 10:48:09 AM"
"742","24725","8166000","Bayview District","LATONA ST","10","BAY VIEW ST","THORNTON AVE","Latona Street from Bay View Street to thornton Avenue","Speed Hump","1","0","2014","2014/01/01","FY 2013-2014","TC Implementation","Complete","<Null>","<Null>","<Null>","LINESTRING (-122.392357919 37.732487907, -122.392760423 37.730728961)","2026/05/23 10:19:56 AM","2026/05/23 10:48:09 AM"
"743","24989","7922000","Outer Sunset","LA PLAYA","4","LINCOLN WY \ MARTIN LUTHER KING JR DR","IRVING ST","La Placeaya from Lincoln Way \ Martin Luther King Jr Drive to Irving","3-Lump Speed Cushion","1","4","2021","2021/04/01","<Null>","Great Highway Traffic Management","Complete","<Null>","<Null>","<Null>","LINESTRING (-122.509402192 37.764032735, -122.50926908 37.762142922)","2026/05/23 10:19:56 AM","2026/05/23 10:48:09 AM"
"744","24990","7923000","Outer Sunset","LA PLAYA","4","IRVING ST","JUDAH ST","La Placeaya from Irving Street to Judah Street","3-Lump Speed Cushion","1","4","2021","2021/04/01","<Null>","Great Highway Traffic Management","Complete","<Null>","<Null>","<Null>","LINESTRING (-122.50926908 37.762142922, -122.509141223 37.760282322)","2026/05/23 10:19:56 AM","2026/05/23 10:48:09 AM"
"745","24991","7924000","Outer Sunset","LA PLAYA","4","JUDAH ST","GREAT HWY \ KIRKHAM ST","La Placeaya from Judah Street to Great Highway \ Kirkham Street","3-Lump Speed Cushion","1","4","2021","2021/04/01","<Null>","Great Highway Traffic Management","Complete","<Null>","<Null>","<Null>","LINESTRING (-122.509141223 37.760282322, -122.509015417 37.758496058, -122.50911129 37.758414453)","2026/05/23 10:19:56 AM","2026/05/23 10:48:09 AM"
"746","24998","7931101","Bayview District","LA SALLE AVE","10","CASHMERE ST","NEWCOMB ST","La Salle Avenue from Cashmere Street to Newcomb Street","Speed Table","2","<Null>","<Null>",,"FY 2020-2021","App-Based","Pending design review and approval","TBD","Pending construction","TBD","LINESTRING (-122.387175616 37.735661608, -122.387100237 37.735548545, -122.38663944 37.735272528, -122.38641145 37.735098282, -122.386088035 37.734779482, -122.385918076 37.734465083, -122.385733743 37.733924642, -122.385417849 37.733428436, -122.385128649 37.73314142, -122.385001539 37.733070821)","2026/05/23 10:19:56 AM","2026/05/23 10:48:09 AM"
"747","25020","7872000","Outer Sunset","KIRKHAM ST","4","34TH AVE","35TH AVE","Kirkham Street from 34th Avenue to 35th Avenue","Speed Hump","1","1","2020","2020/01/01","FY 2016-2017","App-Based","Complete","<Null>","<Null>","<Null>","LINESTRING (-122.49293687 37.759122915, -122.494009987 37.759075512)","2026/05/23 10:19:56 AM","2026/05/23 10:48:09 AM"
"748","25025","7877000","Outer Sunset","KIRKHAM ST","4","37TH AVE","38TH AVE","Kirkham Street from 37th Avenue to 38th Avenue","Speed Hump","1","2","2022","2022/02/01","FY 2018-2019","App-Based","Complete","<Null>","<Null>","<Null>","LINESTRING (-122.496152482 37.758981122, -122.497221909 37.758934411)","2026/05/23 10:19:56 AM","2026/05/23 10:48:09 AM"
"749","25807","7194000","Dogpatch","INDIANA ST","10","19TH ST","20TH ST","Indiana Street from 19th Street to 20th Street","3-Lump Speed Cushion","2","8","2023","2023/08/01","FY 2020-2021","App-Based","Complete",,,"<Null>","LINESTRING (-122.391537616 37.761594053, -122.391417527 37.760361492)","2026/05/23 10:19:56 AM","2026/05/23 10:48:09 AM"
"750","25808","7195000","Dogpatch","INDIANA ST","10","20TH ST","22ND ST","Indiana Street from 20th Street to 22nd Street","3-Lump Speed Cushion","3","03","2026","2026/03/01","FY 2021-2022","App-Based","Complete",,,,"LINESTRING (-122.391417527 37.760361492, -122.391174197 37.757767916)","2026/05/23 10:19:56 AM","2026/05/23 10:48:09 AM"
"751","25811","7198000","Outer Richmond","INDIANA ST","10","23RD ST","25TH ST","Indiana Street from 23rd Street to 25th Street","Speed Table","3","1","2021","2021/01/01","<Null>","Indiana Bikeway Improvements","Complete","<Null>","<Null>","<Null>","LINESTRING (-122.390921943 37.755213902, -122.39077108 37.753604363, -122.39068451 37.753450285, -122.390664067 37.753126328, -122.390682856 37.752663074)","2026/05/23 10:19:56 AM","2026/05/23 10:48:09 AM"
"752","24765","8118000","Van Ness - Civic Center","LARCH ST","2","VAN NESS AVE","FRANKLIN ST","Larch Street from Van Ness Avenue to Franklin Street","Speed Hump","0","0","0","1900/01/01",,,"Complete","<Null>","<Null>","<Null>","LINESTRING (-122.420810457 37.782417055, -122.422369494 37.782219238)","2026/05/23 10:19:56 AM","2026/05/23 10:48:09 AM"
"753","27084","6036000","Miraloma Park","GAVIOTA WAY","7","TERESITA BLVD","BELLA VISTA WY","Gaviota Way from Terraceesita Boulevard to Bella Vista Way","Speed Hump","2","5","2018","2018/05/01",,"Restoration After Paving (2807J)","Complete","<Null>","<Null>","<Null>","LINESTRING (-122.447851523 37.739850696, -122.447850238 37.739662516, -122.447828143 37.739376235, -122.447842965 37.739106718, -122.447873662 37.738886159, -122.447967942 37.738586374, -122.448148341 37.738073189)","2026/05/23 10:19:56 AM","2026/05/23 10:48:09 AM"
"754","25047","7891000","Hunters Point","KIRKWOOD AVE","10","EARL ST","DORMITORY RD","Kirkwood Avenue from Earl Street to Dormitory Road","3-Lump Speed Cushion","2","03","2026","2026/03/01","FY 2021-2022","App-Based","Complete",,,,"LINESTRING (-122.373157914 37.728638538, -122.374928082 37.729659694)","2026/05/23 10:19:56 AM","2026/05/23 10:48:09 AM"
"755","25048","7892000","Bayview District","KIRKWOOD AVE","10","END","MENDELL ST","Kirkwood Avenue from End to Mendell Street","Speed Bump","1","0","0","1900/01/01",,,"Complete","<Null>","<Null>","<Null>","LINESTRING (-122.387629843 37.736719594, -122.387658198 37.73689158, -122.38777316 37.736969749, -122.388090826 37.737106377)","2026/05/23 10:19:56 AM","2026/05/23 10:48:09 AM"
"756","25051","7824000","Mount Davidson Manor","KEYSTONE WAY","7","OCEAN AVE","KENWOOD WAY","Keystone Way from Ocean Avenue to Kenwood Way","Speed Hump","2","11","2018","2018/11/01","FY 2016-2017","App-Based","Complete","<Null>","<Null>","<Null>","LINESTRING (-122.462815475 37.725482412, -122.462686727 37.725774917, -122.462545093 37.726997414, -122.462547067 37.727225354, -122.462615762 37.727529244, -122.462735743 37.727784116, -122.462888197 37.72805559)","2026/05/23 10:19:56 AM","2026/05/23 10:48:09 AM"
"757","25078","7838000","Inner Mission","KINGSTON ST","9","SAN JOSE AVE","MISSION ST","Kingston Street from San Jose Avenue to Mission Street","Speed Bump","1","0","0","1900/01/01",,,"Complete","<Null>","<Null>","<Null>","LINESTRING (-122.423430755 37.741695199, -122.422486353 37.74174446, -122.42236646 37.741760489)","2026/05/23 10:19:56 AM","2026/05/23 10:48:09 AM"
"758","25863","7158201","Laguna Honda","IDORA AVE","7","GARCIA AVE","LAGUNA HOndA BLVD","Idora Avenue from Garcia Avenue to Laguna Honda Boulevard","Speed Hump","2","4","2022","2022/04/01","FY 2019-2020","App-Based","Complete","<Null>","<Null>","<Null>","LINESTRING (-122.456525055 37.744057589, -122.456595148 37.744078146, -122.456832536 37.744035089, -122.45697848 37.744041508, -122.459101014 37.74440322, -122.459185128 37.74438438)","2026/05/23 10:19:56 AM","2026/05/23 10:48:09 AM"
"759","25864","7071001","Bayview District","HUDSON AVE","10","BERTHA LN","WILLIE B KENNEDY DR","Hudson Avenue from Bertha Lane to Willie B Kennedy Drive","Channelization","0","0","2008","2008/01/01",,,"Complete","<Null>","<Null>","<Null>","LINESTRING (-122.380184589 37.732422174, -122.380326733 37.732425233, -122.380622526 37.732507544, -122.380982368 37.732644781, -122.381313194 37.732812457, -122.381852113 37.733188365, -122.382030035 37.733373032)","2026/05/23 10:19:56 AM","2026/05/23 10:48:09 AM"
"760","24797","8061000","Oceanview","LAKEVIEW AVE","11","CAINE AVE","SAN JOSE AVE","Lakeview Avenue from Caine Avenue to San Jose Avenue","3-Lump Speed Cushion","1","4","2022","2022/04/01","FY 2019-2020",,"Complete","<Null>","<Null>","<Null>","LINESTRING (-122.450378354 37.716168965, -122.451155394 37.716583221)","2026/05/23 10:19:56 AM","2026/05/23 10:48:09 AM"
"761","24798","8062000","Oceanview","LAKEVIEW AVE","11","CAINE AVE","MAJESTIC AVE","Lakeview Avenue from Caine Avenue to Majestic Avenue","3-Lump Speed Cushion","1","4","2022","2022/04/01","FY 2020-2021","App-Based","Complete",,,,"LINESTRING (-122.451155394 37.716583221, -122.451894992 37.716977508)","2026/05/23 10:19:56 AM","2026/05/23 10:48:09 AM"
"762","24805","8069000","Oceanview","LAKEVIEW AVE","11","GRANADA AVE","MIRAMAR AVE","Lakeview Avenue from Granada Avenue to Miramar Avenue","3-Lump Speed Cushion","1","01","2026","2026/01/01","FY 2020-2021","App-Based","Complete",,,,"LINESTRING (-122.457145267 37.718233361, -122.458162611 37.71823154)","2026/05/23 10:19:56 AM","2026/05/23 10:48:09 AM"
"763","24817","8081000","Mission Dolores","LANDERS ST","8","14TH ST","15TH ST","Landers Street from 14th Street to 15th Street","Speed Hump","2","0","0","1900/01/01",,,"Complete","<Null>","<Null>","<Null>","LINESTRING (-122.427864998 37.767792688, -122.427720434 37.766284594, -122.427757348 37.766194224)","2026/05/23 10:19:56 AM","2026/05/23 10:48:09 AM"
"764","24824","8010000","Presidio Terrace","LAKE ST","1","02ND AVE","03RD AVE","Lake Street from 2nd Avenue to 3rd Avenue","3-Lump Speed Cushion","1","9","2022","2022/09/01","<Null>","Lake St TC","Complete","<Null>","<Null>","<Null>","LINESTRING (-122.460404199 37.786865758, -122.461470836 37.786816064)","2026/05/23 10:19:56 AM","2026/05/23 10:48:09 AM"
"765","24834","8020000","Presidio Terrace","LAKE ST","1","12TH AVE","FUNSTON AVE","Lake Street from 12th Avenue to Funston Avenue","3-Lump Speed Cushion","1","9","2022","2022/09/01","<Null>","Lake St TC","Complete","<Null>","<Null>","<Null>","LINESTRING (-122.471114604 37.786387243, -122.472185339 37.786333496)","2026/05/23 10:19:56 AM","2026/05/23 10:48:09 AM"
"766","27141","6009000","Merced Heights","GARFIELD ST","11","RAMSELL ST","ARCH ST","Garfield Street from Ramsell Street to Arch Street","5-Lump Speed Cushion","1","0","2014","2014/01/01","FY 2011-2012","TC Implementation","Complete","<Null>","<Null>","<Null>","LINESTRING (-122.466254342 37.719678593, -122.467152817 37.719672006)","2026/05/23 10:19:56 AM","2026/05/23 10:48:09 AM"
"767","27144","6012000","Merced Heights","GARFIELD ST","11","RALSTON ST","BYXBEE ST","Garfield Street from Ralston Street to Byxbee Street","5-Lump Speed Cushion","1","0","2014","2014/01/01","FY 2011-2012","TC Implementation","Complete","<Null>","<Null>","<Null>","LINESTRING (-122.46895098 37.719658802, -122.469852257 37.719652233)","2026/05/23 10:19:56 AM","2026/05/23 10:48:09 AM"
"768","27146","6014000","Merced Heights","GARFIELD ST","11","MONTICELLO ST","BEVERLY ST","Garfield Street from Monticello Street to Beverly Street","5-Lump Speed Cushion","1","0","2014","2014/01/01","FY 2011-2012","TC Implementation","Complete","<Null>","<Null>","<Null>","LINESTRING (-122.470752004 37.719646223, -122.471652114 37.719640203)","2026/05/23 10:19:56 AM","2026/05/23 10:48:09 AM"
"769","25129","7811000","Mount Davidson Manor","KENWOOD WAY","7","KEYSTONE WAY","UPLAND DR","Kenwood Way from Keystone Way to Upland Drive","<Null>","<Null>","<Null>","<Null>",,"FY 2022-2023","App-Based","Pending design review and approval","Jul - Dec 2024","Pending construction","Jan - Jul 2025","LINESTRING (-122.460815518 37.728680937, -122.461422 37.728330351, -122.461824278 37.72811894, -122.462068472 37.728049606, -122.462378285 37.7280113, -122.462703369 37.7280243, -122.462888197 37.72805559)","2026/05/23 10:19:56 AM","2026/05/23 10:48:09 AM"
"770","25865","7071002","Bayview District","HUDSON AVE","10","WILLIE B KENNEDY DR","WHITNEY YOUNG CIR","Hudson Avenue from Willie B Kennedy Drive to Whitney Young Circle","Channelization","0","0","2008","2008/01/01",,,"Complete","<Null>","<Null>","<Null>","LINESTRING (-122.382030035 37.733373032, -122.382279349 37.733631794)","2026/05/23 10:19:56 AM","2026/05/23 10:48:09 AM"
"771","25866","7072000","Bayview District","HUDSON AVE","10","WHITNEY YOUNG CIR","ARDATH CT \ HAWKINS LN","Hudson Avenue from Whitney Young Circle to Ardath Court \ Hawkins Lane","Channelization","0","0","2008","2008/01/01",,,"Complete","<Null>","<Null>","<Null>","LINESTRING (-122.382279349 37.733631794, -122.382359904 37.733715402, -122.382919461 37.734511166, -122.382962002 37.734603206)","2026/05/23 10:19:56 AM","2026/05/23 10:48:09 AM"
"772","25867","7073000","Bayview District","HUDSON AVE","10","ARDATH CT \ HAWKINS LN","WESTBROOK CT","Hudson Avenue from Ardath Court \ Hawkins Lane  to Westbrook Court","Channelization","0","0","2008","2008/01/01",,,"Complete","<Null>","<Null>","<Null>","LINESTRING (-122.382962002 37.734603206, -122.383133984 37.734976903)","2026/05/23 10:19:56 AM","2026/05/23 10:48:09 AM"
"773","25868","7074000","Bayview District","HUDSON AVE","10","WESTBROOK CT","CASHMERE ST","Hudson Avenue from Westbrook Court to Cashmere Street","Channelization","0","0","2008","2008/01/01",,,"Complete","<Null>","<Null>","<Null>","LINESTRING (-122.383133984 37.734976903, -122.383233734 37.735210533, -122.383384177 37.735646604, -122.383425445 37.735803254)","2026/05/23 10:19:56 AM","2026/05/23 10:48:09 AM"
"774","25871","7077000","Bayview District","HUDSON AVE","10","KEITH ST","MENDELL ST","Hudson Avenue from Keith Street to Mendell Street","5-Lump Speed Cushion","3","8","2019","2019/08/01",,,"Complete","<Null>","<Null>","<Null>","LINESTRING (-122.384046509 37.737514216, -122.384285918 37.737762199, -122.384620195 37.737974421, -122.386398905 37.738983051)","2026/05/23 10:19:56 AM","2026/05/23 10:48:09 AM"
"775","25872","7078000","Bayview District","HUDSON AVE","10","MENDELL ST","NEWHALL ST","Hudson Avenue from Mendell Street to Newhall Street","Speed Table","2","10","2017","2017/10/01","FY 2015-2016","Backlog","Complete","<Null>","<Null>","<Null>","LINESTRING (-122.386398905 37.738983051, -122.388273077 37.740044553)","2026/05/23 10:19:56 AM","2026/05/23 10:48:09 AM"
"776","25881","7087000","Inner Sunset","HUGO ST","7","06TH AVE","07TH AVE","Hugo Street from 6th Avenue to 7th Avenue","Speed Hump","1","04","2026","2026/04/01","FY 2021-2022","App-Based","Complete",,,,"LINESTRING (-122.463167369 37.76511424, -122.464237375 37.76506677)","2026/05/23 10:19:56 AM","2026/05/23 10:48:09 AM"
"779","21053","11312000","St. Mary's Park","SAINT MARYS AVE","8","MISSION ST","MARSILY ST","Saint Marys Avenue from Mission Street to Marsily Street","3-Lump Speed Cushion","1","10","2017","2017/10/01",,"San Jose Ave Side Streets","Complete","<Null>","<Null>","<Null>","LINESTRING (-122.426114539 37.733954475, -122.427401012 37.734507327)","2026/05/23 10:19:56 AM","2026/05/23 10:48:09 AM"
"780","21055","11314000","St. Mary's Park","SAINT MARYS AVE","8","COLLEGE AVE","SAN JOSE AVE","Saint Marys Avenue from College Avenue to San Jose Avenue","3-Lump Speed Cushion","1","10","2017","2017/10/01",,"SJA Side Streets","Complete","<Null>","<Null>","<Null>","LINESTRING (-122.427838803 37.734693899, -122.428436981 37.73495095)","2026/05/23 10:19:56 AM","2026/05/23 10:48:09 AM"
"781","23348","9254000","Oceanview","MONTANA ST","11","CAPITOL AVE","PLYMOUTH AVE","Montana Street from Capitol Avenue to Placeymouth Avenue","Speed Hump","1","4","2022","2022/04/01","FY 2019-2020","D11 NTIP","Complete","<Null>","<Null>","<Null>","LINESTRING (-122.45608692 37.716630479, -122.459063546 37.716603462)","2026/05/23 10:19:56 AM","2026/05/23 10:48:09 AM"
"782","23349","9255000","Oceanview","MONTANA ST","11","CAPITOL AVE","FAXON AVE","Montana Street from Capitol Avenue to Faxon Avenue","Speed Hump","1","9","2018","2018/09/01",,"Restoration After Paving (2807J)","Complete","<Null>","<Null>","<Null>","LINESTRING (-122.459063546 37.716603462, -122.460222651 37.71659285)","2026/05/23 10:19:56 AM","2026/05/23 10:48:09 AM"
"783","23350","9256000","Oceanview","MONTANA ST","11","FAXON AVE","ORIZABA AVE","Montana Street from Faxon Avenue to Orizaba Avenue","Speed Hump","1","0","0","1900/01/01",,"Site Specific Backlog","Complete","<Null>","<Null>","<Null>","LINESTRING (-122.460222651 37.71659285, -122.462624771 37.71657082)","2026/05/23 10:19:56 AM","2026/05/23 10:48:09 AM"
"784","21301","11134000","Cayuga","ROME ST","11","MOUNT VERNON ST","OTTAWA ST","Rome Street from Mount Vernon Street to Ottawa Street","Speed Hump","2","3","2022","2022/03/01","FY 2019-2020","D11 NTIP","Complete","<Null>","<Null>","<Null>","LINESTRING (-122.445179786 37.716575673, -122.445469435 37.716344721, -122.445878401 37.716093166, -122.446371846 37.715727963)","2026/05/23 10:19:56 AM","2026/05/23 10:48:09 AM"
"785","21309","11142000","Corona Heights","ROOSEVELT WAY","8","15TH ST \ PARK HILL AVE","FAIRBANKS ST \ MUSEUM WY","Roosevelt Way from 15th Street \ Park Hill Avenue to Fairbanks Street \ Museum Way","5-Lump Speed Cushion","2","1","2019","2019/01/01","FY 2016-2017","D7 Participatory Budgeting","Complete","<Null>","<Null>","<Null>","LINESTRING (-122.43950184 37.766575525, -122.441241683 37.765270858)","2026/05/23 10:19:56 AM","2026/05/23 10:48:09 AM"
"786","21310","11143000","Corona Heights","ROOSEVELT WAY","8","FAIRBANKS ST \ MUSEUM WY","LEVANT ST","Roosevelt Way from Fairbanks Street \ Museum Way to Levant Street","5-Lump Speed Cushion","1","4","2021","2021/04/01","FY 2018-2019","App-Based","Complete","<Null>","<Null>","<Null>","LINESTRING (-122.441241683 37.765270858, -122.441931913 37.765295099)","2026/05/23 10:19:56 AM","2026/05/23 10:48:09 AM"
"787","21313","11144002","Buena Vista","ROOSEVELT WAY","8","MASONIC AVE","LOMA VISTA TER","Roosevelt Way from Masonic Avenue to Loma Vista Terrace","5-Lump Speed Cushion","1","4","2021","2021/04/01","FY 2018-2019","App-Based","Complete","<Null>","<Null>","<Null>","LINESTRING (-122.442702618 37.765332957, -122.442621704 37.765317905, -122.44256493 37.765290336, -122.442554415 37.765245472, -122.442588419 37.765199305, -122.442705046 37.765152346, -122.44281476 37.765081417, -122.443131251 37.764742863, -122.443215275 37.764557546)","2026/05/23 10:19:56 AM","2026/05/23 10:48:09 AM"
"788","21315","11146101","Corona Heights","ROOSEVELT WAY","8","CLIFFORD TER","LOWER TER","Roosevelt Way from Clifford Terrace to Lower Terrace","Traffic Island","0","0","0","1900/01/01","FY 2013-2014",,"Complete","<Null>","<Null>","<Null>","LINESTRING (-122.442951037 37.763677959, -122.442914636 37.763648037, -122.442916334 37.763601685, -122.442966893 37.763515284, -122.443091259 37.763444802, -122.44321412 37.763417054, -122.443580368 37.763380268, -122.443695833 37.763315233, -122.44379547 37.763295596)","2026/05/23 10:19:56 AM","2026/05/23 10:48:09 AM"
"789","21316","11146201","Parnassus - Ashbury Heights","ROOSEVELT WAY","8","CLIFFORD TER","LOWER TER","Roosevelt Way from Clifford Terrace to Lower Terrace","Traffic Island","0","0","0","1900/01/01","FY 2013-2014",,"Complete","<Null>","<Null>","<Null>","LINESTRING (-122.442951037 37.763677959, -122.442985793 37.763644959, -122.442986893 37.763614918, -122.443023404 37.763552525, -122.443122515 37.763496356, -122.443228373 37.763472449, -122.443606942 37.763434425, -122.443775311 37.763339593, -122.44379547 37.763295596)","2026/05/23 10:19:56 AM","2026/05/23 10:48:09 AM"
"790","23395","9211000","Potrero Hill","MISSOURI ST","10","19TH ST","20TH ST","Missouri Street from 19th Street to 20th Street","Speed Hump","2","4","2020","2020/04/01",,"Schools Engineering","Complete","<Null>","<Null>","<Null>","LINESTRING (-122.396405136 37.761300391, -122.396283883 37.760025692)","2026/05/23 10:19:56 AM","2026/05/23 10:48:09 AM"
"791","23396","9212000","Potrero Hill","MISSOURI ST","10","20TH ST","SIERRA ST","Missouri Street from 20th Street to Sierra Street","Speed Hump","1","8","2019","2019/08/01","FY 2016-2017","App-Based","Complete","<Null>","<Null>","<Null>","LINESTRING (-122.396283883 37.760025692, -122.396241303 37.759937442, -122.39608874 37.758294968)","2026/05/23 10:19:56 AM","2026/05/23 10:48:09 AM"
"792","23406","9222000","Glen Park","MOFFITT ST","8","BEMIS ST \ ROANOKE ST","FARNUM ST","Moffitt Street from Bemis Street \ Roanoke Street to Farnum Street","3-Lump Speed Cushion","2","11","2018","2018/11/01","FY 2016-2017","App-Based","Complete","<Null>","<Null>","<Null>","LINESTRING (-122.431348921 37.736617894, -122.431367659 37.736667138, -122.431556865 37.736820139, -122.431764616 37.736894784, -122.431980888 37.736893793, -122.432419245 37.736899417, -122.432571883 37.736922469, -122.432720777 37.737013586, -122.432957612 37.737226287, -122.433167585 37.737461385, -122.433485575 37.737741946, -122.433949902 37.738135995)","2026/05/23 10:19:56 AM","2026/05/23 10:48:09 AM"
"793","21362","11014000","Bernal Heights South","RICHLAND AVE","9","MURRAY ST","AndOVER ST","Richland Avenue from Murray Street to Andover Street","Speed Hump","1","6","2008","2008/06/01","FY 2007-2008","Areawide","Complete","<Null>","<Null>","<Null>","LINESTRING (-122.420163468 37.73577688, -122.41675952 37.735604665)","2026/05/23 10:19:56 AM","2026/05/23 10:48:09 AM"
"794","21375","11027000","Sunnyside","RIDGEWOOD AVE","7","FLOOD AVE","HEARST AVE","Ridgewood Avenue from Flood Avenue to Hearst Avenue","3-Lump Speed Cushion","1","01","2026","2026/01/01","FY 2021-2022","App-Based","Complete",,,,"LINESTRING (-122.453394295 37.729836594, -122.453408561 37.730672036)","2026/05/23 10:19:56 AM","2026/05/23 10:48:09 AM"
"795","21395","11047000","Golden Gate Heights","RIVERA ST","7","14TH AVE","15TH AVE","Rivera Street from 14th Avenue to 15th Avenue","Traffic Island","2","0","0","1900/01/01","FY 2014-2015","App-Based","Complete","<Null>","<Null>","<Null>","LINESTRING (-122.470511788 37.747019817, -122.471319117 37.746984219)","2026/05/23 10:19:56 AM","2026/05/23 10:48:09 AM"
"796","22143","10335000","Potrero Hill","PENNSYLVANIA AVE","10","20TH ST","22ND ST","Pennsylvania Avenue from 20th Street to 22nd Street","5-Lump Speed Cushion","2","2","2021","2021/02/01","<Null>","Miscellaneous","Complete","<Null>","<Null>","<Null>","LINESTRING (-122.393364732 37.760201913, -122.393122629 37.757650785)","2026/05/23 10:19:56 AM","2026/05/23 10:48:09 AM"
"797","22144","10336000","Potrero Hill","PENNSYLVANIA AVE","10","22ND ST","23RD ST","Pennsylvania Avenue from 22nd Street to 23rd Street","Edgeline","0","0","0","1900/01/01","FY 2011-2012","TC Implementation","Complete","<Null>","<Null>","<Null>","LINESTRING (-122.393122629 37.757650785, -122.3928841 37.755095639)","2026/05/23 10:19:56 AM","2026/05/23 10:48:09 AM"
"798","22158","10342000","Bernal Heights","PERALTA AVE","9","FLORIDA ST","YORK ST","Peralta Avenue from Florida Street to York Street","3-Lump Speed Cushion","2","4","2022","2022/04/01","FY 2019-2020","App-Based","Complete","<Null>","<Null>","<Null>","LINESTRING (-122.408439568 37.746923038, -122.408842379 37.746748045)","2026/05/23 10:19:56 AM","2026/05/23 10:48:09 AM"
"799","22182","10291000","Parnassus Heights","PARNASSUS AVE","8","HILLWAY AVE","WILLARD ST","Parnassus Avenue from Hillway Avenue to Willard Street","7-Lump Speed Cushion","1","04","2026","2026/04/01","FY 2021-2022","App-Based","Complete",,,,"LINESTRING (-122.454217265 37.764310946, -122.455466091 37.764160566, -122.455781066 37.76407007)","2026/05/23 10:19:56 AM","2026/05/23 10:48:09 AM"
"800","22629","9876201","Hayes Valley","OCTAVIA ST","6","HAIGHT ST","ROSE ST","Octavia Street from Haight Street to Rose Street","Speed Hump","1","12","2008","2008/12/01","FY 2008-2009",,"Complete","<Null>","<Null>","<Null>","LINESTRING (-122.423758379 37.772957393, -122.423622873 37.773070164, -122.423699502 37.773443737)","2026/05/23 10:19:56 AM","2026/05/23 10:48:09 AM"
"801","22637","9878201","Hayes Valley","OCTAVIA ST","5, 6","PAGE ST","LILY ST","Octavia Street from Page Street to Lily Street","2-Lump Speed Cushion","1","12","2008","2008/12/01","FY 2008-2009",,"Complete","<Null>","<Null>","<Null>","LINESTRING (-122.423947061 37.773889238, -122.423810984 37.774002242, -122.423886747 37.77437598)","2026/05/23 10:19:56 AM","2026/05/23 10:48:09 AM"
"802","22645","9880201","Hayes Valley","OCTAVIA ST","5","OAK ST","HICKORY ST","Octavia Street from Oak Street to Hickory Street","Speed Hump","1","12","2008","2008/12/01","FY 2008-2009",,"Complete","<Null>","<Null>","<Null>","LINESTRING (-122.424136499 37.774824795, -122.423999796 37.774937764, -122.424074571 37.775310696)","2026/05/23 10:19:56 AM","2026/05/23 10:48:09 AM"
"803","21408","10977000","Bayview District","REVERE AVE","10","KEITH ST","LANE ST","Revere Avenue from Keith Street to Lane Street","Traffic Island","0","4","2008","2008/04/01","FY 2007-2008","Areawide","Complete","<Null>","<Null>","<Null>","LINESTRING (-122.388292258 37.730606103, -122.390164401 37.731662939)","2026/05/23 10:19:56 AM","2026/05/23 10:48:09 AM"
"805","21410","10979000","Bayview District","REVERE AVE","10","03RD ST \ BAY VIEW ST","BRIDGEVIEW DR \ NEWHALL ST","Revere Avenue from 3rd Street \ Bay View Street to Bridgeview Drive \ Newhall Street","Speed Hump","1","0","0","1900/01/01","FY 2011-2012","Areawide","Complete","<Null>","<Null>","<Null>","LINESTRING (-122.391521351 37.732431908, -122.393903947 37.73378771)","2026/05/23 10:19:56 AM","2026/05/23 10:48:09 AM"
"806","21436","11000000","Potrero Hill","RHODE ISLAND ST","10","20TH ST","SOUTHERN HEIGHTS AVE","Rhode Island Street from 20th Street to Southern Heights Avenue","5-Lump Speed Cushion","1","8","2023","2023/08/01","FY 2020-2021","App-Based","Complete",,,"<Null>","LINESTRING (-122.402079752 37.759675432, -122.40195658 37.758402812)","2026/05/23 10:19:56 AM","2026/05/23 10:48:09 AM"
"807","21438","11002000","Potrero Hill","RHODE ISLAND ST","10","22ND ST","23RD ST","Rhode Island Street from 22nd Street to 23rd Street","3-Lump Speed Cushion","1","7","2020","2020/07/01","FY 2017-2018","App-Based","Complete","<Null>","<Null>","<Null>","LINESTRING (-122.401832508 37.757120851, -122.401589389 37.754570555)","2026/05/23 10:19:56 AM","2026/05/23 10:48:09 AM"
"808","22191","10298000","Visitacion Valley","PARQUE DR","10","CIELITO DR","GENEVA AVE","Parque Drive from Cielito Drive to Geneva Avenue","Speed Bump","0","0","0","1900/01/01",,,"Obsolete","<Null>","<Null>","<Null>","LINESTRING (-122.421651626 37.710286203, -122.421943692 37.710368322, -122.422046202 37.710352924, -122.422505509 37.710028187, -122.422893328 37.709162206)","2026/05/23 10:19:56 AM","2026/05/23 10:48:09 AM"
"809","22200","10307000","Bayview District","PAUL AVE","10","CARR ST","GOULD ST","Paul Avenue from Carr Street to Gould Street","5-Lump Speed Cushion","1","2","2021","2021/02/01","FY 2016-2017","App-Based","Complete","<Null>","<Null>","<Null>","LINESTRING (-122.3966262 37.722626215, -122.397668136 37.722874277)","2026/05/23 10:19:56 AM","2026/05/23 10:48:09 AM"
"810","22201","10308000","Bayview District","PAUL AVE","10","GOULD ST","EXETER ST","Paul Avenue from Gould Street to Exeter Street","5-Lump Speed Cushion","1","2","2021","2021/02/01","FY 2016-2017","App-Based","Complete","<Null>","<Null>","<Null>","LINESTRING (-122.397668136 37.722874277, -122.398348115 37.723036159)","2026/05/23 10:19:56 AM","2026/05/23 10:48:09 AM"
"811","22203","10310000","Bayview District","PAUL AVE","10","CRANE ST","WHEAT ST","Paul Avenue from Crane Street to Wheat Street","5-Lump Speed Cushion","1","2","2021","2021/02/01","FY 2016-2017","App-Based","Complete","<Null>","<Null>","<Null>","LINESTRING (-122.399214407 37.723242391, -122.400073001 37.723446781)","2026/05/23 10:19:56 AM","2026/05/23 10:48:09 AM"
"812","22222","10251000","Excelsior","PARIS ST","11","AVALON AVE","EXCELSIOR AVE","Paris Street from Avalon Avenue to Excelsior Avenue","3-Lump Speed Cushion","1","2","2022","2022/02/01","FY 2019-2020","D11 NTIP","Complete","<Null>","<Null>","<Null>","LINESTRING (-122.430965186 37.72692568, -122.432053821 37.725488077)","2026/05/23 10:19:56 AM","2026/05/23 10:48:09 AM"
"813","22223","10252000","Excelsior","PARIS ST","11","BRAZIL AVE","EXCELSIOR AVE","Paris Street from Brazil Avenue to Excelsior Avenue","3-Lump Speed Cushion","2","7","2025","2025/07/01","FY 2020-2021","App-Based","Complete",,,,"LINESTRING (-122.432053821 37.725488077, -122.433231487 37.723932438)","2026/05/23 10:19:56 AM","2026/05/23 10:48:09 AM"
"814","21453","11013000","Bernal Heights South","RICHLAND AVE","9","LEESE ST","MURRAY ST","Richland Avenue from Leese Street to Murray Street","Speed Hump","1","6","2008","2008/06/01","FY 2007-2008","Areawide","Complete","<Null>","<Null>","<Null>","LINESTRING (-122.423151874 37.735927989, -122.420163468 37.73577688)","2026/05/23 10:19:56 AM","2026/05/23 10:48:09 AM"
"815","21466","10945000","Visitacion Valley","RAYMOND AVE","10","DELTA ST","ELLIOT ST","Raymond Avenue from Delta Street to Elliot Street","5-Lump Speed Cushion","2","<Null>","2020",,"FY 2017-2018","App-Based","Complete","<Null>","<Null>","<Null>","LINESTRING (-122.409193903 37.713798427, -122.411315825 37.714366959)","2026/05/23 10:19:56 AM","2026/05/23 10:48:09 AM"
"816","21467","10946000","Visitacion Valley","RAYMOND AVE","10","ELLIOT ST","SAWYER ST","Raymond Avenue from Elliot Street to Sawyer Street","Speed Table","2","04","2026","2026/04/01","FY 2021-2022","App-Based","Complete",,,,"LINESTRING (-122.411315825 37.714366959, -122.413600927 37.714986648)","2026/05/23 10:19:56 AM","2026/05/23 10:48:09 AM"
"817","21468","10947000","Visitacion Valley","RAYMOND AVE","10","END","SAWYER ST","Raymond Avenue from End to Sawyer Street","Speed Table","2","04","2026","2026/04/01","FY 2021-2022","App-Based","Complete",,,,"LINESTRING (-122.413600927 37.714986648, -122.41539609 37.715473662)","2026/05/23 10:19:56 AM","2026/05/23 10:48:09 AM"
"818","21491","10970101","Hunters Point","REUEL CT","10","HUDSON AVE","END","Reuel Court from Hudson Avenue to End","Speed Bump","0","0","0","1900/01/01",,,"Complete","<Null>","<Null>","<Null>","LINESTRING (-122.383637861 37.736604529, -122.383535072 37.736668194, -122.383242283 37.736656632, -122.382818368 37.736576798, -122.382500561 37.736479027, -122.382240724 37.736492879, -122.382190337 37.736433226)","2026/05/23 10:19:56 AM","2026/05/23 10:48:09 AM"
"819","21492","10970201","Hunters Point","REUEL CT","10","HUDSON AVE","END","Reuel Court from Hudson Avenue to End","Speed Bump","1","0","0","1900/01/01",,,"Complete","<Null>","<Null>","<Null>","LINESTRING (-122.383637861 37.736604529, -122.383529276 37.736542153, -122.383320876 37.736548198, -122.38284767 37.736454624, -122.382435002 37.736363511, -122.3822308 37.736375468, -122.382190337 37.736433226)","2026/05/23 10:19:56 AM","2026/05/23 10:48:09 AM"
"820","21496","10974000","Bayview District","REVERE AVE","10","HAWES ST","INGALLS ST","Revere Avenue from Hawes Street to Ingalls Street","Speed Hump","2","0","2014","2014/01/01","FY 2011-2012","TC Implementation","Complete","<Null>","<Null>","<Null>","LINESTRING (-122.382686989 37.727424872, -122.384556305 37.728485849)","2026/05/23 10:19:56 AM","2026/05/23 10:48:09 AM"
"821","22252","10274000","Jordan Park - Laurel Heights","PARKER AVE","2","EUCLID AVE","GEARY BLVD","Parker Avenue from Euclid Avenue to Geary Boulevard","Speed Hump","1","7","2023","2023/07/01","Pilot","Areawide Pilot","Complete","<Null>","<Null>","<Null>","LINESTRING (-122.454617803 37.784029989, -122.454569686 37.783561615, -122.454175994 37.781598822)","2026/05/23 10:19:56 AM","2026/05/23 10:48:09 AM"
"822","22267","10209000","Ingleside Terrace","PALOMA AVE","7","OCEAN AVE","MONCADA WAY","Paloma Avenue from Ocean Avenue to Moncada Way","Speed Hump","1","12","2018","2018/12/01",,"Restoration after paving (2696J)","Complete","<Null>","<Null>","<Null>","LINESTRING (-122.468207609 37.729221283, -122.468842059 37.728928591, -122.469336266 37.728755794)","2026/05/23 10:19:56 AM","2026/05/23 10:48:09 AM"
"823","22279","10221000","Bayview District","PALOU AVE","10","KEITH ST","LANE ST","Palou Avenue from Keith Street to Lane Street","5-Lump Speed Cushion","2","7","2023","2023/07/01","<Null>","Palou Ave TC","Complete","<Null>",,"<Null>","LINESTRING (-122.387166512 37.731857471, -122.389035068 37.732918895)","2026/05/23 10:19:56 AM","2026/05/23 10:48:09 AM"
"824","22755","9781000","Hunters Point","OAKDALE AVE","10","GRIFFITH ST","BALDWIN CT","Oakdale Avenue from Griffith Street to Baldwin Court","5-Lump Speed Cushion","1","3","2008","2008/03/01","FY 2004-2005","Areawide","Complete","<Null>","<Null>","<Null>","LINESTRING (-122.379174739 37.728231786, -122.38139912 37.729488847)","2026/05/23 10:19:56 AM","2026/05/23 10:48:09 AM"
"825","22756","9782000","Hunters Point","OAKDALE AVE","10","BALDWIN CT","INGALLS ST","Oakdale Avenue from Baldwin Court to Ingalls Street","Speed Hump","1","3","2008","2008/03/01","FY 2004-2005","Areawide","Complete","<Null>","<Null>","<Null>","LINESTRING (-122.38139912 37.729488847, -122.382746182 37.730281565, -122.382887872 37.730341972)","2026/05/23 10:19:56 AM","2026/05/23 10:48:09 AM"
"826","22759","9785000","Bayview District","OAKDALE AVE","10","KEITH ST","LANE ST","Oakdale Avenue from Keith Street to Lane Street","Speed Hump","0","0","0","1900/01/01","FY 2009-2010","TC Implementation","Complete","<Null>","<Null>","<Null>","LINESTRING (-122.386618704 37.732466391, -122.388481996 37.73353396)","2026/05/23 10:19:56 AM","2026/05/23 10:48:09 AM"
"827","22760","9786000","Bayview District","OAKDALE AVE","10","LANE ST","MENDELL ST","Oakdale Avenue from Lane Street to Mendell Street","3-Lump Speed Cushion","2","12","2023","2023/12/01","<Null>","D10 CRT","Complete","<Null>","<Null>","<Null>","LINESTRING (-122.388481996 37.73353396, -122.390344551 37.734598709)","2026/05/23 10:19:56 AM","2026/05/23 10:48:09 AM"
"828","23560","9045000","South of Market","MINNA ST","6","06TH ST","RUSS ST","Minna Street from 6th Street to Russ Street","Chicane","0","0","0","1900/01/01",,,"Complete","<Null>","<Null>","<Null>","LINESTRING (-122.408160793 37.780535387, -122.409283403 37.779657752)","2026/05/23 10:19:56 AM","2026/05/23 10:48:09 AM"
"829","23567","9052000","The Mission","MINNA ST","9","14TH ST","15TH ST","Minna Street from 14th Street to 15th Street","Speed Hump","1","6","2018","2018/06/01",,,"Complete","<Null>","<Null>","<Null>","LINESTRING (-122.419224932 37.768319349, -122.419071722 37.766719112)","2026/05/23 10:19:56 AM","2026/05/23 10:48:09 AM"
"830","23582","9067000","Miraloma Park","MIRALOMA DR","7","JUANITA AVE","MARNES AVE","Miraloma Drive from Juanita Avenue to Marnes Avenue","Speed Table","1","02","2026","2026/02/01","FY 2021-2022","App-Based","Complete",,,,"LINESTRING (-122.459122848 37.740138024, -122.459891703 37.7401155, -122.460103719 37.739996892, -122.460150544 37.739821634, -122.460010443 37.739475008, -122.460014704 37.739281897)","2026/05/23 10:19:56 AM","2026/05/23 10:48:09 AM"
"831","23583","9068000","Sherwood Forest","MIRALOMA DR","7","BENGAL ALLEY","JUANITA Drive","Miraloma Drive from Bengal Alley to Juanita Drive","Speed Table","1","02","2026","2026/02/01","FY 2021-2022","App-Based","Complete",,,,"LINESTRING (-122.460014704 37.739281897, -122.460249799 37.739151768, -122.460408551 37.739141701, -122.460854728 37.739212235, -122.461148369 37.739173938, -122.461369828 37.739058882, -122.461514529 37.738870858, -122.461541571 37.738655093, -122.461441274 37.738111065)","2026/05/23 10:19:56 AM","2026/05/23 10:48:09 AM"
"832","23584","9069000","Sherwood Forest","MIRALOMA DR","7","JUANITA WY","YERBA BUENA AVE","Miraloma Drive from Juanita Way to Yerba Buena Avenue","Speed Table","3","02","2026","2026/02/01","FY 2021-2022","App-Based","Complete",,,,"LINESTRING (-122.461441274 37.738111065, -122.461072155 37.736108836, -122.460947061 37.735799083, -122.460793721 37.7355429, -122.460477067 37.735179524)","2026/05/23 10:19:56 AM","2026/05/23 10:48:09 AM"
"833","21497","10975000","Bayview District","REVERE AVE","10","INGALLS ST","JENNINGS ST","Revere Avenue from Ingalls Street to Jennings Street","5-Lump Speed Cushion","2","4","2022","2022/04/01","FY 2019-2020","App-Based","Complete","<Null>","<Null>","<Null>","LINESTRING (-122.384556305 37.728485849, -122.386418476 37.729542712)","2026/05/23 10:19:56 AM","2026/05/23 10:48:09 AM"
"834","21498","10976000","Bayview District","REVERE AVE","10","JENNINGS ST","KEITH ST","Revere Avenue from Jennings Street to Keith Street","5-Lump Speed Cushion","2","0","2014","2014/01/01","FY 2011-2012","TC Implementation","Complete","<Null>","<Null>","<Null>","LINESTRING (-122.386418476 37.729542712, -122.388292258 37.730606103)","2026/05/23 10:19:56 AM","2026/05/23 10:48:09 AM"
"835","21507","10896000","Ingleside","RALSTON ST","11","GARFIELD ST","SHIELDS ST","Ralston Street from Garfield Street to Shields Street","3-Lump Speed Cushion","2","02","2026","2026/02/01","FY 2020-2021","App-Based","Complete",,,,"LINESTRING (-122.468941137 37.717894145, -122.46895098 37.719658802)","2026/05/23 10:19:56 AM","2026/05/23 10:48:09 AM"
"836","21521","10910000","Fairmount","RANDALL ST","8","CHENERY ST","CHURCH ST","Randall Street from Chenery Street to Church Street","Speed Table","1","<Null>","<Null>",,"FY 2021-2022","App-Based","Pending construction","TBD","Completion","TBD","LINESTRING (-122.425577809 37.739794704, -122.426619291 37.739731296)","2026/05/23 10:19:56 AM","2026/05/23 10:48:09 AM"
"837","21524","10913000","Fairmount","RANDALL ST","8","SANCHEZ ST","WHITNEY ST","Randall Street from Sanchez Street to Whitney Street","<Null>","<Null>","<Null>","<Null>",,"FY 2022-2023","App-Based","Pending design review and approval","Jul - Dec 2024","Pending construction","Jan - Jul 2025","LINESTRING (-122.427914896 37.739652404, -122.428736128 37.740121826)","2026/05/23 10:19:56 AM","2026/05/23 10:48:09 AM"
"838","21525","10914000","Fairmount","RANDALL ST","8","HARPER ST","SANCHEZ ST","Randall Street from Harper Street to Sanchez Street","<Null>","<Null>","<Null>","<Null>",,"FY 2022-2023","App-Based","Pending design review and approval","Jul - Dec 2024","Pending construction","Jan - Jul 2025","LINESTRING (-122.428736128 37.740121826, -122.429840275 37.740752944)","2026/05/23 10:19:56 AM","2026/05/23 10:48:09 AM"
"839","21526","10915000","Ingleside Heights","RANDOLPH ST","11","ORIZABA AVE","BRIGHT ST","Randolph Street from Orizaba Avenue to Bright Street","Edgeline","0","0","0","1900/01/01","FY 2009-2010","TC Implementation","Complete","<Null>","<Null>","<Null>","LINESTRING (-122.46260204 37.714307653, -122.463499698 37.71430078)","2026/05/23 10:19:56 AM","2026/05/23 10:48:09 AM"
"840","21527","10916000","Ingleside Heights","RANDOLPH ST","11","BRIGHT ST","HEAD ST","Randolph Street from Bright Street to Head Street","Edgeline","0","0","0","1900/01/01","FY 2009-2010","TC Implementation","Complete","<Null>","<Null>","<Null>","LINESTRING (-122.463499698 37.71430078, -122.464400756 37.714293874)","2026/05/23 10:19:56 AM","2026/05/23 10:48:09 AM"
"841","21528","10917000","Ingleside Heights","RANDOLPH ST","11","HEAD ST","VICTORIA ST","Randolph Street from Head Street to Victoria Street","Edgeline","0","0","0","1900/01/01","FY 2009-2010","TC Implementation","Complete","<Null>","<Null>","<Null>","LINESTRING (-122.464400756 37.714293874, -122.465299721 37.714286977)","2026/05/23 10:19:56 AM","2026/05/23 10:48:09 AM"
"842","21529","10918000","Ingleside Heights","RANDOLPH ST","11","VICTORIA ST","RAMSELL ST","Randolph Street from Victoria Street to Ramsell Street","Edgeline","0","0","0","1900/01/01","FY 2009-2010","TC Implementation","Complete","<Null>","<Null>","<Null>","LINESTRING (-122.465299721 37.714286977, -122.466198673 37.714280074)","2026/05/23 10:19:56 AM","2026/05/23 10:48:09 AM"
"843","21530","10919000","Ingleside Heights","RANDOLPH ST","11","RAMSELL ST","ARCH ST","Randolph Street from Ramsell Street to Arch Street","Edgeline","0","0","0","1900/01/01","FY 2009-2010","TC Implementation","Complete","<Null>","<Null>","<Null>","LINESTRING (-122.466198673 37.714280074, -122.46709432 37.714273188)","2026/05/23 10:19:56 AM","2026/05/23 10:48:09 AM"
"844","21531","10920000","Ingleside Heights","RANDOLPH ST","11","ARCH ST","VERNON ST","Randolph Street from Arch Street to Vernon Street","Edgeline","0","0","0","1900/01/01","FY 2009-2010","TC Implementation","Complete","<Null>","<Null>","<Null>","LINESTRING (-122.46709432 37.714273188, -122.467996138 37.714266249)","2026/05/23 10:19:56 AM","2026/05/23 10:48:09 AM"
"845","21532","10921000","Ingleside Heights","RANDOLPH ST","11","VERNON ST","RALSTON ST","Randolph Street from Vernon Street to Ralston Street","Edgeline","0","0","0","1900/01/01","FY 2009-2010","TC Implementation","Complete","<Null>","<Null>","<Null>","LINESTRING (-122.467996138 37.714266249, -122.468896273 37.714256184)","2026/05/23 10:19:56 AM","2026/05/23 10:48:09 AM"
"846","21533","10922000","Ingleside Heights","RANDOLPH ST","11","RALSTON ST","19TH AVE \ BYXBEE ST","Randolph Street from Ralston Street to 19th Avenue \ Byxbee Street","Edgeline","0","0","0","1900/01/01","FY 2009-2010","TC Implementation","Complete","<Null>","<Null>","<Null>","LINESTRING (-122.468896273 37.714256184, -122.469575194 37.714248588, -122.469798242 37.714281684)","2026/05/23 10:19:56 AM","2026/05/23 10:48:09 AM"
"848","22283","10225000","Silver Terrace","PALOU AVE","10","PHELPS ST","QUINT ST/SILVER AVE","Palou Avenue from Phelps Street to Quint St/Silver Avereet","5-Lump Speed Cushion","2","<Null>","<Null>",,"<Null>","Palou Ave TC","Pending construction","TBD","Completion","TBD","LINESTRING (-122.394662059 37.736106506, -122.396515236 37.737156185, -122.395685627 37.736686284)","2026/05/23 10:19:56 AM","2026/05/23 10:48:09 AM"
"849","22285","10227000","Silver Terrace","PALOU AVE","10","RANKIN ST","QUINT ST","Palou Avenue from Rankin Street to Quint Street","5-Lump Speed Cushion","2","8","2023","2023/08/01",,"Palou Ave TC","Complete",,,"<Null>","LINESTRING (-122.396515236 37.737156185, -122.398378465 37.738214734)","2026/05/23 10:19:56 AM","2026/05/23 10:48:09 AM"
"850","22286","10228000","Silver Terrace","PALOU AVE","10","RANKIN ST","SELBY ST","Palou Avenue from Rankin Street to Selby Street","5-Lump Speed Cushion","2","9","2023","2023/09/01","<Null>","Palou Ave TC","Complete","<Null>",,"<Null>","LINESTRING (-122.398378465 37.738214734, -122.400246409 37.739275902)","2026/05/23 10:19:56 AM","2026/05/23 10:48:09 AM"
"851","22288","10230000","Apparel City","PALOU AVE","10","DORMAN AVE","INDUSTRIAL ST","Palou Avenue from Dorman Avenue to Industrial Street","3-Lump Speed Cushion","1","4","2022","2022/04/01","FY 2019-2020","App-Based","Complete","<Null>","<Null>","<Null>","LINESTRING (-122.400899015 37.739659121, -122.401162821 37.739955103, -122.401320241 37.740109527)","2026/05/23 10:19:56 AM","2026/05/23 10:48:09 AM"
"852","22289","10231000","Apparel City","PALOU AVE","10","BARNEVELD AVE","DORMAN AVE","Palou Avenue from Barneveld Avenue to Dorman Avenue","3-Lump Speed Cushion","3","4","2022","2022/04/01","FY 2019-2020","App-Based","Complete","<Null>","<Null>","<Null>","LINESTRING (-122.401320241 37.740109527, -122.401477933 37.740264918, -122.401712078 37.740402904, -122.403610745 37.741475725)","2026/05/23 10:19:56 AM","2026/05/23 10:48:09 AM"
"853","22297","10239000","Midtown Terrace","PANORAMA DR","7","STARVIEW WAY","OLYMPIA WAY","Panorama Drive from Streetarview Way to Olympia Way","Speed Radar Sign","1","7","2016","2016/07/01",,,"Complete","<Null>","<Null>","<Null>","LINESTRING (-122.452122626 37.749350777, -122.452133065 37.751236285)","2026/05/23 10:19:56 AM","2026/05/23 10:48:09 AM"
"854","22799","9739000","Western Addition","OFARRELL ST","5","PIERCE ST","SCOTT ST","O'Farrell Street from Pierce Street to Scott Street","<Null>","<Null>","<Null>","<Null>",,"FY 2022-2023","App-Based","Pending design review and approval","Jul - Dec 2024","Pending construction","Jan - Jul 2025","LINESTRING (-122.436028664 37.782846762, -122.436110004 37.782858709, -122.437633454 37.7826629)","2026/05/23 10:19:56 AM","2026/05/23 10:48:09 AM"
"855","22807","9747101","Miraloma Park","OSHAUGHNESSY BLVD","8","PORTOLA DR","DEL VALE AVE","O'Shaughenssy from Portola Drive to Del Vale Avenue","<Null>","<Null>","<Null>","<Null>",,"FY 2022-2023","App-Based","Pending design review and approval","Jul - Dec 2024","Pending construction","Jan - Jul 2025","LINESTRING (-122.451623987 37.745534237, -122.451504312 37.745460534, -122.450518482 37.744249032, -122.450196315 37.743862318, -122.449929216 37.743521022, -122.449771873 37.743341858, -122.449525671 37.743112485, -122.449311116 37.742977035, -122.449104554 37.742889568, -122.448801747 37.742812603, -122.44847739 37.742769851, -122.447374982 37.742674027, -122.447093632 37.742644817, -122.446809103 37.742580019, -122.446613904 37.742497707, -122.446463439 37.742409308, -122.446349014 37.74232566, -122.446254224 37.742220304, -122.44617696 37.742098618, -122.446112889 37.741880487, -122.44607495 37.741546091, -122.446021158 37.741377686, -122.445978484 37.741291071, -122.44596433 37.741198735)","2026/05/23 10:19:56 AM","2026/05/23 10:48:09 AM"
"856","22811","9749101","Diamond Heights","OSHAUGHNESSY BLVD","8","MALTA DR","BOSWORTH ST","Oshaughnessy Boulevard from Malta Drive to Bosworth Street","Traffic Island","0","0","0","1900/01/01","FY 2010-2011","Areawide","Complete","<Null>","<Null>","<Null>","LINESTRING (-122.443602237 37.736502584, -122.443655413 37.736428119, -122.443745679 37.736354597, -122.443800931 37.736238657, -122.443828946 37.736133723, -122.443823978 37.736008594, -122.443792328 37.735922256, -122.443745671 37.735855529, -122.443665857 37.735785705, -122.443565914 37.735729053, -122.44345306 37.735691727, -122.443301196 37.735675528, -122.443162487 37.735688456, -122.443026366 37.73572795, -122.442154663 37.735971145, -122.442028763 37.735990934, -122.441927296 37.735968229)","2026/05/23 10:19:56 AM","2026/05/23 10:48:09 AM"
"857","22812","9749201","Miraloma Park","OSHAUGHNESSY BLVD","7, 8","MALTA DR","BOSWORTH ST","Oshaughnessy Boulevard from Malta Drive to Bosworth Street","Traffic Island","0","0","0","1900/01/01","FY 2010-2011","Areawide","Complete","<Null>","<Null>","<Null>","LINESTRING (-122.443602237 37.736502584, -122.44369708 37.736485543, -122.443814866 37.736389605, -122.443878219 37.736256665, -122.443909523 37.736139414, -122.443903927 37.735998516, -122.443888268 37.735910844, -122.443826881 37.735826959, -122.443744379 37.735738873, -122.44362804 37.735671056, -122.443474201 37.735629629, -122.443301871 37.735611246, -122.443143773 37.735625983, -122.442999748 37.735667774, -122.442133451 37.735909462, -122.442004139 37.735929786, -122.441927296 37.735968229)","2026/05/23 10:19:56 AM","2026/05/23 10:48:09 AM"
"858","23742","8880000","Mission Terrace","MAYNARD ST","11","MISSION ST","CRAUT ST","Maynard Street from Mission Street to Craut Street","3-Lump Speed Cushion","2","01","2026","2026/01/01","FY 2020-2021","App-Based","Complete",,,,"LINESTRING (-122.430809256 37.729227846, -122.430639657 37.729163877, -122.428268447 37.729283672)","2026/05/23 10:19:56 AM","2026/05/23 10:48:09 AM"
"859","23743","8881000","Mission Terrace","MAYNARD ST","11","CRAUT ST","CONGDON ST","Maynard Street from Craut Street to Congdon Street","Speed Hump","1","2","2022","2022/02/01","FY 2019-2020","D11 NTIP","Complete","<Null>","<Null>","<Null>","LINESTRING (-122.428268447 37.729283672, -122.426024705 37.729396982)","2026/05/23 10:19:56 AM","2026/05/23 10:48:09 AM"
"860","23744","8882000","Mission Terrace","MAYNARD ST","11","GLADSTONE DR","CONGDON ST","Maynard Street from Gladstone Drive to Congdon Street","Speed Hump","1","2","2022","2022/02/01","FY 2019-2020","D11 NTIP","Complete","<Null>","<Null>","<Null>","LINESTRING (-122.426024705 37.729396982, -122.423797639 37.729509408)","2026/05/23 10:19:56 AM","2026/05/23 10:48:09 AM"
"861","22336","10191000","Jordan Park - Laurel Heights","PALM AVE","2","EUCLID AVE","GEARY BLVD","Palm Avenue from Euclid Avenue to Geary Boulevard","Speed Hump","1","0","0","1900/01/01","Pilot","Areawide Pilot","Obsolete","<Null>","<Null>","<Null>","LINESTRING (-122.457922818 37.783874311, -122.457733044 37.781314586)","2026/05/23 10:19:56 AM","2026/05/23 10:48:09 AM"
"862","22341","10196000","Merced Heights","PALMETTO AVE","7","ST. CHARLES AVE","CHESTER AVE","Palmetto Avenue from Street. Charles Avenue to Chester Avenue","3-Lump Speed Cushion","1","<Null>","<Null>",,"FY 2020-2021","App-Based","Pending construction","TBD","Completion","<Null>","LINESTRING (-122.46928846 37.710593439, -122.469583958 37.710666161, -122.470421704 37.710653382)","2026/05/23 10:19:56 AM","2026/05/23 10:48:09 AM"
"863","22834","9770000","Ashbury Heights","OAK ST","5","SHRADER ST","STANYAN ST","Oak Street from Shrader Street to Streetanyan Street","3-Lump Speed Cushion","2","8","2023","2023/08/01","FY 2020-2021","App-Based","Complete",,,"<Null>","LINESTRING (-122.452241778 37.771229828, -122.453781998 37.771021947, -122.453902455 37.771053838)","2026/05/23 10:19:56 AM","2026/05/23 10:48:09 AM"
"864","22857","9707000","Hunters Point","NORTHRIDGE RD","10","DORMITORY RD \ JERROLD AVE","HARBOR RD","Northridge Rd from Dormitory Rd \ Jerrold Avenue to Harbor Rd","Speed Hump","1","0","0","1900/01/01","FY 2013-2014",,"Complete","<Null>","<Null>","<Null>","LINESTRING (-122.374217334 37.730176676, -122.374606017 37.730347388, -122.375583204 37.730774617, -122.375881342 37.730913307, -122.376248514 37.730985415, -122.376788289 37.731004124, -122.376999545 37.731009871)","2026/05/23 10:19:56 AM","2026/05/23 10:48:09 AM"
"865","22858","9708000","Hunters Point","NORTHRIDGE RD","10","HARBOR RD","INGALLS ST \ ROSIE LEE LN","Northridge Rd from Harbor Rd to Ingalls Street \ Rosie Lee Lane","Speed Hump","1","0","0","1900/01/01","FY 2013-2014",,"Complete","<Null>","<Null>","<Null>","LINESTRING (-122.376999545 37.731009871, -122.377600954 37.731026233, -122.377910404 37.731146028, -122.378134645 37.731313954, -122.378272098 37.731381222, -122.378616199 37.731495526, -122.378798483 37.731568139, -122.378938529 37.73165705, -122.379094976 37.731694651, -122.379347109 37.731679411)","2026/05/23 10:19:56 AM","2026/05/23 10:48:09 AM"
"867","23805","8856000","Haight Ashbury","MASONIC AVE","5, 8","WALLER ST","FREDERICK ST","Masonic Avenue from Waller Street to Frederick Street","5-Lump Speed Cushion","2","3","2016","2016/03/01","FY 2014-2015","App-Based","Complete","<Null>","<Null>","<Null>","LINESTRING (-122.445105982 37.769284229, -122.44473154 37.767425876)","2026/05/23 10:19:56 AM","2026/05/23 10:48:09 AM"
"868","23822","8872000","Jordan Park - Laurel Heights","MAYFAIR DR","2","MANZANITA AVE","IRIS AVE","Mayfair Drive from Manzanita Avenue to Iris Avenue","Traffic Island","0","0","0","1900/01/01","FY 2011-2012","Early Implementation","Complete","<Null>","<Null>","<Null>","LINESTRING (-122.451240371 37.785976194, -122.452069955 37.785871705)","2026/05/23 10:19:56 AM","2026/05/23 10:48:09 AM"
"869","21602","10811000","Bayview District","QUESADA AVE","10","HAWES ST","INGALLS ST","Quesada Avenue from Hawes Street to Ingalls Street","Speed Hump","2","0","2014","2014/01/01","FY 2011-2012","TC Implementation","Obsolete","<Null>","<Null>","<Null>","LINESTRING (-122.382125706 37.728051444, -122.383993749 37.729111703)","2026/05/23 10:19:56 AM","2026/05/23 10:48:09 AM"
"871","21604","10813000","Bayview District","QUESADA AVE","10","JENNINGS ST","KEITH ST","Quesada Avenue from Jennings Street to Keith Street","Speed Hump","2","0","2014","2014/01/01","FY 2011-2012","TC Implementation","Complete","<Null>","<Null>","<Null>","LINESTRING (-122.38585274 37.730166764, -122.38772939 37.731231789)","2026/05/23 10:19:56 AM","2026/05/23 10:48:09 AM"
"873","21607","10816101","Bayview District","QUESADA AVE","10","03RD ST","NEWHALL ST","Quesada Avenue from 3rd Street to Newhall Street","Speed Hump","1","0","0","1900/01/01","FY 2011-2012","Areawide","Complete","<Null>","<Null>","<Null>","LINESTRING (-122.391244493 37.733223262, -122.391426545 37.733270087, -122.393271271 37.734304784, -122.393340205 37.734413008)","2026/05/23 10:19:56 AM","2026/05/23 10:48:09 AM"
"876","22405","10080201","Forest  Hill","PACHECO ST","7","FOREST HILL PATH \ LOPEZ AVE","ALTON AVE \ UNNAMED 033","Pacheco Street from Forest Hill Path \ Lopez Avenue to Alton Avenue \ Unnamed 33","Speed Hump","2","2","2018","2018/02/01",,"Dewey Area TC","Complete","<Null>","<Null>","<Null>","LINESTRING (-122.462687167 37.748513812, -122.462673026 37.748600967, -122.462780006 37.748760563, -122.462849896 37.748940339, -122.462893906 37.749167933, -122.462881041 37.74929739, -122.462898663 37.749553427, -122.462992134 37.749803894, -122.463172592 37.750059372, -122.46331562 37.750168216)","2026/05/23 10:19:56 AM","2026/05/23 10:48:09 AM"
"877","22408","10082000","Forest  Hill","PACHECO ST","7","8TH AVE","9TH AVE","Pacheco Street from 8th Avenue to 9th Avenue","3-Lump Speed Cushion","1","<Null>","<Null>",,"FY 2021-2022","App-Based","Pending construction","TBD","Completion","TBD","LINESTRING (-122.464186101 37.750716995, -122.464458528 37.75086715, -122.464899571 37.751008471, -122.46540341 37.750986309)","2026/05/23 10:19:56 AM","2026/05/23 10:48:09 AM"
"878","22415","10089000","Golden Gate Heights","PACHECO ST","7","14TH AVE \ ORTEGA WAY","15TH AVE \ MANDALAY LN","Pacheco Street from 14th Avenue \ Ortega Way to 15th Avenue \ Mandalay Lane","Speed Hump","1","4","2015","2015/04/01","FY 2013-2014","App-Based","Complete","<Null>","<Null>","<Null>","LINESTRING (-122.470907529 37.752615836, -122.470841193 37.752241279, -122.470854133 37.752017689, -122.470949627 37.751793765, -122.471129732 37.751580233, -122.471369868 37.751430249, -122.471647287 37.751327401, -122.471799904 37.751184782, -122.471808541 37.750817459, -122.471878685 37.750701063)","2026/05/23 10:19:56 AM","2026/05/23 10:48:09 AM"
"879","23612","9009000","Golden Gate Park","NANCY PELOSI DR","7","BOWLING GREEN DR","MARTIN LUTHER KING JR ST","Nancy Pelosi Drive from Bowling Green Drive to Martin Luther King Jr Street","Raised Crosswalk","1","7","2018","2018/07/01",,"Golden Gate Park Traffic Safety","Complete","<Null>","<Null>","<Null>","LINESTRING (-122.460107592 37.77039935, -122.460765172 37.770318474, -122.461111176 37.770343163, -122.461427595 37.770327997, -122.461800051 37.770286516, -122.462759232 37.770065907, -122.464401911 37.769669327, -122.464756225 37.769524729, -122.465201182 37.769245469, -122.465767368 37.768794991, -122.466296898 37.768443201, -122.467004431 37.768012601)","2026/05/23 10:19:56 AM","2026/05/23 10:48:09 AM"
"880","23621","9018000","Lakeshore","MIDDLEFIELD DR","4","EUCALYPTUS DR","GELLERT DR","Middlefield Drive from Eucalyptus Drive to Gellert Drive","Speed Hump","1","4","2020","2020/04/01",,"Schools Engineering","Complete","<Null>","<Null>","<Null>","LINESTRING (-122.486179325 37.73087918, -122.486176807 37.73059137, -122.486310916 37.730220513, -122.486515837 37.729801819)","2026/05/23 10:19:56 AM","2026/05/23 10:48:09 AM"
"881","23623","9020000","Fisherman's Wharf","MIDWAY ST","3","BAY ST","FRANCISCO ST","Midway Street from Bay Street to Francisco Street","<Null>","<Null>","<Null>","<Null>",,"FY 2022-2023","App-Based","Pending design review and approval","Jul - Dec 2024","Pending construction","Jan - Jul 2025","LINESTRING (-122.409299192 37.805204706, -122.4094874 37.806131835)","2026/05/23 10:19:56 AM","2026/05/23 10:48:09 AM"
"882","23624","9021000","Glen Park","MIGUEL ST","8","BEACON ST","FAIRMOUNT ST","Miguel Street from Beacon Street to Fairmount Street","Edgeline","1","0","0","1900/01/01","FY 2014-2015","App-Based","Complete","<Null>","<Null>","<Null>","LINESTRING (-122.431174626 37.739152518, -122.431028955 37.739151166, -122.430301094 37.739189327, -122.429247842 37.738982437, -122.428729338 37.738630738, -122.42872774 37.738502444)","2026/05/23 10:19:56 AM","2026/05/23 10:48:09 AM"
"883","23625","9022000","Glen Park","MIGUEL ST","8","FAIRMOUNT ST","BEMIS ST","Miguel Street from Fairmount Street to Bemis Street","Edgeline","1","0","0","1900/01/01","FY 2014-2015","App-Based","Complete","<Null>","<Null>","<Null>","LINESTRING (-122.42872774 37.738502444, -122.428725536 37.738325547)","2026/05/23 10:19:56 AM","2026/05/23 10:48:09 AM"
"884","23640","9036101","Oceanview","MINERVA ST","11","PLYMOUTH AVE","SUMMIT ST","Minerva Street from Placeymouth Avenue to Summit Street","Speed Table","1","<Null>","<Null>",,"FY 2021-2022","App-Based","Pending construction","TBD","Completion","TBD","LINESTRING (-122.453513346 37.715795052, -122.453595733 37.715752191, -122.45597431 37.715737627, -122.456079635 37.715787827)","2026/05/23 10:19:56 AM","2026/05/23 10:48:09 AM"
"885","23642","9037000","Oceanview","MINERVA ST","11","CAPITOL AVE","ORIZABA AVE","Minerva Street from Capitol Avenue to Orizaba Avenue","Speed Hump","3","9","2018","2018/09/01",,"Restoration After Paving (2807J)","Complete","<Null>","<Null>","<Null>","LINESTRING (-122.459054861 37.715757941, -122.462430136 37.715737105, -122.462615213 37.715619304)","2026/05/23 10:19:56 AM","2026/05/23 10:48:09 AM"
"888","21672","10792000","Eureka Valley - Dolores Height","PROSPER ST","8","16TH ST \ JOSE SARRIA CT","17TH ST","Prosper Street from 16th Street \ Jose Sarria Court to 17th Street","Speed Hump","1","0","0","1900/01/01",,,"Complete","<Null>","<Null>","<Null>","LINESTRING (-122.431700287 37.764324012, -122.43154484 37.762703174)","2026/05/23 10:19:56 AM","2026/05/23 10:48:09 AM"
"890","22440","10026000","Outer Sunset","ORTEGA ST","4","37TH ST","38TH ST","Ortega Street from 37th Street to 38th Street","Speed Hump","1","12","2020","2020/12/01",,"Schools Engineering","Complete","<Null>","<Null>","<Null>","LINESTRING (-122.495630257 37.751526823, -122.496702184 37.75147608)","2026/05/23 10:19:56 AM","2026/05/23 10:48:09 AM"
"891","22454","10040000","Inner Mission","OSAGE ALY","9","25TH ST","26TH ST","Osage Alley from 25th Street to 26th Street","Speed Bump","1","0","0","1900/01/01",,,"Complete","<Null>","<Null>","<Null>","LINESTRING (-122.418861393 37.750605068, -122.41870996 37.749006381)","2026/05/23 10:19:56 AM","2026/05/23 10:48:09 AM"
"892","22468","10054000","Cayuga","OTSEGO AVE","11","ONONDAGA AVE","ONEIDA AVE","Ostego Avenue from Onondaga Avenue to Oneida Avenue","Speed Hump","2","2","2020","2020/02/01",,"Schools Engineering","Complete","<Null>","<Null>","<Null>","LINESTRING (-122.441430619 37.722725671, -122.442133654 37.721586477)","2026/05/23 10:19:56 AM","2026/05/23 10:48:09 AM"
"893","22473","10059000","Outer Mission","OTTAWA AVE","11","ALEMANY BLVD","ROME ST","Ottawa Street from Alemany Boulevard to Rome Street","Speed Hump","1","3","2022","2022/03/01","FY 2019-2020","D11 NTIP","Complete","<Null>","<Null>","<Null>","LINESTRING (-122.445835077 37.715297797, -122.446371846 37.715727963)","2026/05/23 10:19:56 AM","2026/05/23 10:48:09 AM"
"894","22474","10060000","Cayuga","OTTAWA AVE","11","CAYUGA AVE","ROME ST","Ottawa Street from Cayuga Avenue to Rome Street","Speed Hump","1","3","2022","2022/03/01","FY 2019-2020","D11 NTIP","Complete","<Null>","<Null>","<Null>","LINESTRING (-122.446371846 37.715727963, -122.446944516 37.716186891)","2026/05/23 10:19:56 AM","2026/05/23 10:48:09 AM"
"895","22935","9607000","Duboce Triangle","NOE ST","8","DUBOCE AVE","14TH ST","Noe Street from Duboce Avenue to 14th Street","Chicane","1","0","0","1900/01/01","FY 2008-2009","Site Specific","Complete","<Null>","<Null>","<Null>","LINESTRING (-122.433572208 37.769178369, -122.433408259 37.767461583)","2026/05/23 10:19:56 AM","2026/05/23 10:48:09 AM"
"899","22958","9630000","Noe Valley","NOE ST","8","25TH ST","CLIPPER ST","Noe Street from 25th Street to Clipper Street","Speed Hump","1","3","2020","2020/03/01",,"Schools Engineering","Complete","<Null>","<Null>","<Null>","LINESTRING (-122.431716932 37.749829779, -122.431639579 37.749028214)","2026/05/23 10:19:56 AM","2026/05/23 10:48:09 AM"
"900","22966","9638000","Noe Valley","NOE ST","8","29TH ST","DAY ST","Noe Street from 29th Street to Day Street","Traffic Island","0","0","0","1900/01/01","FY 2015-2016","App-Based","Complete","<Null>","<Null>","<Null>","LINESTRING (-122.431100338 37.743430738, -122.431022327 37.742630877)","2026/05/23 10:19:56 AM","2026/05/23 10:48:09 AM"
"901","22970","9642000","South of Market","NORFOLK ST","6","FOLSOM ST","HARRISON ST","Norfolk Street from Folsom Street to Harrison Street","Speed Hump","1","4","2008","2008/04/01","FY 2007-2008","Site Specific","Complete","<Null>","<Null>","<Null>","LINESTRING (-122.414526088 37.771404651, -122.412751338 37.770388697)","2026/05/23 10:19:56 AM","2026/05/23 10:48:09 AM"
"902","23759","8897000","Western Addition","MCALLISTER ST","5","LAGUNA ST","GOUGH ST","Mcallister Street from Laguna Street to Gough Street","5-Lump Speed Cushion","4","<Null>","<Null>",,"FY 2021-2022","App-Based","Pending construction","TBD","Completion","TBD","LINESTRING (-122.423541307 37.779673586, -122.426828556 37.779257971)","2026/05/23 10:19:56 AM","2026/05/23 10:48:09 AM"
"903","23775","8911000","Lone Mountain","MCALLISTER ST","1","PARSONS ST","WILLARD ST","Mcallister Street from Parsons Street to Willard Street","Speed Hump","1","6","2015","2015/06/01","FY 2011-2012","Site Specific","Complete","<Null>","<Null>","<Null>","LINESTRING (-122.455440669 37.775611298, -122.4564727 37.775483265)","2026/05/23 10:19:56 AM","2026/05/23 10:48:09 AM"
"904","23779","8915000","South of Market","MCCOPPIN ST","6","STEVENSON ST","JESSIE ST","Mccoppin Street from Streetevenson Street to Jessie Street","3-Lump Speed Cushion","1","<Null>","<Null>",,"FY 2021-2022","App-Based","Pending construction","TBD","Completion","TBD","LINESTRING (-122.421110073 37.771680074, -122.421747665 37.771641823)","2026/05/23 10:19:56 AM","2026/05/23 10:48:09 AM"
"905","21694","10729000","Excelsior","PRAGUE ST","11","BRAZIL AVE","PERSIA AVE","Prague Street from Brazil Avenue to Persia Avenue","5-Lump Speed Cushion","2","<Null>","<Null>",,"FY 2021-2022","App-Based","Pending construction","TBD","Completion","TBD","LINESTRING (-122.426022743 37.72049385, -122.427192599 37.718943188)","2026/05/23 10:19:56 AM","2026/05/23 10:48:09 AM"
"906","21701","10736000","Crocker Amazon","PRAGUE ST","11","CORDOVA ST","DRAKE ST","Prague Street from Cordova Street to Driveake Street","3-Lump Speed Cushion","1","6","2019","2019/06/01","FY 2018-2019","D11 NTIP","Complete","<Null>","<Null>","<Null>","LINESTRING (-122.434979493 37.710238728, -122.435761872 37.710071079, -122.436486506 37.710011975, -122.436687653 37.710023433)","2026/05/23 10:19:56 AM","2026/05/23 10:48:09 AM"
"907","21703","10738000","Crocker Amazon","PRAGUE ST","11","CURTIS ST","WINDING WY","Prague Street from Curtis Street to Winding Way","Speed Hump","1","6","2019","2019/06/01","FY 2018-2019","D11 NTIP","Complete","<Null>","<Null>","<Null>","LINESTRING (-122.437564811 37.710113666, -122.438679757 37.710070287)","2026/05/23 10:19:56 AM","2026/05/23 10:48:09 AM"
"908","21707","10741001","Bernal Heights North","PRECITA AVE","9","COSO AVE","EMMETT CT","Precita Avenue from Coso Avenue to Emmett Court","Speed Hump","1","5","2008","2008/05/01","FY 2007-2008","Areawide","Complete","<Null>","<Null>","<Null>","LINESTRING (-122.418284622 37.74669437, -122.416147779 37.74751262)","2026/05/23 10:19:56 AM","2026/05/23 10:48:09 AM"
"909","21708","10741002","Bernal Heights North","PRECITA AVE","9","EMMETT CT","SHOTWELL ST","Precita Avenue from Emmett Court to Shotwell Street","Speed Hump","1","5","2008","2008/05/01","FY 2007-2008","Areawide","Complete","<Null>","<Null>","<Null>","LINESTRING (-122.416147779 37.74751262, -122.414834064 37.747345353)","2026/05/23 10:19:56 AM","2026/05/23 10:48:09 AM"
"910","21710","10743000","Bernal Heights North","PRECITA AVE","9","FOLSOM ST","HARRISON ST","Precita Avenue from Folsom Street to Harrison Street","Speed Hump","1","12","2004","2004/12/01","FY 2004-2005","Site Specific","Complete","<Null>","<Null>","<Null>","LINESTRING (-122.413571132 37.74717102, -122.411388068 37.747301036)","2026/05/23 10:19:56 AM","2026/05/23 10:48:09 AM"
"911","21711","10744000","Bernal Heights North","PRECITA AVE","9","HARRISON ST","ALABAMA ST","Precita Avenue from Harrison Street to Alabama Street","Speed Hump","1","12","2004","2004/12/01","FY 2004-2005","Areawide","Complete","<Null>","<Null>","<Null>","LINESTRING (-122.411388068 37.747301036, -122.410495199 37.747354199)","2026/05/23 10:19:56 AM","2026/05/23 10:48:09 AM"
"914","22485","9983000","Merced Heights","ORIZABA AVE","11","BROAD ST","STANLEY ST","Orizaba Avenue from Broad Street to Streetanley Street","Speed Hump","1","4","2022","2022/04/01","FY 2019-2020","D11 NTIP","Complete","<Null>","<Null>","<Null>","LINESTRING (-122.462580658 37.712523034, -122.462568999 37.713150165)","2026/05/23 10:19:56 AM","2026/05/23 10:48:09 AM"
"915","22486","9984000","Ingleside Heights","ORIZABA AVE","11","BROAD ST","FARALLONES ST","Orizaba Avenue from Broad Street to Farallones Street","Edgeline","0","0","0","1900/01/01","FY 2009-2010","TC Implementation","Complete","<Null>","<Null>","<Null>","LINESTRING (-122.462568999 37.713150165, -122.462554985 37.713903926, -122.462588725 37.714029539)","2026/05/23 10:19:56 AM","2026/05/23 10:48:09 AM"
"916","22487","9985000","Ingleside Heights","ORIZABA AVE","11","FARALLONES ST","RANDOLPH ST","Orizaba Avenue from Farallones Street to Randolph Street","Edgeline","0","0","0","1900/01/01","FY 2009-2010","TC Implementation","Complete","<Null>","<Null>","<Null>","LINESTRING (-122.462588725 37.714029539, -122.46260204 37.714307653)","2026/05/23 10:19:56 AM","2026/05/23 10:48:09 AM"
"917","22518","10012000","Central Sunset","ORTEGA ST","4","24TH AVE","25TH AVE","Ortega Street from 24th Avenue to 25th Avenue","Speed Hump","1","5","2013","2013/05/01","FY 2013-2014","Site Specific","Obsolete","<Null>","<Null>","<Null>","LINESTRING (-122.481702108 37.752140004, -122.482769583 37.752092895)","2026/05/23 10:19:56 AM","2026/05/23 10:48:09 AM"
"918","22519","10013000","Central Sunset","ORTEGA ST","4","25TH AVE","26TH AVE","Ortega Street from 25th Avenue to 26th Avenue","Speed Hump","1","5","2013","2013/05/01","FY 2013-2014","Site Specific","Complete","<Null>","<Null>","<Null>","LINESTRING (-122.482769583 37.752092895, -122.483844156 37.752045463)","2026/05/23 10:19:56 AM","2026/05/23 10:48:09 AM"
"919","22520","10014000","Central Sunset","ORTEGA ST","4","26TH AVE","27TH AVE","Ortega Street from 26th Avenue to 27th Avenue","Speed Hump","1","5","2013","2013/05/01","FY 2013-2014","Site Specific","Complete","<Null>","<Null>","<Null>","LINESTRING (-122.483844156 37.752045463, -122.484914851 37.751998192)","2026/05/23 10:19:56 AM","2026/05/23 10:48:09 AM"
"920","22521","10015000","Central Sunset","ORTEGA ST","4","27TH AVE","28TH AVE","Ortega Street from 27th Avenue to 28th Avenue","Speed Hump","1","5","2013","2013/05/01","FY 2013-2014","Site Specific","Complete","<Null>","<Null>","<Null>","LINESTRING (-122.484914851 37.751998192, -122.485988182 37.751950795)","2026/05/23 10:19:56 AM","2026/05/23 10:48:09 AM"
"924","23007","9588000","Mission Terrace","NEY ST","11","MISSION ST","CRAUT ST","Ney Street from Mission Street to Craut Street","Speed Hump","1","7","2019","2019/07/01","FY 2018-2019","D11 NTIP","Complete","<Null>","<Null>","<Null>","LINESTRING (-122.430110918 37.729930588, -122.428328 37.730021393)","2026/05/23 10:19:56 AM","2026/05/23 10:48:09 AM"
"925","23008","9589000","Mission Terrace","NEY ST","11","CRAUT ST","CONGDON ST","Ney Street from Craut Street to Congdon Street","Speed Hump","2","7","2019","2019/07/01","FY 2018-2019","D11 NTIP","Complete","<Null>","<Null>","<Null>","LINESTRING (-122.428328 37.730021393, -122.426084309 37.730135628)","2026/05/23 10:19:56 AM","2026/05/23 10:48:09 AM"
"926","23009","9590000","Mission Terrace","NEY ST","11","CONGDON ST","TRUMBULL ST","Ney Street from Congdon Street to Trumbull Street","Speed Hump","2","7","2019","2019/07/01","FY 2018-2019","D11 NTIP","Complete","<Null>","<Null>","<Null>","LINESTRING (-122.426084309 37.730135628, -122.423807642 37.730251496, -122.423634972 37.730276025, -122.423471748 37.730349546, -122.42332765 37.730472353, -122.42326822 37.730590236, -122.423243713 37.730818703)","2026/05/23 10:19:56 AM","2026/05/23 10:48:09 AM"
"927","23010","9591000","Cayuga","NIAGARA AVE","11","MISSION ST","ALEMANY BLVD","Niagara Avenue from Mission Street to Alemany Boulevard","3-Lump Speed Cushion","2","<Null>","<Null>",,"FY 2021-2022","App-Based","Pending construction","TBD","Completion","TBD","LINESTRING (-122.441691159 37.715572699, -122.443431269 37.716970222)","2026/05/23 10:19:56 AM","2026/05/23 10:48:09 AM"
"928","23011","9592000","Outer Mission","NIAGARA AVE","11","ALEMANY BLVD","CAYUGA AVE","Niagara Avenue from Alemany Boulevard to Cayuga Avenue","Speed Hump","1","1","2016","2016/01/01",,,"Complete","<Null>","<Null>","<Null>","LINESTRING (-122.443431269 37.716970222, -122.44470621 37.717995411)","2026/05/23 10:19:56 AM","2026/05/23 10:48:09 AM"
"929","23012","9593000","Outer Mission","NIAGARA AVE","11","CAYUGA AVE","DELANO AVE","Niagara Avenue from Cayuga Avenue to Delano Avenue","Speed Hump","1","1","2016","2016/01/01",,,"Complete","<Null>","<Null>","<Null>","LINESTRING (-122.44470621 37.717995411, -122.445494129 37.718615163, -122.445732185 37.718753151, -122.445909196 37.718827696)","2026/05/23 10:19:56 AM","2026/05/23 10:48:09 AM"
"930","23013","9594000","Cayuga","NIAGARA AVE","11","DELANO AVE","SAN JOSE AVE","Niagara Avenue from Delano Avenue to San Jose Avenue","Speed Table","1","10","2019","2019/10/01","FY 2018-2019","D11 NTIP","Complete","<Null>","<Null>","<Null>","LINESTRING (-122.445909196 37.718827696, -122.447562063 37.71948112)","2026/05/23 10:19:56 AM","2026/05/23 10:48:09 AM"
"931","23022","9603000",,"NICHOLS WAY","10","CAMERON WY","CAMERON WY","Nichols Way from Cameron Way to Cameron Way","Speed Hump","2","0","0","1900/01/01","Pilot","Areawide Pilot","Complete","<Null>","<Null>","<Null>","LINESTRING (-122.388564055 37.720124445, -122.387442943 37.719499389, -122.387258296 37.719452611, -122.387009173 37.719509891, -122.386243138 37.720357025)","2026/05/23 10:19:56 AM","2026/05/23 10:48:09 AM"
"932","23023","9522000","Hunters Point","NAVY RD","10","GRIFFITH ST","END","Navy Rd from Griffith Street to End","Speed Hump","2","11","2018","2018/11/01",,"Restoration after BSSR Paving FY18 (2979J)","Complete","<Null>","<Null>","<Null>","LINESTRING (-122.37854175 37.728942333, -122.380311216 37.72992361, -122.380325235 37.729996388)","2026/05/23 10:19:56 AM","2026/05/23 10:48:09 AM"
"933","21783","10650000","Lower Pacfic Heights","POST ST","5","PIERCE ST","SCOTT ST","Post Street from Pierce Street to Scott Street","5-Lump Speed Cushion","1","8","2020","2020/08/01","FY 2017-2018","App-Based","Complete","<Null>","<Null>","<Null>","LINESTRING (-122.436368359 37.784736067, -122.438019672 37.784530919)","2026/05/23 10:19:56 AM","2026/05/23 10:48:09 AM"
"934","22534","9941000","Midtown Terrace","OLYMPIA WAY","7","DELLBROOK AVE","DELLBROOK AVE","Olympia Way from Dellbrook Avenue to Dellbrook Avenue","Speed Radar Sign","1","7","2016","2016/07/01",,,"Complete","<Null>","<Null>","<Null>","LINESTRING (-122.45292933 37.751214771, -122.453292273 37.751194889, -122.453768024 37.751211964, -122.454392317 37.75127892)","2026/05/23 10:19:56 AM","2026/05/23 10:48:09 AM"
"935","22541","9948000","Cayuga","ONEIDA AVE","11","DELANO AVE","SAN JOSE AVE","Oneida Avenue from Delano Avenue to San Jose Avenue","Speed Hump","1","1","2021","2021/01/01","FY 2016-2017","App-Based","Complete","<Null>","<Null>","<Null>","LINESTRING (-122.443793036 37.722240348, -122.444944314 37.722693983)","2026/05/23 10:19:56 AM","2026/05/23 10:48:09 AM"
"936","22548","9955000","Cayuga","ONONDAGA AVE","11","CAYUGA AVE","WANDA ST","Onondaga Street from Cayuga Avenue to Wanda Street","Speed Hump","1","8","2023","2023/08/01","<Null>","Excelsior Neighborhood Traffic Calming Project","Complete","<Null>","<Null>","<Null>","LINESTRING (-122.439764643 37.722069003, -122.440541273 37.722375127)","2026/05/23 10:19:56 AM","2026/05/23 10:48:09 AM"
"937","23028","9527000","Bernal Heights","NEBRASKA ST","9","CORTLAND ST","POWHATTAN ST","Nebraska Street from Cortland Street to Powhattan Street","3-Lump Speed Cushion","1","<Null>","<Null>",,"FY 2021-2022","App-Based","Pending construction","TBD","Completion","TBD","LINESTRING (-122.410365344 37.741361754, -122.410506541 37.73977879)","2026/05/23 10:19:56 AM","2026/05/23 10:48:09 AM"
"938","23055","9550000","Bayview District","NEWCOMB AVE","10","KEITH ST","LANE ST","Newcomb Avenue from Keith Street to Lane Street","Speed Hump","2","11","2020","2020/11/01","FY 2015-2016","App-Based","Complete","<Null>","<Null>","<Null>","LINESTRING (-122.386045541 37.733103479, -122.387909633 37.734170464)","2026/05/23 10:19:56 AM","2026/05/23 10:48:09 AM"
"939","23667","8976000","Laguna Honda","MERCED AVE","7","LAGUNA HONDA BLVD","HERNANDEZ AVE","Merced Avenue from Laguna Honda Boulevard to Hernandez Avenue","Speed Hump","1","2","2018","2018/02/01",,"Dewey Area TC","Complete","<Null>","<Null>","<Null>","LINESTRING (-122.458696224 37.746642595, -122.460211766 37.745457739)","2026/05/23 10:19:56 AM","2026/05/23 10:48:09 AM"
"940","23670","8979000","Laguna Honda","MERCED AVE","7","GARCIA AVE","KENSINGTON WAY","Merced Avenue from Garcia Avenue to Kensington Way","Speed Hump","1","2","2018","2018/02/01",,"Dewey Area TC","Complete","<Null>","<Null>","<Null>","LINESTRING (-122.461260324 37.744637224, -122.462860008 37.743383622)","2026/05/23 10:19:56 AM","2026/05/23 10:48:09 AM"
"941","23685","8994000","Eureka Valley","MERRITT ST","8","MARKET ST","DANVERS ST","Merritt Street from Market Street to Danvers Street","3-Lump Speed Cushion","1","9","2023","2023/09/01","FY 2020-2021","App-Based","Complete",,,"<Null>","LINESTRING (-122.442785606 37.761043121, -122.443091898 37.760991763, -122.443738694 37.760858046)","2026/05/23 10:19:56 AM","2026/05/23 10:48:09 AM"
"942","23701","8922000","Bayview District","MCKINNON AVE","10","LANE ST","MENDELL ST","Mckinnon Avenue from Lane Street to Mendell Street","Speed Hump","1","0","0","1900/01/01","FY 2005-2006","Site Specific","Complete","<Null>","<Null>","<Null>","LINESTRING (-122.387381742 37.734823382, -122.389219846 37.735856324)","2026/05/23 10:19:56 AM","2026/05/23 10:48:09 AM"
"943","21808","10669101","Inner Mission","POTRERO AVE","9, 10","22ND ST","23RD ST","Potrero Avenue from 22nd Street to 23rd Street","Traffic Island","1","0","0","1900/01/01","FY 2004-2005","Corridor","Complete","<Null>","<Null>","<Null>","LINESTRING (-122.4066358 37.756166984, -122.406563524 37.756080304, -122.406431906 37.754654246, -122.406480458 37.754564212)","2026/05/23 10:19:56 AM","2026/05/23 10:48:09 AM"
"944","21809","10669201","Inner Mission","POTRERO AVE","9, 10","22ND ST","23RD ST","Potrero Avenue from 22nd Street to 23rd Street","Traffic Island","1","0","0","1900/01/01","FY 2004-2005","Corridor","Complete","<Null>","<Null>","<Null>","LINESTRING (-122.4066358 37.756166984, -122.40668478 37.756075131, -122.406542463 37.75465035, -122.406480458 37.754564212)","2026/05/23 10:19:56 AM","2026/05/23 10:48:09 AM"
"945","21819","10617201","Forest Hills Extension","PORTOLA DR","7","EVELYN WAY","LAGUNA HOndA BLVD","Portola Drive from Evelyn Way to Laguna Honda Boulevard","Speed Hump","1","0","0","1900/01/01","FY 2005-2006","Areawide","Complete","<Null>","<Null>","<Null>","LINESTRING (-122.454204901 37.743984661, -122.454364488 37.743956044, -122.45476969 37.743620758, -122.455140164 37.743259042, -122.455284244 37.743130626, -122.455271075 37.743048665)","2026/05/23 10:19:56 AM","2026/05/23 10:48:09 AM"
"946","20809","11563000","Saint Francis Wood","SANTA ANA AVE","7","14TH AVE \ PORTOLA DR \ SAN ANSELMO AVE","SAINT FRANCIS BLVD","Santa Ana Avenue from 14th Avenue \ Portola Drive \ San Anselmo Avenue to Saint Francis Boulevard","Speed Hump","1","12","2008","2008/12/01","FY 2008-2009","Areawide","Complete","<Null>","<Null>","<Null>","LINESTRING (-122.468309609 37.737417148, -122.468130442 37.736970757, -122.467963318 37.734865689)","2026/05/23 10:19:56 AM","2026/05/23 10:48:09 AM"
"947","20810","11564000","Saint Francis Wood","SANTA ANA AVE","7","SAINT FRANCIS BLVD","MONTEREY BLVD","Santa Ana Avenue from Saint Francis Boulevard to Monterey Boulevard","Speed Hump","1","12","2008","2008/12/01","FY 2008-2009","Areawide","Complete","<Null>","<Null>","<Null>","LINESTRING (-122.467963318 37.734865689, -122.46785213 37.733120443)","2026/05/23 10:19:56 AM","2026/05/23 10:48:09 AM"
"948","20812","11566000","Balboa Terrace","SANTA ANA AVE","7","DARIEN WY","OCEAN AVE","Santa Ana Avenue from Darien Way to Ocean Avenue","Speed Hump","2","2","2021","2021/02/01","FY 2017-2018","App-Based","Complete","<Null>","<Null>","<Null>","LINESTRING (-122.467848119 37.731818587, -122.467869715 37.731315531, -122.467916818 37.730944116, -122.467981648 37.73066883, -122.468130953 37.730286668, -122.468323187 37.729948987, -122.468610984 37.729598561)","2026/05/23 10:19:56 AM","2026/05/23 10:48:09 AM"
"949","20817","11571000","Saint Francis Wood","SANTA CLARA AVE","7","SAN ANSELMO AVE","SAINT FRANCIS BLVD","Santa Clara Avenue from San Anselmo Avenue to Saint Francis Boulevard","Speed Hump","1","0","0","1900/01/01","FY 2011-2012","Areawide","Complete","<Null>","<Null>","<Null>","LINESTRING (-122.466107261 37.73668819, -122.466283653 37.736301225, -122.466322853 37.736086884, -122.466319832 37.735887479, -122.46624768 37.734937143)","2026/05/23 10:19:56 AM","2026/05/23 10:48:09 AM"
"950","20818","11572000","Saint Francis Wood","SANTA CLARA AVE","7","SAINT FRANCIS BLVD","MONTEREY BLVD \ SAN ANSELMO AVE","Santa Clara Avenue from Saint Francis Boulevard to Monterey Boulevard \ San Anselmo Avenue","5-Lump Speed Cushion","1","2","2008","2008/02/01","FY 2007-2008","Areawide","Complete","<Null>","<Null>","<Null>","LINESTRING (-122.46624768 37.734937143, -122.466199044 37.734110523, -122.466118966 37.733845099, -122.465972478 37.733554688, -122.465658678 37.733152899)","2026/05/23 10:19:56 AM","2026/05/23 10:48:09 AM"
"951","20820","11574000","Silver Terrace","SANTA FE AVE","10","SILVER AVE","QUINT ST","Santa Fe Avenue from Silver Avenue to Quint Street","3-Lump Speed Cushion","2","7","2023","2023/07/01","FY 2020-2021","App-Based","Complete",,,"<Null>","LINESTRING (-122.401556207 37.734884486, -122.400035633 37.733351359)","2026/05/23 10:19:56 AM","2026/05/23 10:48:09 AM"
"952","20821","11575000","Holly Park","SANTA MARINA ST","9","MISSION ST","GLADYS ST","Santa Marina Street from Mission Street to Gladys Street","3-Lump Speed Cushion","1","12","2025","2025/12/01","FY 2021-2022","App-Based","Complete",,,,"LINESTRING (-122.423089906 37.740641887, -122.422255588 37.740301548)","2026/05/23 10:19:56 AM","2026/05/23 10:48:09 AM"
"953","20822","11576000","Holly Park","SANTA MARINA ST","9","GLADYS ST","PROSPECT AVE","Santa Marina Street from Gladys Street to Prospect Avenue","3-Lump Speed Cushion","1","12","2025","2025/12/01","FY 2021-2022","App-Based","Complete",,,,"LINESTRING (-122.422255588 37.740301548, -122.42110199 37.739830953)","2026/05/23 10:19:56 AM","2026/05/23 10:48:09 AM"
"954","20823","11577000","Holly Park","SANTA MARINA ST","9","PROSPECT AVE","ELSIE ST","Santa Marina Street from Prospect Avenue to Elsie Street","3-Lump Speed Cushion","1","12","2025","2025/12/01","FY 2021-2022","App-Based","Complete",,,,"LINESTRING (-122.42110199 37.739830953, -122.419817949 37.739307125)","2026/05/23 10:19:56 AM","2026/05/23 10:48:09 AM"
"955","23078","9487000","Excelsior","NAPLES ST","11","SILVER AVE","PERU AVE","Naples Street from Silver Avenue to Peru Avenue","3-Lump Speed Cushion","2","8","2019","2019/08/01","FY 2018-2019","D11 NTIP","Complete","<Null>","<Null>","<Null>","LINESTRING (-122.42528994 37.72867748, -122.426503583 37.727076283)","2026/05/23 10:19:56 AM","2026/05/23 10:48:09 AM"
"956","23079","9488000","Excelsior","NAPLES ST","11","PERU AVE","AVALON AVE","Naples Street from Peru Avenue to Avalon Avenue","3-Lump Speed Cushion","2","06","2025","2025/06/01","FY 2020-2021","App-Based","Complete",,,,"LINESTRING (-122.426503583 37.727076283, -122.427684375 37.725519908)","2026/05/23 10:19:56 AM","2026/05/23 10:48:09 AM"
"957","23081","9490000","Excelsior","NAPLES ST","11","EXCELSIOR AVE","BRAZIL AVE","Naples Street from Excelsior Avenue to Brazil Avenue","4-Lump Speed Cushion","2","10","2019","2019/10/01","FY 2018-2019","D11 NTIP","Complete","<Null>","<Null>","<Null>","LINESTRING (-122.428836527 37.723954573, -122.43002615 37.722397872)","2026/05/23 10:19:56 AM","2026/05/23 10:48:09 AM"
"958","23082","9491000","Excelsior","NAPLES ST","11","BRAZIL AVE","PERSIA AVE","Naples Street from Brazil Avenue to Persia Avenue","3-Lump Speed Cushion","2","8","2019","2019/08/01","FY 2018-2019","D11 NTIP","Complete","<Null>","<Null>","<Null>","LINESTRING (-122.43002615 37.722397872, -122.431204703 37.720855581)","2026/05/23 10:19:56 AM","2026/05/23 10:48:09 AM"
"959","23083","9492000","Excelsior","NAPLES ST","11","RUSSIA AVE","PERSIA AVE","Naples Street from Russia Avenue to Persia Avenue","3-Lump Speed Cushion","2","9","2023","2023/09/01","<Null>","Excelsior Neighborhood Traffic Calming Project","Complete","<Null>","<Null>","<Null>","LINESTRING (-122.431204703 37.720855581, -122.431258613 37.720785032, -122.432385187 37.719298462)","2026/05/23 10:19:56 AM","2026/05/23 10:48:09 AM"
"960","23089","9498000","Crocker Amazon","NAPLES ST","11","ROLPH ST","ATHENS ST","Naples Street from Rolph Street to Athens Street","5-Lump Speed Cushion","1","6","2019","2019/06/01","FY 2018-2019","D11 NTIP","Complete","<Null>","<Null>","<Null>","LINESTRING (-122.436641868 37.71354978, -122.43748584 37.712373421)","2026/05/23 10:19:56 AM","2026/05/23 10:48:09 AM"
"961","23096","9505000","Glen Park","NATICK ST","8","CHENERY ST","ARLINGTON ST \ SAN JOSE AV OFF RAMP \ WILDER ST","Natick Street from Chenery Street to Arlington Street \ San Jose Av Off Ramp \ Wilder Street","Speed Hump","1","7","2017","2017/07/01","FY 2015-2016","App-Based","Complete","<Null>","<Null>","<Null>","LINESTRING (-122.431858279 37.734600451, -122.431789161 37.734011862, -122.431594559 37.733765422)","2026/05/23 10:19:56 AM","2026/05/23 10:48:09 AM"
"962","23103","9512000","South of Market","NATOMA ST","6","06TH ST","RUSS ST","Natoma Street from 6th Street to Russ Street","Chicane","0","0","0","1900/01/01",,,"Complete","<Null>","<Null>","<Null>","LINESTRING (-122.407691415 37.780162026, -122.408808994 37.779293702)","2026/05/23 10:19:56 AM","2026/05/23 10:48:09 AM"
"963","23104","9513000","South of Market","NATOMA ST","6","RUSS ST","07TH ST","Natoma Street from Russ Street to 7th Street","Chicane","0","0","0","1900/01/01",,,"Complete","<Null>","<Null>","<Null>","LINESTRING (-122.408808994 37.779293702, -122.40993824 37.778416282)","2026/05/23 10:19:56 AM","2026/05/23 10:48:09 AM"
"964","23105","9514000","South of Market","NATOMA ST","6","7TH ST","8TH ST","Natoma Street from 7th Street to 8th Street","Speed Table","2","<Null>","<Null>",,"FY 2021-2022","App-Based","Pending construction","TBD","Completion","TBD","LINESTRING (-122.40993824 37.778416282, -122.412157954 37.776660987)","2026/05/23 10:19:56 AM","2026/05/23 10:48:09 AM"
"965","23110","9519000","Inner Mission","NATOMA ST","9","14TH ST","15TH ST","Natoma Street from 14th Street to 15th Street","Speed Hump","1","0","0","1900/01/01","FY 2011-2012","Areawide","Complete","<Null>","<Null>","<Null>","LINESTRING (-122.418555933 37.768359751, -122.418402737 37.766759513)","2026/05/23 10:19:56 AM","2026/05/23 10:48:09 AM"
"966","21072","11331000","St. Francis Wood","SAN ANSELMO AVE","7","PORTOLA DRIVE","SAN BENITO WAY","San Anselmo Avenue from Portola Drive to San Benito Way","Speed Hump","1","5","2022","2022/05/01","FY 2018-2019","App-Based","Complete",,,"<Null>","LINESTRING (-122.468309609 37.737417148, -122.468043836 37.737306588, -122.467298184 37.737132316)","2026/05/23 10:19:56 AM","2026/05/23 10:48:09 AM"
"967","21073","11332000","St. Francis Wood","SAN ANSELMO AVE","7","SAN BENITO WAY","SANTA CLARA AVE","San Anselmo Avenue from San Benito Way to Santa Clara Avenue","Speed Hump","1","5","2022","2022/05/01","FY 2018-2019","App-Based","Complete",,,"<Null>","LINESTRING (-122.467298184 37.737132316, -122.466961073 37.737029318, -122.466107261 37.73668819)","2026/05/23 10:19:56 AM","2026/05/23 10:48:09 AM"
"968","21082","11341000","Saint Francis Wood","SAN BENITO WAY","7","SAN ANSELMO AVE","SAINT FRANCIS BLVD","San Benito Way from San Anselmo Avenue to Saint Francis Boulevard","Speed Hump","1","0","0","1900/01/01","FY 2011-2012","Areawide","Complete","<Null>","<Null>","<Null>","LINESTRING (-122.467298184 37.737132316, -122.467157414 37.734986736, -122.467134807 37.734898265)","2026/05/23 10:19:56 AM","2026/05/23 10:48:09 AM"
"969","21083","11342000","Saint Francis Wood","SAN BENITO WAY","7","SAINT FRANCIS BLVD","MONTEREY BLVD","San Benito Way from Saint Francis Boulevard to Monterey Boulevard","Speed Hump","1","0","0","1900/01/01","FY 2011-2012","Areawide","Complete","<Null>","<Null>","<Null>","LINESTRING (-122.467134807 37.734898265, -122.46699849 37.733092142)","2026/05/23 10:19:56 AM","2026/05/23 10:48:09 AM"
"970","21086","11345000","Balboa Terrace","SAN BENITO WAY","7","OCEAN AVE","UPLAND DR","San Benito Avenue from Ocean Avenue to Upland Drive","Speed Table","2","01","2026","2026/01/01","FY 2021-2022","App-Based","Complete",,,,"LINESTRING (-122.467100065 37.730490851, -122.467238663 37.730132829, -122.467495765 37.729664498, -122.467715834 37.729374565, -122.468077262 37.728974767)","2026/05/23 10:19:56 AM","2026/05/23 10:48:09 AM"
"971","21100","11277000","Oceanview","SADOWA ST","11","PLYMOUTH AVE","CAPITOL AVE","Sadowa Street from Plymouth Avenue to Capitol Avenue","Speed Table","3","6","2023","2023/06/01","FY 2018-2019","App-Based","Complete",,,"<Null>","LINESTRING (-122.456045432 37.712319641, -122.459015119 37.712295737)","2026/05/23 10:19:56 AM","2026/05/23 10:48:09 AM"
"972","21101","11278000","Oceanview","SADOWA ST","11","CAPITOL AVE","ORIZABA AVE","Sadowa Street from Capitol Avenue to Orizaba Avenue","3-Lump Speed Cushion","3","<Null>","<Null>",,"FY 2021-2022","App-Based","Pending construction","TBD","Completion","TBD","LINESTRING (-122.459015119 37.712295737, -122.462581299 37.712273521)","2026/05/23 10:19:56 AM","2026/05/23 10:48:09 AM"
"973","21877","10596000","Crocker Amazon","POPE ST","11","BRUNSWICK ST","HANOVER ST","Pope Street from Brunswick Street to Hanover Street","3-Lump Speed Cushion","1","3","2022","2022/03/01","FY 2019-2020","D11 NTIP","Complete","<Null>","<Null>","<Null>","LINESTRING (-122.440108459 37.711477169, -122.43957484 37.710217136)","2026/05/23 10:19:56 AM","2026/05/23 10:48:09 AM"
"974","21878","10597000","Crocker Amazon","POPE ST","11","HANOVER ST","PRAGUE ST","Pope Street from Hanover Street to Prague Street","Speed Hump","1","3","2022","2022/03/01","FY 2019-2020","D11 NTIP","Complete","<Null>","<Null>","<Null>","LINESTRING (-122.43957484 37.710217136, -122.439480877 37.709993447)","2026/05/23 10:19:56 AM","2026/05/23 10:48:09 AM"
"975","20838","11507000","Duboce Triangle","SANCHEZ ST","8","14TH ST","DUBOCE AVE","Sanchez Street from 14th Street to Duboce Avenue","<Null>","<Null>","<Null>","<Null>",,"FY 2022-2023","App-Based","Pending design review and approval","Jul - Dec 2024","Pending construction","Jan - Jul 2025","LINESTRING (-122.431356624 37.769320912, -122.43119112 37.767595241)","2026/05/23 10:19:56 AM","2026/05/23 10:48:09 AM"
"978","23147","9466000","Miraloma Park","MYRA WAY","7","MOLIMO DR","AVOCA ALY","Myra Way from Molimo Drive to Avoca Alley","3-Lump Speed Cushion","1","8","2018","2018/08/01",,"Misc TC","Complete","<Null>","<Null>","<Null>","LINESTRING (-122.451604474 37.737752898, -122.451445634 37.737746179, -122.450876663 37.738115425, -122.450780468 37.738214104)","2026/05/23 10:19:56 AM","2026/05/23 10:48:09 AM"
"979","23148","9467000","Miraloma Park","MYRA WAY","7","AVOCA ALY","OMAR WAY","Myra Way from Avoca Alley to Omar Way","3-Lump Speed Cushion","1","8","2018","2018/08/01",,"Misc TC","Complete","<Null>","<Null>","<Null>","LINESTRING (-122.450780468 37.738214104, -122.450701409 37.738295203, -122.45062757 37.738495706, -122.450423308 37.739338395)","2026/05/23 10:19:56 AM","2026/05/23 10:48:09 AM"
"980","23168","9399000","Excelsior","MOSCOW ST","11","EXCELSIOR AVE","BRAZIL AVE","Moscow Street from Excelsior Avenue to Brazil Avenue","4-Lump Speed Cushion","2","6","2019","2019/06/01",,"Restoration after paving (2794J)","Complete","<Null>","<Null>","<Null>","LINESTRING (-122.426468152 37.722825603, -122.427644648 37.72125762)","2026/05/23 10:19:56 AM","2026/05/23 10:48:09 AM"
"981","23169","9400000","Excelsior","MOSCOW ST","11","BRAZIL ST","PERSIA AVE","Moscow Street from Brazil Street to Persia Avenue","5-Lump Speed Cushion","2","8","2024","2024/08/01","FY 2019-2020","Schools Engineering Loading Zone TC","Complete",,,,"LINESTRING (-122.427644648 37.72125762, -122.428804612 37.719711591)","2026/05/23 10:19:56 AM","2026/05/23 10:48:09 AM"
"982","23170","9401000","Excelsior","MOSCOW ST","11","PERSIA AVE","RUSSIA AVE","Moscow Street from Persia Avenue to Russia Avenue","5-Lump Speed Cushion","2","8","2019","2019/08/01","FY 2018-2019","D11 NTIP","Complete","<Null>","<Null>","<Null>","LINESTRING (-122.428804612 37.719711591, -122.429978026 37.718147559)","2026/05/23 10:19:56 AM","2026/05/23 10:48:09 AM"
"983","23171","9402000","Excelsior","MOSCOW ST","11","RUSSIA AVE","FRANCE AVE","Moscow Street from Russia Avenue to France Avenue","5-Lump Speed Cushion","1","2","2008","2008/02/01","FY 2005-2006","Areawide","Complete","<Null>","<Null>","<Null>","LINESTRING (-122.429978026 37.718147559, -122.431153837 37.716593606)","2026/05/23 10:19:56 AM","2026/05/23 10:48:09 AM"
"985","21901","10530000","Westwood Park","PLYMOUTH AVE","7","MONTECITO AVE","END","Plymouth Avenue from Montecito Avenue to End","Speed Hump","1","2","2005","2005/02/01","FY 2004-2005","Site Specific","Complete","<Null>","<Null>","<Null>","LINESTRING (-122.456504117 37.729717646, -122.456549276 37.729885112, -122.456622744 37.73005719, -122.456745324 37.730239854, -122.457013024 37.730479393, -122.457260617 37.730609814, -122.457445756 37.730687635)","2026/05/23 10:19:56 AM","2026/05/23 10:48:09 AM"
"986","20873","11541000","Fairmount","SANCHEZ ST","8","30TH ST","RANDALL ST","Sanchez Street from 30th Street to Randall Street","Speed Hump","2","<Null>","2020",,"FY 2017-2018","App-Based","Complete","<Null>","<Null>","<Null>","LINESTRING (-122.428911417 37.741952911, -122.428736128 37.740121826)","2026/05/23 10:19:56 AM","2026/05/23 10:48:09 AM"
"987","20896","11478000","Mission Terrace","SAN JUAN AVE","11","CAYUGA AVE","CAPISTRANO AVE","San Juan Avenue from Cayuga Avenue to Capistrano Avenue","Speed Hump","1","1","2020","2020/01/01","FY 2018-2019","D11 NTIP","Complete","<Null>","<Null>","<Null>","LINESTRING (-122.437933626 37.725094456, -122.43809604 37.725150532, -122.438763406 37.725507981)","2026/05/23 10:19:56 AM","2026/05/23 10:48:09 AM"
"988","20904","11486000","Balboa Terrace","SAN LEANDRO WAY","7","DARIEN WY","OCEAN AVE","San Leandro Way from Darien Way to Ocean Avenue","Speed Hump","2","2","2021","2021/02/01","FY 2017-2018","App-Based","Complete","<Null>","<Null>","<Null>","LINESTRING (-122.468745679 37.731848645, -122.468790468 37.731110315, -122.468858531 37.73081388, -122.468958384 37.730571153, -122.469117824 37.730285244, -122.469341914 37.729976876)","2026/05/23 10:19:56 AM","2026/05/23 10:48:09 AM"
"989","20918","11500000","Saint Francis Wood","SAN PABLO AVE","7","GRANVILLE WAY \ PORTOLA DR","END","San Pablo Avenue from Granville Way \ Portola Drive to End","Speed Hump","0","0","0","1900/01/01","FY 2011-2012","Areawide","Complete","<Null>","<Null>","<Null>","LINESTRING (-122.461064052 37.740293771, -122.461075117 37.740068581)","2026/05/23 10:19:56 AM","2026/05/23 10:48:09 AM"
"990","20919","11501000","Saint Francis Wood","SAN PABLO AVE","7","END","SANTA MONICA WY","San Pablo Avenue from End to Santa Monica Way","Speed Hump","1","0","0","1900/01/01","FY 2011-2012","Areawide","Complete","<Null>","<Null>","<Null>","LINESTRING (-122.461075117 37.740068581, -122.46168711 37.739776796, -122.461937435 37.739644109, -122.462112762 37.739508361, -122.462275219 37.739322443, -122.462390801 37.739109822, -122.462443168 37.738907416, -122.462474223 37.738708244)","2026/05/23 10:19:56 AM","2026/05/23 10:48:09 AM"
"991","23172","9403000","Excelsior","MOSCOW ST","11","FRANCE AVE","ITALY AVE","Moscow Street from France Avenue to Italy Avenue","5-Lump Speed Cushion","1","8","2019","2019/08/01","FY 2018-2019","D11 NTIP","Complete","<Null>","<Null>","<Null>","LINESTRING (-122.431153837 37.716593606, -122.4323234 37.715038219)","2026/05/23 10:19:56 AM","2026/05/23 10:48:09 AM"
"992","23174","9405000","Excelsior","MOSCOW ST","11","AMAZON AVE","GENEVA AVE \ SOUTH HILL BLVD","Moscow Street from Amazon Avenue to Geneva Avenue \ South Hill Boulevard","4-Lump Speed Cushion","1","8","2019","2019/08/01","FY 2018-2019","D11 NTIP","Complete","<Null>","<Null>","<Null>","LINESTRING (-122.432777137 37.714437153, -122.432837676 37.714386999, -122.433634668 37.713280989, -122.43370682 37.713143158)","2026/05/23 10:19:56 AM","2026/05/23 10:48:09 AM"
"993","23175","9406000","South of Market","MOSS ST","6","HOWARD ST","FOLSOM ST","Moss Street from Howard Street to Folsom Street","Chicane","0","0","0","1900/01/01",,,"Complete","<Null>","<Null>","<Null>","LINESTRING (-122.408832678 37.778415536, -122.40729368 37.777179298)","2026/05/23 10:19:56 AM","2026/05/23 10:48:09 AM"
"994","23192","9423000","Cayuga","MOUNT VERNON AVE","11","DEL MONTE ST","ELLTINGTON AVE","Mount Vernon Avenue from Del Monte Street to Elltington Avenue","Speed Hump","1","3","2022","2022/03/01","FY 2019-2020","D11 NTIP","Complete","<Null>","<Null>","<Null>","LINESTRING (-122.443255966 37.715042054, -122.443794783 37.715472472)","2026/05/23 10:19:56 AM","2026/05/23 10:48:09 AM"
"995","23197","9428000","Cayuga","MOUNT VERNON AVE","11","DELANO AVE","CAYUGA AVE","Mt Vernon Avenue from Delano Avenue to Cayuga Avenue","3-Lump Speed Cushion","1","<Null>","<Null>",,"FY 2021-2022","App-Based","Pending construction","TBD","Completion","TBD","LINESTRING (-122.445807538 37.717080229, -122.44651834 37.717647981, -122.446616959 37.717696406)","2026/05/23 10:19:56 AM","2026/05/23 10:48:09 AM"
"996","23200","9431000","Oceanview","MOUNT VERNON AVE","11","SAN JOSE AVE","SAN MIGUEL ST","Mount Vernon Avenue from San Jose Avenue to San Miguel Street","Speed Hump","1","6","2019","2019/06/01","FY 2018-2019","D11 NTIP","Complete","<Null>","<Null>","<Null>","LINESTRING (-122.44860519 37.718395605, -122.448814689 37.718513568, -122.449162211 37.718690293)","2026/05/23 10:19:56 AM","2026/05/23 10:48:09 AM"
"997","23201","9432000","Oceanview","MOUNT VERNON AVE","11","SAN MIGUEL ST","TARA ST","Mount Vernon Avenue from San Miguel Street to Tara Street","Speed Hump","1","10","2020","2020/10/01","FY 2018-2019","D11 NTIP","Complete","<Null>","<Null>","<Null>","LINESTRING (-122.449162211 37.718690293, -122.449996485 37.719024619)","2026/05/23 10:19:56 AM","2026/05/23 10:48:09 AM"
"998","21179","11268000","Presidio Heights","SACRAMENTO ST","2","LOCUST ST","SPRUCE ST","Sacramento Street from Locust Street to Spruce Street","Speed Bump","0","0","0","1900/01/01",,,"Complete","<Null>","<Null>","<Null>","LINESTRING (-122.451945873 37.787551752, -122.453592852 37.787344111)","2026/05/23 10:19:56 AM","2026/05/23 10:48:09 AM"
"999","21182","11271000","Presidio Heights","SACRAMENTO ST","2","CHERRY ST","ARGUELLO BLVD","Sacramento Street from Cherry Street to Arguello Boulevard","3-Lump Speed Cushion","2","2","2016","2016/02/01","FY 2013-2014","App-Based","Complete","<Null>","<Null>","<Null>","LINESTRING (-122.45687452 37.78692822, -122.459255765 37.7866233)","2026/05/23 10:19:56 AM","2026/05/23 10:48:09 AM"
"1000","21183","11186000","South of Market","RUSS ST","6","HOWARD ST","FOLSOM ST","Russ Street from Howard Street to Folsom Street","Chicane","0","0","0","1900/01/01",,,"Complete","<Null>","<Null>","<Null>","LINESTRING (-122.408271589 37.778860687, -122.406724471 37.777628934)","2026/05/23 10:19:56 AM","2026/05/23 10:48:09 AM"
"1001","21186","11189000","Excelsior","RUSSIA AVE","11","LONDON ST","PARIS ST","Russia Avenue from London Street to Paris Street","3-Lump Speed Cushion","1","2","2022","2022/02/01","FY 2019-2020","D11 NTIP","Complete","<Null>","<Null>","<Null>","LINESTRING (-122.43638454 37.721209404, -122.435584714 37.720827145)","2026/05/23 10:19:56 AM","2026/05/23 10:48:09 AM"
"1002","21189","11192000","Excelsior","RUSSIA AVE","11","MADRID ST","EDINBURGH ST","Russia Avenue from Madrid Street to Edinburgh Street","Speed Hump","1","8","2019","2019/08/01","FY 2018-2019","D11 NTIP","Complete","<Null>","<Null>","<Null>","LINESTRING (-122.433985108 37.720062806, -122.433185143 37.719680637)","2026/05/23 10:19:56 AM","2026/05/23 10:48:09 AM"
"1003","21194","11197000","Excelsior","RUSSIA AVE","11","MOSCOW ST","MUNICH ST","Russia Avenue from Moscow Street to Munich Street","5-Lump Speed Cushion","1","3","2022","2022/03/01","FY 2019-2020","D11 NTIP","Complete","<Null>","<Null>","<Null>","LINESTRING (-122.429978026 37.718147559, -122.429171361 37.71776172)","2026/05/23 10:19:56 AM","2026/05/23 10:48:09 AM"
"1004","21976","10516000","Oceanview","PLYMOUTH AVE","11","LOBOS ST","MINERVA ST","Plymouth Avenue from Lobos Street to Minerva Street","5-Lump Speed Cushion","1","6","2019","2019/06/01","FY 2018-2019","D11 NTIP","Complete","<Null>","<Null>","<Null>","LINESTRING (-122.456071999 37.714904673, -122.456079635 37.715787827)","2026/05/23 10:19:56 AM","2026/05/23 10:48:09 AM"
"1005","21980","10520000","Ingleside","PLYMOUTH AVE","11","GRAFTON AVE","LAKEVIEW AVE","Plymouth Avenue from Grafton Avenue to Lakeview Avenue","5-Lump Speed Cushion","2","01","2026","2026/01/01","FY 2021-2022","App-Based","Complete",,,,"LINESTRING (-122.456107528 37.718235209, -122.456133498 37.720033302)","2026/05/23 10:19:56 AM","2026/05/23 10:48:09 AM"
"1006","21981","10521000","Ingleside","PLYMOUTH AVE","11","GRAFTON AVE","HOLLOWAY AVE","Plymouth Av from Grafton Avenue to Holloway Avenue","5-Lump Speed Cushion","2","4","2022","2022/04/01","FY 2019-2020","D11 NTIP","Complete","<Null>","<Null>","<Null>","LINESTRING (-122.456133498 37.720033302, -122.45614148 37.721845857)","2026/05/23 10:19:56 AM","2026/05/23 10:48:09 AM"
"1007","21987","10527000","Westwood Park","PLYMOUTH AVE","7","GREENWOOD AVE","WILDEWOOD WAY","Plymouth Avenue from Greenwood Avenue to Wildewood Way","3-Lump Speed Cushion","1","01","2026","2026/01/01","FY 2021-2022","App-Based","Complete",,,,"LINESTRING (-122.456537039 37.727589982, -122.456532861 37.727903079, -122.456499922 37.728201588, -122.456461421 37.728415211, -122.45643064 37.72858801, -122.456429852 37.728706639)","2026/05/23 10:19:56 AM","2026/05/23 10:48:09 AM"
"1009","20920","11502000","Sherwood Forest","SAN PABLO AVE","7","SANTA MONICA WY","YERBA BUENA AVE","San Pablo Avenue from Santa Monica Way to Yerba Buena Avenue","Speed Hump","1","0","0","1900/01/01","FY 2011-2012","Areawide","Complete","<Null>","<Null>","<Null>","LINESTRING (-122.462474223 37.738708244, -122.462432864 37.738548293, -122.462296868 37.737631145, -122.462039206 37.736346527)","2026/05/23 10:19:56 AM","2026/05/23 10:48:09 AM"
"1010","23244","9383000","Crocker Amazon","MORSE ST","11","ROYAL LN","ROLPH ST","Morse Street from Newton Street to Rolph Street","<Null>","<Null>","<Null>","<Null>",,"FY 2022-2023","App-Based","Pending design review and approval","Jul - Dec 2024","Pending construction","Jan - Jul 2025","LINESTRING (-122.436894328 37.713663082, -122.438053911 37.713356141)","2026/05/23 10:19:56 AM","2026/05/23 10:48:09 AM"
"1011","23245","9384000","Crocker Amazon","MORSE ST","11","NEWTON ST","ROYAL LN","Morse Street from Newton Street to Rolph Street","<Null>","<Null>","<Null>","<Null>",,"FY 2022-2023","App-Based","Pending design review and approval","Jul - Dec 2024","Pending construction","Jan - Jul 2025","LINESTRING (-122.438053911 37.713356141, -122.438564499 37.713220984)","2026/05/23 10:19:56 AM","2026/05/23 10:48:09 AM"
"1013","21228","11147101","Corona Heights","ROOSEVELT WAY","8","LOWER TER","SATURN ST","Roosevelt Way from Lower Terrace to Saturn Street","Edgeline","1","0","2014","2014/01/01","FY 2011-2012","TC Implementation","Complete","<Null>","<Null>","<Null>","LINESTRING (-122.44379547 37.763295596, -122.443812457 37.763243184, -122.444562529 37.762544827, -122.444667626 37.762495721)","2026/05/23 10:19:56 AM","2026/05/23 10:48:09 AM"
"1014","21229","11147201","Parnassus - Ashbury Heights","ROOSEVELT WAY","8","LOWER TER","SATURN ST","Roosevelt Way from Lower Terrace to Saturn Street","Edgeline","1","0","2014","2014/01/01","FY 2011-2012","TC Implementation","Complete","<Null>","<Null>","<Null>","LINESTRING (-122.44379547 37.763295596, -122.443864294 37.763272679, -122.444609132 37.762579194, -122.444667626 37.762495721)","2026/05/23 10:19:56 AM","2026/05/23 10:48:09 AM"
"1015","21231","11148201","Parnassus - Ashbury Heights","ROOSEVELT WAY","8","SATURN ST","17TH ST \ URANUS TER","Roosevelt Way from Saturn Street to 17th Street \ Uranus Terrace","Edgeline","1","0","2014","2014/01/01",,"TC Implementation","Complete","<Null>","<Null>","<Null>","LINESTRING (-122.444667626 37.762495721, -122.444740167 37.762485148, -122.444977975 37.762354169, -122.44529329 37.761961092, -122.445309435 37.761880443)","2026/05/23 10:19:56 AM","2026/05/23 10:48:09 AM"
"1017","20972","11404000","Mission District","SAN CARLOS ST","9","18TH ST","19TH ST","San Carlos Street from 18th Street to 19th Street","3-Lump Speed Cushion","2","11","2023","2023/11/01","FY 2020-2021","App-Based","Complete",,,"<Null>","LINESTRING (-122.420128161 37.76178914, -122.419974947 37.76018891)","2026/05/23 10:19:56 AM","2026/05/23 10:48:09 AM"
"1018","20973","11405000","Mission District","SAN CARLOS ST","9","19TH ST","20TH ST","San Carlos Street from 19th Street to 20th Street","Speed Hump","2","4","2021","2021/04/01","FY 2018-2019","App-Based","Complete","<Null>","<Null>","<Null>","LINESTRING (-122.419974947 37.76018891, -122.419841317 37.758584926)","2026/05/23 10:19:56 AM","2026/05/23 10:48:09 AM"
"1019","20974","11406000","Mission District","SAN CARLOS ST","9","20TH ST","21ST ST","San Carlos Street from 20th Street to 21St Street","Speed Table","2","12","2025","2025/12/01","FY 2021-2022","App-Based","Complete",,,,"LINESTRING (-122.419841317 37.758584926, -122.419689114 37.756987978)","2026/05/23 10:19:56 AM","2026/05/23 10:48:09 AM"
"1020","20980","11412000","Saint Francis Wood","SAN FERNANDO WAY","7","PORTOLA DR","SAINT FRANCIS BLVD","San Fernando Way from Portola Drive to Saint Francis Boulevard","Speed Hump","1","0","0","1900/01/01","FY 2011-2012","Areawide","Complete","<Null>","<Null>","<Null>","LINESTRING (-122.469886008 37.736112363, -122.469785853 37.735919184, -122.469749387 37.735706749, -122.469686656 37.734786393)","2026/05/23 10:19:56 AM","2026/05/23 10:48:09 AM"
"1021","20981","11413000","Saint Francis Wood","SAN FERNANDO WAY","7","SAINT FRANCIS BLVD","MONTEREY BLVD","San Fernando Way from Saint Francis Boulevard to Monterey Boulevard","Speed Hump","1","0","0","1900/01/01","FY 2011-2012","Areawide","Complete","<Null>","<Null>","<Null>","LINESTRING (-122.469686656 37.734786393, -122.469558898 37.73317701)","2026/05/23 10:19:56 AM","2026/05/23 10:48:09 AM"
"1022","20982","11414000","Balboa Terrace","SAN FERNANDO WAY","7","MONTEREY BLVD","DARIEN WAY","San Fernando Way from Monterey Boulevard to Darien Way","Speed Hump","1","3","2016","2016/03/01","FY 2014-2015","App-Based","Complete","<Null>","<Null>","<Null>","LINESTRING (-122.469558898 37.73317701, -122.469624766 37.731878077)","2026/05/23 10:19:56 AM","2026/05/23 10:48:09 AM"
"1023","20983","11415000","Balboa Terrace","SAN FERNANDO WAY","7","DARIEN WY","OCEAN AVE","San Fernando Way from Darien Way to Ocean Avenue","Speed Hump","2","3","2016","2016/03/01","FY 2014-2015","App-Based","Complete","<Null>","<Null>","<Null>","LINESTRING (-122.469624766 37.731878077, -122.469651899 37.7313882, -122.46967239 37.731158851, -122.469731144 37.730940916, -122.469842616 37.730707033, -122.470110426 37.730308469)","2026/05/23 10:19:56 AM","2026/05/23 10:48:09 AM"
"1026","21258","11174000","Mission Terrace","ROTTECK ST","11","STILL ST","CAYUGA AVE","Rotteck Street from Streetill Street to Cayuga Avenue","One-Way Conversion","1","4","2016","2016/04/01","FY 2014-2015","App-Based","Complete","<Null>","<Null>","<Null>","LINESTRING (-122.430843653 37.731817124, -122.430578486 37.731234944)","2026/05/23 10:19:56 AM","2026/05/23 10:48:09 AM"
"1027","21260","11175001","St. Mary's Park","ROUSSEAU ST","8","SAN JOSE AVE","GLEN CT","Rousseau Street from San Jose Avenue to Glen Court","Speed Hump","1","10","2017","2017/10/01",,"SJA Side Streets","Complete","<Null>","<Null>","<Null>","LINESTRING (-122.430368501 37.733932558, -122.430333546 37.733693781)","2026/05/23 10:19:56 AM","2026/05/23 10:48:09 AM"
"1028","21261","11175002","St. Mary's Park","ROUSSEAU ST","8","GLEN CT","BOSWORTH ST","Rousseau Street from Glen Court to Bosworth Street","Speed Hump","1","10","2017","2017/10/01",,"SJA Side Streets","Complete","<Null>","<Null>","<Null>","LINESTRING (-122.430333546 37.733693781, -122.430277821 37.733313126)","2026/05/23 10:19:56 AM","2026/05/23 10:48:09 AM"
"1029","21277","11111000","Golden Gate Heights","ROCKRIDGE DR","7","RADIO TERRACE","FUNSTON AVE","Rockridge Drive from Radio Terracerace to Funston Avenue","3-Lump Speed Cushion","1","9","2023","2023/09/01","FY 2020-2021","App-Based","Complete",,,"<Null>","LINESTRING (-122.469013634 37.75079748, -122.469713039 37.750761644, -122.469981206 37.750699105, -122.470187725 37.750578346, -122.47037547 37.750527333)","2026/05/23 10:19:56 AM","2026/05/23 10:48:09 AM"
"1030","21282","11116000","Crocker Amazon","ROLPH ST","11","MISSION ST","CURTIS ST","Rolph Street from Mission Street to Curtis Street","Speed Hump","1","6","2019","2019/06/01","FY 2018-2019","D11 NTIP","Complete","<Null>","<Null>","<Null>","LINESTRING (-122.441554284 37.715753445, -122.440370328 37.71522276)","2026/05/23 10:19:56 AM","2026/05/23 10:48:09 AM"
"1031","21286","11120000","Crocker Amazon","ROLPH ST","11","MADRID ST","MORSE ST","Rolph Street from Madrid Street to Morse Street","3-Lump Speed Cushion","1","9","2023","2023/09/01","<Null>","Excelsior Neighborhood Traffic Calming Project","Complete","<Null>","<Null>","<Null>","LINESTRING (-122.438274676 37.714282557, -122.436894328 37.713663082)","2026/05/23 10:19:56 AM","2026/05/23 10:48:09 AM"
"1032","21287","11121000","Crocker Amazon","ROLPH ST","11","MORSE ST","NAPLES ST","Rolph Street from Morse Street to Naples Street","Traffic Island","1","0","0","1900/01/01","FY 2004-2005","Site Specific","Complete","<Null>","<Null>","<Null>","LINESTRING (-122.436894328 37.713663082, -122.436641868 37.71354978)","2026/05/23 10:19:56 AM","2026/05/23 10:48:09 AM"
"1034","16576","119000","Presidio Terrace","02ND AVE","1","LAKE ST","CALIFORNIA ST","2nd Avenue from Lake Street to California Street","3-Lump Speed Cushion","2","10","2022","2022/10/01","<Null>","Lake St Slow Street TC","Complete","<Null>","<Null>","<Null>","LINESTRING (-122.460404199 37.786865758, -122.460308245 37.785538555)","2026/05/23 10:19:56 AM","2026/05/23 10:48:09 AM"
"1035","16580","123000","Inner Richmond","02ND AVE","1","ANZA ST","GEARY BLVD","2nd Avenue from Anza Street to Geary Boulevard","Speed Hump","2","1","2022","2022/01/01","FY 2018-2019","App-Based","Complete","<Null>","<Null>","<Null>","LINESTRING (-122.459999658 37.781213478, -122.459860373 37.77928263)","2026/05/23 10:19:56 AM","2026/05/23 10:48:09 AM"
"1036","16582","125000","Inner Richmond","02ND AVE","1","BALBOA ST","CABRILLO ST","2nd Avenue from Balboa Street to Cabrillo Street","Speed Hump","2","1","2022","2022/01/01","FY 2018-2019","App-Based","Complete","<Null>","<Null>","<Null>","LINESTRING (-122.459724822 37.777429862, -122.4595885 37.77556646)","2026/05/23 10:19:56 AM","2026/05/23 10:48:09 AM"
"1037","18784","13357000","Bayview District","WALLACE AVE","10","03RD ST","KEITH ST","Wallace Avenue from 3rd Street to Keith Street","3-Lump Speed Cushion","2","7","2023","2023/07/01","FY 2020-2021","App-Based","Complete",,,"<Null>","LINESTRING (-122.391107616 37.727476346, -122.39289942 37.728489581)","2026/05/23 10:19:56 AM","2026/05/23 10:48:09 AM"
"1040","18823","13396000","Forest Knolls","WARREN DR","7","OAK PARK DR","ASHWOOD LN","Warren Drive from Oak Park Drive to Ashwood Lane","Speed Hump","2","9","2015","2015/09/01","FY 2013-2014","Site Specific","Complete","<Null>","<Null>","<Null>","LINESTRING (-122.456242275 37.755445254, -122.456345707 37.755125474, -122.456479319 37.754874077, -122.456945342 37.754048644, -122.457132409 37.753859258, -122.457372359 37.75371012, -122.457461546 37.753689565)","2026/05/23 10:19:56 AM","2026/05/23 10:48:09 AM"
"1042","18836","13320000","Visitacion Valley","VISITACION AVE","10","BAYSHORE BLVD","DESMOND ST","Visitacion Avenue from Bayshore Boulevard to Hahn Street","<Null>","<Null>","<Null>","<Null>",,"FY 2021-2022","App-Based","Pending design review and approval","TBD","Pending construction","TBD","LINESTRING (-122.404226037 37.710409217, -122.405209039 37.710682827)","2026/05/23 10:19:56 AM","2026/05/23 10:48:09 AM"
"1043","18837","13321000","Visitacion Valley","VISITACION AVE","10","TALBERT ST","DESMOND ST","Visitacion Avenue from Bayshore Boulevard to Hahn Street","<Null>","<Null>","<Null>","<Null>",,"FY 2021-2022","App-Based","Pending design review and approval","TBD","Pending construction","TBD","LINESTRING (-122.405209039 37.710682827, -122.406185128 37.710957266)","2026/05/23 10:19:56 AM","2026/05/23 10:48:09 AM"
"1044","18838","13322000","Visitacion Valley","VISITACION AVE","10","TALBERT ST","PEABODY ST","Visitacion Avenue from Bayshore Boulevard to Hahn Street","<Null>","<Null>","<Null>","<Null>",,"FY 2021-2022","App-Based","Pending design review and approval","TBD","Pending construction","TBD","LINESTRING (-122.406185128 37.710957266, -122.407013314 37.711190113)","2026/05/23 10:19:56 AM","2026/05/23 10:48:09 AM"
"1045","18839","13323000","Visitacion Valley","VISITACION AVE","10","PEABODY ST","RUTLAND ST","Visitacion Avenue from Bayshore Boulevard to Hahn Street","<Null>","<Null>","<Null>","<Null>",,"FY 2021-2022","App-Based","Pending design review and approval","TBD","Pending construction","TBD","LINESTRING (-122.407013314 37.711190113, -122.407927147 37.711447761)","2026/05/23 10:19:56 AM","2026/05/23 10:48:09 AM"
"1046","18840","13324000","Visitacion Valley","VISITACION AVE","10","RUTLAND ST","CORA ST","Visitacion Avenue from Bayshore Boulevard to Hahn Street","<Null>","<Null>","<Null>","<Null>",,"FY 2021-2022","App-Based","Pending design review and approval","TBD","Pending construction","TBD","LINESTRING (-122.407927147 37.711447761, -122.408827362 37.711701562)","2026/05/23 10:19:56 AM","2026/05/23 10:48:09 AM"
"1047","18841","13325000","Visitacion Valley","VISITACION AVE","10","CORA ST","DELTA ST","Visitacion Avenue from Cora Street to Delta Street","3-Lump Speed Cushion","2","3","2021","2021/03/01","FY 2018-2019","Schools Engineering","Complete","<Null>","<Null>","<Null>","LINESTRING (-122.408827362 37.711701562, -122.409728361 37.711952306)","2026/05/23 10:19:56 AM","2026/05/23 10:48:09 AM"
"1048","18843","13327000","Visitacion Valley","VISITACION AVE","10","REY ST","SCHWERIN ST","Visitacion Avenue from Bayshore Boulevard to Hahn Street","<Null>","<Null>","<Null>","<Null>",,"FY 2021-2022","App-Based","Pending design review and approval","TBD","Pending construction","TBD","LINESTRING (-122.410640795 37.712206222, -122.411571715 37.712465276)","2026/05/23 10:19:56 AM","2026/05/23 10:48:09 AM"
"1049","18844","13328000","Visitacion Valley","VISITACION AVE","10","REY ST","BRITTON ST","Visitacion Avenue from Bayshore Boulevard to Hahn Street","<Null>","<Null>","<Null>","<Null>",,"FY 2021-2022","App-Based","Pending design review and approval","TBD","Pending construction","TBD","LINESTRING (-122.411571715 37.712465276, -122.412504559 37.712724854)","2026/05/23 10:19:56 AM","2026/05/23 10:48:09 AM"
"1050","18845","13329000","Visitacion Valley","VISITACION AVE","10","BRITTON ST","LOEHR ST","Visitacion Avenue from Bayshore Boulevard to Hahn Street","<Null>","<Null>","<Null>","<Null>",,"FY 2021-2022","App-Based","Pending design review and approval","TBD","Pending construction","TBD","LINESTRING (-122.412504559 37.712724854, -122.413438856 37.712986219)","2026/05/23 10:19:56 AM","2026/05/23 10:48:09 AM"
"1051","18846","13330000","Visitacion Valley","VISITACION AVE","10","LOEHR ST","SAWYER ST","Visitacion Avenue from Bayshore Boulevard to Hahn Street","<Null>","<Null>","<Null>","<Null>",,"FY 2021-2022","App-Based","Pending design review and approval","TBD","Pending construction","TBD","LINESTRING (-122.413438856 37.712986219, -122.414369812 37.713246641)","2026/05/23 10:19:56 AM","2026/05/23 10:48:09 AM"
"1052","18847","13331000","Visitacion Valley","VISITACION AVE","10","SAWYER ST","HAHN ST","Visitacion Avenue from Bayshore Boulevard to Hahn Street","<Null>","<Null>","<Null>","<Null>",,"FY 2021-2022","App-Based","Pending design review and approval","TBD","Pending construction","TBD","LINESTRING (-122.414369812 37.713246641, -122.415290835 37.713504275)","2026/05/23 10:19:56 AM","2026/05/23 10:48:09 AM"
"1053","16917","275000","Presidio Terrace","05TH AVE","1","End","LAKE ST","5th Avenue from End to Lake Street","Speed Hump","1","8","2016","2016/08/01","<Null>",,"Complete","<Null>","<Null>","<Null>","LINESTRING (-122.463759697 37.788683866, -122.463617943 37.78672158)","2026/05/23 10:19:56 AM","2026/05/23 10:48:09 AM"
"1054","18888","13287000","Ingleside","VICTORIA ST","11","HOLLOWAY AVE","GARFIELD ST","Victoria Street from Holloway Avenue to Garfield Street","3-Lump Speed Cushion","2","<Null>","<Null>",,"FY 2021-2022","App-Based","Pending design review and approval","TBD","Pending construction","TBD","LINESTRING (-122.465357095 37.719685408, -122.465390989 37.721673877)","2026/05/23 10:19:56 AM","2026/05/23 10:48:09 AM"
"1055","18890","13289000","Ingleside Terrace","VICTORIA ST","7","URBANO DR - SOUTH","URBANO DR - NORTH","Victoria Street from Urbano Drive - South to Urbano Drive - North","3-Lump Speed Cushion","2","03","2026","2026/03/01","FY 2021-2022","App-Based","Complete",,,,"LINESTRING (-122.464634225 37.72314268, -122.464435605 37.72350727, -122.464323174 37.723797359, -122.464192153 37.724376768, -122.464213522 37.725185342)","2026/05/23 10:19:56 AM","2026/05/23 10:48:09 AM"
"1056","18907","13300000","Excelsior","VIENNA ST","11","EXCELSIOR AVE","BRAZIL AVE","Vienna Street from Excelsior Avenue to Brazil Avenue","3-Lump Speed Cushion","2","08","2025","2025/08/01","FY 2020-2021","App-Based","Complete",,,,"LINESTRING (-122.428074012 37.723591102, -122.429249439 37.722025995)","2026/05/23 10:19:56 AM","2026/05/23 10:48:09 AM"
"1057","18908","13301000","Excelsior","VIENNA ST","11","BRAZIL AVE","PERSIA AVE","Vienna Street from Brazil Avenue to Persia Avenue","3-Lump Speed Cushion","2","<Null>","<Null>",,"FY 2021-2022","App-Based","Pending construction","TBD","Completion","TBD","LINESTRING (-122.429249439 37.722025995, -122.430412104 37.720477802)","2026/05/23 10:19:56 AM","2026/05/23 10:48:09 AM"
"1058","18911","13304000","Excelsior","VIENNA ST","11","FRANCE AVE","ITALY AVE","Vienna Street from France Avenue to Italy Avenue","Speed Hump","2","2","2018","2018/02/01","FY 2015-2016","App-Based","Complete","<Null>","<Null>","<Null>","LINESTRING (-122.432753908 37.717360108, -122.433930693 37.715806215)","2026/05/23 10:19:56 AM","2026/05/23 10:48:09 AM"
"1059","18917","13222000","Potrero Hill","VERMONT ST","10","24TH ST","25TH ST","Vermont Street from 24th Street to 25th Street","3-Lump Speed Cushion","1","4","2022","2022/04/01","FY 2019-2020","App-Based","Complete","<Null>","<Null>","<Null>","LINESTRING (-122.403405609 37.753178368, -122.403287329 37.751902215)","2026/05/23 10:19:56 AM","2026/05/23 10:48:09 AM"
"1060","16922","281000","Inner Richmond","05TH AVE","1","ANZA ST","BALBOA ST","5th Avenue from Anza Street to Balboa Street","<Null>","<Null>","<Null>","<Null>",,"FY 2022-2023","App-Based","Pending design review and approval","Jul - Dec 2024","Pending construction","Jan - Jul 2025","LINESTRING (-122.46307618 37.779138612, -122.462940789 37.777282735)","2026/05/23 10:19:56 AM","2026/05/23 10:48:09 AM"
"1062","18951","13257000","Parkside","VICENTE ST","4","31ST AVE","32nd AVE","Vicente Street from 31St Avenue to 32nd Avenue","Speed Hump","1","11","2018","2018/11/01",,"Restoration after BSSR Paving FY18 (2979J)","Complete","<Null>","<Null>","<Null>","LINESTRING (-122.488286711 37.738757657, -122.489356739 37.738710265)","2026/05/23 10:19:56 AM","2026/05/23 10:48:09 AM"
"1063","18954","13260000","Parkside","VICENTE ST","4","34TH AVE","35TH AVE","Vicente Street from 34th Avenue to 35th Avenue","Speed Hump","1","6","2015","2015/06/01",,"Site Specific Backlog","Complete","<Null>","<Null>","<Null>","LINESTRING (-122.491523899 37.738614249, -122.492575849 37.738567628)","2026/05/23 10:19:56 AM","2026/05/23 10:48:09 AM"
"1064","18955","13261000","Parkside","VICENTE ST","4","35TH AVE","36TH AVE","Vicente Street from 35th Avenue to 36th Avenue","Speed Hump","1","8","2017","2017/08/01","FY 2015-2016","App-Based","Complete","<Null>","<Null>","<Null>","LINESTRING (-122.492575849 37.738567628, -122.493668152 37.738519208)","2026/05/23 10:19:56 AM","2026/05/23 10:48:09 AM"
"1065","18958","13264000","Parkside","VICENTE ST","4","37TH AVE","38TH AVE","Vicente Street from 37th Avenue to 38th Avenue","Speed Hump","1","2","2022","2022/02/01","FY 2019-2020","App-Based","Complete","<Null>","<Null>","<Null>","LINESTRING (-122.49472055 37.738472872, -122.49578916 37.738426125)","2026/05/23 10:19:56 AM","2026/05/23 10:48:09 AM"
"1066","18967","13182000","Forest Hills Extension","VASQUEZ AVE","7","LAGUNA HONDA Boulevard","BALCETA AVE","Vasquez Avenue from Laguna Honda Boulevard to Balceta Avenue","Speed Hump","1","0","2014","2014/01/01",,"Early Implementation","Complete","<Null>","<Null>","<Null>","LINESTRING (-122.458283246 37.746242527, -122.458341932 37.74610633, -122.458397414 37.745936189, -122.458520889 37.745817798, -122.458656696 37.745710291)","2026/05/23 10:19:56 AM","2026/05/23 10:48:09 AM"
"1067","18968","13183000","Forest Hills Extension","VASQUEZ AVE","7","BALCETA AVE","GARCIA AVE \ HERNANDEZ AVE","Vasquez Avenue from Balceta Avenue to Garcia Avenue \ Hernandez Avenue","Speed Hump","1","0","0","1900/01/01","FY 2011-2012","Backlog","Complete","<Null>","<Null>","<Null>","LINESTRING (-122.458656696 37.745710291, -122.459211142 37.745271379)","2026/05/23 10:19:56 AM","2026/05/23 10:48:09 AM"
"1068","18969","13184000","Laguna Honda","VASQUEZ AVE","7","HERNANDEZ AVE","PACHECO ST","Vasquez Avenue from Hernandez Avenue to Pacheco Street","3-Lump Speed Cushion","1","9","2023","2023/09/01","FY 2020-2021","App-Based","Complete",,,"<Null>","LINESTRING (-122.459211142 37.745271379, -122.460116066 37.744567701)","2026/05/23 10:19:56 AM","2026/05/23 10:48:09 AM"
"1069","18970","13185000","Laguna Honda","VASQUEZ AVE","7","PACHECO ST","GARCIA AVE","Vasquez Avenue from Pacheco Street to Garcia Avenue","3-Lump Speed Cushion","1","9","2023","2023/09/01","FY 2020-2021","App-Based","Complete",,,"<Null>","LINESTRING (-122.460116066 37.744567701, -122.460887308 37.743967961, -122.461031415 37.743835656)","2026/05/23 10:19:56 AM","2026/05/23 10:48:09 AM"
"1070","18225","14127000","Treasure Island","AVENUE H","6","04TH TI ST","05TH TI ST","Avenue H from 4th Ti Street to 5th Ti Street","5-Lump Speed Cushion","1","<Null>","<Null>",,"<Null>","<Null>","Complete","<Null>","<Null>","<Null>","LINESTRING (-122.36771095 37.821883961, -122.368255 37.822696967)","2026/05/23 10:19:56 AM","2026/05/23 10:48:09 AM"
"1071","18227","14129000","Treasure Island","AVENUE H","6","06TH TI ST","08TH TI ST","Avenue H from 6th Ti Street to 8th Ti Street","5-Lump Speed Cushion","1","<Null>","<Null>",,"<Null>","<Null>","Complete","<Null>","<Null>","<Null>","LINESTRING (-122.368838774 37.82356931, -122.369428948 37.824451193)","2026/05/23 10:19:56 AM","2026/05/23 10:48:09 AM"
"1072","18229","14131000","Treasure Island","AVENUE H","6","09TH TI ST","11TH TI ST","Avenue H from 9th Ti Street to 11th Ti Street","5-Lump Speed Cushion","1","<Null>","<Null>",,"<Null>","<Null>","Complete","<Null>","<Null>","<Null>","LINESTRING (-122.369976637 37.825269945, -122.371079181 37.826937281)","2026/05/23 10:19:56 AM","2026/05/23 10:48:09 AM"
"1073","18231","14132001","Treasure Island","AVENUE H","6","11TH TI ST","13TH TI ST \ GATEVIEW AVE","Avenue H from 11th Ti Street to 13th Ti Street \ Gateview Avenue","5-Lump Speed Cushion","1","<Null>","<Null>",,"<Null>","<Null>","Complete","<Null>","<Null>","<Null>","LINESTRING (-122.371079181 37.826937281, -122.372031743 37.828354987)","2026/05/23 10:19:56 AM","2026/05/23 10:48:09 AM"
"1074","19050","13141000","Bayview District","VAN DYKE AVE","10","KEITH ST","LANE ST","Van Dyke Avenue from Keith Street to Lane Street","5-Lump Speed Cushion","1","0","0","1900/01/01","FY 2012-2013","Areawide","Complete","<Null>","<Null>","<Null>","LINESTRING (-122.390547463 37.728099082, -122.392415074 37.729159754)","2026/05/23 10:19:56 AM","2026/05/23 10:48:09 AM"
"1076","19208","13040000","Inner Mission","UTAH ST","10","MARIPOSA ST","18TH ST","Utah Street from Mariposa Street to 18th Street","Speed Hump","1","5","2016","2016/05/01","FY 2014-2015","App-Based","Complete","<Null>","<Null>","<Null>","LINESTRING (-122.406305571 37.763253888, -122.406181984 37.761996403)","2026/05/23 10:19:56 AM","2026/05/23 10:48:09 AM"
"1077","17847","19082000","Hunters Point","DONAHUE ST","10","INNES AVE","GALVEZ AVE","Donahue Street from Innes Avenue to Galvez Avenue","3-Lump Speed Cushion","2","8","2023","2023/08/01","FY 2020-2021","App-Based","Complete",,,"<Null>","LINESTRING (-122.369256859 37.729782206, -122.369596715 37.729413495)","2026/05/23 10:19:56 AM","2026/05/23 10:48:09 AM"
"1078","18301","14033000","Treasure Island","04TH TI ST","6","AVENUE C","AVENUE D","4th Ti Street from Avenue  nue C to Avenue  nue D","Speed Hump","2","6","2018","2018/06/01",,,"Complete","<Null>","<Null>","<Null>","LINESTRING (-122.371688663 37.820214634, -122.370407843 37.820759735)","2026/05/23 10:19:56 AM","2026/05/23 10:48:09 AM"
"1079","18303","14034001","Treasure Island","04TH TI ST","6","AVENUE D","AVENUE H","4th Ti Street from Avenue  nue D to Avenue  nue H","Speed Hump","2","<Null>","<Null>",,"<Null>","<Null>","Complete","<Null>","<Null>","<Null>","LINESTRING (-122.370407843 37.820759735, -122.36771095 37.821883961)","2026/05/23 10:19:56 AM","2026/05/23 10:48:09 AM"
"1080","18329","13769000","Mission District","YORK ST","9","20TH ST","21ST ST","York Street from 20th Street to 21St Street","Speed Hump","2","5","2022","2022/05/01","FY 2019-2020","App-Based","Complete","<Null>","<Null>","<Null>","LINESTRING (-122.408903725 37.759246641, -122.408796982 37.759193168, -122.408651272 37.757651117)","2026/05/23 10:19:56 AM","2026/05/23 10:48:09 AM"
"1081","18334","13772000","Mission District","YORK ST","9","23RD ST","24TH ST","York Street from 23rd Street to 24th Street","3-Lump Speed Cushion","2","11","2023","2023/11/01","FY 2020-2021","App-Based","Complete",,,"<Null>","LINESTRING (-122.408342784 37.754452871, -122.408188968 37.752852404)","2026/05/23 10:19:56 AM","2026/05/23 10:48:09 AM"
"1082","18335","13773000","Mission District","YORK ST","9","24TH ST","25TH ST","York Street from 24th Street to 25th Street","Speed Hump","2","6","2019","2019/06/01","FY 2016-2017",,"Complete","<Null>","<Null>","<Null>","LINESTRING (-122.408188968 37.752852404, -122.408036848 37.751256801)","2026/05/23 10:19:56 AM","2026/05/23 10:48:09 AM"
"1083","18336","13774000","Mission District","YORK ST","9","25TH ST","26TH ST","York Street from 25th Street to 26th Street","Speed Hump","2","11","2018","2018/11/01","FY 2016-2017","App-Based","Complete","<Null>","<Null>","<Null>","LINESTRING (-122.408036848 37.751256801, -122.407884356 37.749657226)","2026/05/23 10:19:56 AM","2026/05/23 10:48:09 AM"
"1084","18337","13775000","Inner Mission","YORK ST","9","26TH ST","CESAR CHAVEZ ST \ PRECITA AVE","York Street from 26th Street to Cesar Chavez Street \ Precita Avenue","Speed Hump","1","12","2016","2016/12/01","FY 2015-2016","App-Based","Complete","<Null>","<Null>","<Null>","LINESTRING (-122.407884356 37.749657226, -122.407781352 37.748576711, -122.407882028 37.748405)","2026/05/23 10:19:56 AM","2026/05/23 10:48:09 AM"
"1085","18339","13777000","Bernal Heights North","YORK ST","9","PERALTA AVE","MONTCALM ST","York Street from Peralta Avenue to Montcalm Street","Striping","0","0","0","1900/01/01","FY 2015-2016","App-Based","Complete","<Null>","<Null>","<Null>","LINESTRING (-122.406879204 37.747501712, -122.406092538 37.747009833)","2026/05/23 10:19:56 AM","2026/05/23 10:48:09 AM"
"1087","18358","13796000","Lakeshore","ZOO RD","7","LAKE MERCED BLVD \ SKYLINE BLVD","ARMORY DR","Zoo Rd from Lake Merced Boulevard \ Skyline Boulevard to Armory Drive","Raised Crosswalk","1","0","2014","2014/01/01","FY 2011-2012","Site Specific","Complete","<Null>","<Null>","<Null>","LINESTRING (-122.499058976 37.73157607, -122.499541959 37.731433161, -122.502621382 37.730211704)","2026/05/23 10:19:56 AM","2026/05/23 10:48:09 AM"
"1088","18359","13797000","Lakeshore","ZOO RD","7","ARMORY DR","SKYLINE BLVD","Zoo Rd from Armory Drive to Skyline Boulevard","Speed Table","2","1","2020","2020/01/01","FY 2016-2017","App-Based","Complete","<Null>","<Null>","<Null>","LINESTRING (-122.502621382 37.730211704, -122.502467361 37.730094562, -122.502108521 37.729501859, -122.501770499 37.728394039)","2026/05/23 10:19:56 AM","2026/05/23 10:48:09 AM"
"1089","18392","13740000","University Mound","YALE ST","9","SILVER AVE","SILLIMAN ST","Yale Street from Silver Avenue to Silliman Street","Speed Hump","1","2","2021","2021/02/01","<Null>","Schools Engineering","Complete","<Null>","<Null>","<Null>","LINESTRING (-122.418381308 37.729038764, -122.417905573 37.727886592)","2026/05/23 10:19:56 AM","2026/05/23 10:48:09 AM"
"1090","18398","13746000","Saint Francis Wood","YERBA BUENA AVE","7","SANTA CLARA AVE \ SANTA MONICA WY","SANTA PAULA AVE \ TERRACE WALK","Yerba Buena Avenue from Santa Clara Avenue \ Santa Monica Way to Santa Paula Avenue \ Terracerace Walk","Speed Hump","1","2","2008","2008/02/01","FY 2007-2008","Areawide","Complete","<Null>","<Null>","<Null>","LINESTRING (-122.465844911 37.73849364, -122.464745578 37.73788548, -122.46313559 37.737023356)","2026/05/23 10:19:56 AM","2026/05/23 10:48:09 AM"
"1091","18399","13747000","Monterey Heights","YERBA BUENA AVE","7","SANTA PAULA AVE","SAN PABLO AVE","Yerba Buena Avenue from Santa Paula Avenue to San Pablo Avenue","3-Lump Speed Cushion","1","4","2021","2021/04/01","FY 2019-2020","D7 Participatory Budgeting","Complete","<Null>","<Null>","<Null>","LINESTRING (-122.46313559 37.737023356, -122.462039206 37.736346527)","2026/05/23 10:19:56 AM","2026/05/23 10:48:09 AM"
"1092","18400","13748000","Monterey Heights","YERBA BUENA AVE","7","SAN PABLO AVE","MAYWOOD DR","Yerba Buena Avenue from San Pablo Avenue to Maywood Drive","Speed Hump","1","0","2014","2014/01/01","FY 2011-2012","TC Implementation","Complete","<Null>","<Null>","<Null>","LINESTRING (-122.462039206 37.736346527, -122.461242338 37.735781715)","2026/05/23 10:19:56 AM","2026/05/23 10:48:09 AM"
"1093","18401","13749000","Monterey Heights","YERBA BUENA AVE","7","MAYWOOD DR","MIRALOMA DR \ RAVENWOOD DR","Yerba Buena Avenue from Maywood Drive to Miraloma Drive \ Ravenwood Drive","Speed Hump","1","0","2014","2014/01/01","FY 2011-2012","TC Implementation","Obsolete","<Null>","<Null>","<Null>","LINESTRING (-122.461242338 37.735781715, -122.460477067 37.735179524)","2026/05/23 10:19:56 AM","2026/05/23 10:48:09 AM"
"1094","18403","13751000","Monterey Heights","YERBA BUENA AVE","7","PLYMOUTH AVE","MIRALOMA DR","Yerba Buena Avenue from Placeymouth Avenue to Miraloma Drive","4-Lump Speed Cushion","1","3","2024","2024/03/01","FY 2020-2021","App-Based","Pending construction","TBD","Completion","TBD","LINESTRING (-122.46033601 37.735064789, -122.460007034 37.734797198, -122.459504541 37.734290572)","2026/05/23 10:19:56 AM","2026/05/23 10:48:09 AM"
"1095","18404","13752000","Monterey Heights","YERBA BUENA AVE","7","PLYMOUTH AVE","MIRALOMA DR","Yerba Buena Avenue from Plymouth Avenue to Miraloma Drive","<Null>","<Null>","<Null>","<Null>",,"FY 2020-2021","App-Based","Pending construction","TBD","Completion","TBD","LINESTRING (-122.459504541 37.734290572, -122.4590639 37.733645067)","2026/05/23 10:19:56 AM","2026/05/23 10:48:09 AM"
"1096","18405","13753000","Monterey Heights","YERBA BUENA AVE","7","PLYMOUTH AVE","MIRALOMA DR","Yerba Buena Avenue from Plymouth Avenue to Miraloma Drive","4-Lump Speed Cushion","1","3","2024","2024/03/01","FY 2020-2021","App-Based","Complete",,,"<Null>","LINESTRING (-122.4590639 37.733645067, -122.458890602 37.733312566, -122.458752507 37.732967621, -122.458613725 37.732543204)","2026/05/23 10:19:56 AM","2026/05/23 10:48:09 AM"
"1097","18411","13759000","Parkside","YORBA ST","4","36TH AVE","SUNSET BLVD","Yorba Street from 36th Avenue to Sunset Boulevard","Traffic Island","1","0","0","1900/01/01","FY 2009-2010","Areawide","Complete","<Null>","<Null>","<Null>","LINESTRING (-122.493406967 37.734856121, -122.493857076 37.73502785)","2026/05/23 10:19:56 AM","2026/05/23 10:48:09 AM"
"1098","18412","13760000","Outer Parkside","YORBA ST","4","SUNSET BLVD","37TH AVE","Yorba Street from Sunset Boulevard to 37th Avenue","Traffic Island","1","0","0","1900/01/01","FY 2009-2010","Areawide","Complete","<Null>","<Null>","<Null>","LINESTRING (-122.494014877 37.735023414, -122.494463369 37.734810773)","2026/05/23 10:19:56 AM","2026/05/23 10:48:09 AM"
"1100","18428","13696000","Potrero Hill","WISCONSIN ST","10","22nd ST","MADERA ST","Wisconsin Street from 22nd Street to Madera Street","3-Lump Speed Cushion","1","8","2023","2023/08/01","FY 2020-2021","App-Based","Complete",,,"<Null>","LINESTRING (-122.398938842 37.757300949, -122.398799805 37.755840701)","2026/05/23 10:19:56 AM","2026/05/23 10:48:09 AM"
"1101","18430","13698000","Potrero Hill","WISCONSIN ST","10","23RD ST","CORAL ST","Wisconsin Street from 23rd Street to Coral Street","<Null>","<Null>","<Null>","<Null>",,"FY 2022-2023","App-Based","Pending design review and approval","Jul - Dec 2024","Pending construction","Jan - Jul 2025","LINESTRING (-122.398693308 37.754745313, -122.398606096 37.753821827)","2026/05/23 10:19:56 AM","2026/05/23 10:48:09 AM"
"1102","18432","13700000","Potrero Hill","WISCONSIN ST","10","25TH ST","CONNECTICUT ST","Wisconsin Street from 25th Street to Connecticut Street","<Null>","<Null>","<Null>","<Null>",,"FY 2022-2023","App-Based","Pending design review and approval","Jul - Dec 2024","Pending construction","Jan - Jul 2025","LINESTRING (-122.398593151 37.753684746, -122.398491065 37.752603731)","2026/05/23 10:19:56 AM","2026/05/23 10:48:09 AM"
"1103","19261","13007000","Mount Davidson Manor","UPLAND DR","7","NORTHGATE DR","MANOR DR","Upland Drive from Northgate Drive to Manor Drive","Speed Bump","1","0","0","1900/01/01",,,"Complete","<Null>","<Null>","<Null>","LINESTRING (-122.46180645 37.728720413, -122.462004168 37.728679126, -122.462295125 37.728654324, -122.462529709 37.728684342, -122.462799014 37.728791612, -122.463558996 37.729175595)","2026/05/23 10:19:56 AM","2026/05/23 10:48:09 AM"
"1104","19265","13011000","Balboa Terrace","UPLAND DR","7","APTOS AVE","SAN ALESO AVE","Upland Drive from Aptos Avenue to San Aleso Avenue","Speed Hump","1","01","2026","2026/01/01","FY 2021-2022","App-Based","Complete",,,,"LINESTRING (-122.465420067 37.730168255, -122.466257285 37.730329022)","2026/05/23 10:19:56 AM","2026/05/23 10:48:09 AM"
"1105","19268","13014000","Buena Vista","UPPER TER","8","BUENA VISTA WEST","MASONIC AVE","Upper Terracerace from Buena Vista West to Masonic Avenue","3-Lump Speed Cushion","1","5","2022","2022/05/01","FY 2019-2020","App-Based","Complete","<Null>","<Null>","<Null>","LINESTRING (-122.442575244 37.765928284, -122.443538305 37.765322732)","2026/05/23 10:19:56 AM","2026/05/23 10:48:09 AM"
"1106","18013","15102000","Western Addition","LARCH ST","5","LAGUNA ST","BUCHANAN ST","Larch Street from Laguna Street to Buchanan Street","Speed Hump","1","12","2004","2004/12/01","Pilot","Site Specific","Complete","<Null>","<Null>","<Null>","LINESTRING (-122.427298599 37.78158229, -122.428517757 37.78143167, -122.428955924 37.781428835)","2026/05/23 10:19:56 AM","2026/05/23 10:48:09 AM"
"1107","18456","13718000","Mission District","WOODWARD ST","9","14TH ST","DUBOCE ST","Woodward Street from 14th Street to Duboce Street","Speed Hump","2","11","2023","2023/11/01","FY 2020-2021","App-Based","Complete",,,"<Null>","LINESTRING (-122.420938646 37.769917552, -122.420776615 37.768225625)","2026/05/23 10:19:56 AM","2026/05/23 10:48:09 AM"
"1108","18469","13652000","Silver Terrace","WILLIAMS AVE","10","LUCY ST","CERES ST","Williams Avenue from Lucy Street to Ceres Street","7-Lump Speed Cushion","1","12","2021","2021/12/01","<Null>","Williams Ave QB","Complete","<Null>","<Null>","<Null>","LINESTRING (-122.393581517 37.729399171, -122.394479204 37.729526697)","2026/05/23 10:19:56 AM","2026/05/23 10:48:09 AM"
"1109","18470","13653000","Silver Terrace","WILLIAMS AVE","10","CERES ST","MENDELL ST","Williams Avenue from Ceres Street to Mendell Street","6-Lump Speed Cushion","1","1","2022","2022/01/01","<Null>","Williams Ave QB","Complete","<Null>","<Null>","<Null>","LINESTRING (-122.394479204 37.729526697, -122.394885737 37.729584446)","2026/05/23 10:19:56 AM","2026/05/23 10:48:09 AM"
"1110","18476","13659000","Silver Terrace","WILLIAMS AVE","10","VENUS ST","APOLLO ST","Williams Avenue from Venus Street to Apollo Street","7-Lump Speed Cushion","1","1","2022","2022/01/01","<Null>","Williams Ave QB","Complete","<Null>","<Null>","<Null>","LINESTRING (-122.39807431 37.730037344, -122.398970458 37.730164614)","2026/05/23 10:19:56 AM","2026/05/23 10:48:09 AM"
"1111","18481","13664000","Van Ness - Civic Center","WILLOW ST","2","VAN NESS AVE","FRANKLIN ST","Willow Street from Van Ness Avenue to Franklin Street","Speed Hump","0","12","2004","2004/12/01","FY 2004-2005","Site Specific","Complete","<Null>","<Null>","<Null>","LINESTRING (-122.420977124 37.783352075, -122.422557981 37.783151428)","2026/05/23 10:19:56 AM","2026/05/23 10:48:09 AM"
"1112","18483","13666000","Western Addition","WILLOW ST","2, 5","LAGUNA ST","BUCHANAN ST","Willow Street from Laguna Street to Buchanan Street","Speed Hump","1","12","2004","2004/12/01","FY 2004-2005","Site Specific","Complete","<Null>","<Null>","<Null>","LINESTRING (-122.427490665 37.782522998, -122.429063131 37.78232264, -122.42911214 37.782297074)","2026/05/23 10:19:56 AM","2026/05/23 10:48:09 AM"
"1113","18490","13673000","Crocker Amazon","WINDING WY","11","NAYLOR ST","CORDOVA ST","Winding Way from Naylor Street to Cordova Street","Speed Hump","1","6","2019","2019/06/01","FY 2018-2019","D11 NTIP","Complete","<Null>","<Null>","<Null>","LINESTRING (-122.433033237 37.710270564, -122.433756923 37.709876053, -122.43456362 37.709594022, -122.434692315 37.709566382)","2026/05/23 10:19:56 AM","2026/05/23 10:48:09 AM"
"1114","18988","13203000","Silver Terrace","VENUS ST","10","TOPEKA AVE","THORTON AVE","Venus Street from Topeka Avenue to Thorton Avenue","Speed Table","1","03","2026","2026/03/01","FY 2021-2022","App-Based","Complete",,,,"LINESTRING (-122.395726165 37.731911772, -122.396422849 37.731949, -122.396786252 37.731908715, -122.397320095 37.731698068, -122.39769668 37.731434535)","2026/05/23 10:19:56 AM","2026/05/23 10:48:09 AM"
"1115","18998","13213000","Potrero Hill","VERMONT ST","10","MARIPOSA ST","18TH ST","Vermont Street from Mariposa Street to 18th Street","Speed Hump","1","1","2021","2021/01/01","FY 2016-2017","App-Based","Complete","<Null>","<Null>","<Null>","LINESTRING (-122.404371726 37.763381755, -122.404258773 37.762112672)","2026/05/23 10:19:56 AM","2026/05/23 10:48:09 AM"
"1116","18999","13214000","Potrero Hill","VERMONT ST","10","18TH ST","19TH ST","Vermont Street from 18th Street to 19th Street","<Null>","<Null>","<Null>","<Null>",,"FY 2022-2023","App-Based","Pending design review and approval","Jul - Dec 2024","Pending construction","Jan - Jul 2025","LINESTRING (-122.404258773 37.762112672, -122.404134492 37.760833905)","2026/05/23 10:19:56 AM","2026/05/23 10:48:09 AM"
"1117","19002","13217000","Potrero Hill","VERMONT ST","10","21ST ST","22ND ST","Vermont Street from 21St Street to 22nd Street","Speed Hump","1","5","2017","2017/05/01","FY 2015-2016","App-Based","Complete","<Null>","<Null>","<Null>","LINESTRING (-122.403886934 37.758286572, -122.403821603 37.757936745, -122.403463974 37.757644469, -122.403211811 37.7572444, -122.403073937 37.757052052)","2026/05/23 10:19:56 AM","2026/05/23 10:48:09 AM"
"1118","18045","15046000","Mission Bay","BERRY EXTENSION ST","6","KING ST","MISSION BAY Drive","Berry Street from King Street to Mission Bay Drive","3-Lump Speed Cushion","1","4","2022","2022/04/01","FY 2019-2020","App-Based","Complete","<Null>","<Null>","<Null>","LINESTRING (-122.399487102 37.770938744, -122.399531902 37.770846436, -122.399541779 37.770805949, -122.399540782 37.77076616, -122.399525735 37.770719314, -122.399494735 37.770675087, -122.399461157 37.770645512, -122.39907412 37.770336786, -122.39898444 37.770250688, -122.398930252 37.770198666, -122.39842597 37.76979641, -122.398268559 37.769708298)","2026/05/23 10:19:56 AM","2026/05/23 10:48:09 AM"
"1119","18519","13613000","Bayview District","WHITNEY YOUNG CIR","10","MABREY/RICHARDS LN","LINDSAY CIR/HILLVIEW CT","Whitney Young Circlecle from Mabrey/Richards Lane to Lindsay Circlecle/Hillview Court","3-Lump Speed Cushion","1","8","2023","2023/08/01","FY 2020-2021","App-Based","Complete",,,"<Null>","LINESTRING (-122.385269102 37.735309124, -122.385475672 37.735444833, -122.385681576 37.735627249, -122.385772334 37.735783959)","2026/05/23 10:19:56 AM","2026/05/23 10:48:09 AM"
"1120","18524","13618000","Bayview District","WHITNEY YOUNG CIR","10","PROGRESS ST","NEWCOMB AVE","Whitney Young Circle from Progress Street to Newcomb Avenue","Speed Hump","1","6","2020","2020/06/01","FY 2016-2017","App-Based","Obsolete","<Null>","<Null>","<Null>","LINESTRING (-122.383407613 37.733236517, -122.383842469 37.733218767, -122.3844258 37.73337593, -122.384547432 37.733473955)","2026/05/23 10:19:56 AM","2026/05/23 10:48:09 AM"
"1121","18525","13619000","Bayview District","WHITNEY YOUNG CIR","10","HUDSON AVE","PROGRESS ST","Whitney Young Circle from Hudson Avenue to Progress Street","Speed Hump","1","6","2020","2020/06/01","FY 2016-2017","App-Based","Obsolete","<Null>","<Null>","<Null>","LINESTRING (-122.382279349 37.733631794, -122.382504975 37.733459967, -122.383407613 37.733236517)","2026/05/23 10:19:56 AM","2026/05/23 10:48:09 AM"
"1122","18534","13628000","Visitacion Valley","WILDE AVE","10","RUTLAND ST","GOETTINGEN ST","Wilde Avenue from Rutland Street to Goettingen Street","5-Lump Speed Cushion","3","04","2026","2026/04/01","FY 2021-2022","App-Based","Complete",,,,"LINESTRING (-122.402121212 37.716134502, -122.404477341 37.717052502, -122.40531016 37.717281249)","2026/05/23 10:19:56 AM","2026/05/23 10:48:09 AM"
"1123","19136","13140000","Bayview District","VAN DYKE AVE","10","JENNINGS ST","KEITH ST","Van Dyke Avenue from Jennings Street to Keith Street","5-Lump Speed Cushion","2","0","2014","2014/01/01","FY 2011-2012","TC Implementation","Complete","<Null>","<Null>","<Null>","LINESTRING (-122.388672812 37.727044146, -122.390547463 37.728099082)","2026/05/23 10:19:56 AM","2026/05/23 10:48:09 AM"
"1124","16339","6894003","Little Hollywood","HESTER AVE","10","BAYSHORE BLVD","LOIS LN","Hester Avenue from Bayshore Boulevard to Lois Lane","Speed Hump","1","<Null>","2020",,"FY 2017-2018","App-Based","Complete","<Null>","<Null>","<Null>","LINESTRING (-122.398991049 37.71533879, -122.398834619 37.715264996, -122.398502335 37.714933105, -122.398350802 37.714687715, -122.398211815 37.714412664)","2026/05/23 10:19:56 AM","2026/05/23 10:48:09 AM"
"1125","16340","6894004","Little Hollywood","HESTER AVE","10","LAUREN CT","LOIS LN","Hester Avenue from Lauren Court to Lois Lane","Speed Hump","1","6","2020","2020/06/01","FY 2017-2018","App-Based","Complete","<Null>","<Null>","<Null>","LINESTRING (-122.398211815 37.714412664, -122.397657688 37.713316046)","2026/05/23 10:19:56 AM","2026/05/23 10:48:09 AM"
"1126","18565","13574000","Lake","WEST CLAY ST","1","22nd AVE","24TH AVE","West Clay Street from 22nd Avenue to 24th Avenue","Speed Hump","1","0","0","1900/01/01","Pilot","Site Specific","Complete","<Null>","<Null>","<Null>","LINESTRING (-122.48199493 37.786768264, -122.482067349 37.786764288, -122.482723977 37.78672825, -122.483133053 37.786722788, -122.483366101 37.786768993, -122.484029656 37.786901912, -122.48415464 37.786979086)","2026/05/23 10:19:56 AM","2026/05/23 10:48:09 AM"
"1127","18579","13584000","Mount Davidson Manor","WESTGATE DR","7","KENWOOD WY","UPLAND DR","Westgate Drive from Kenwood Way to Upland Drive","3-Lump Speed Cushion","2","9","2023","2023/09/01","FY 2020-2021","App-Based","Complete",,,"<Null>","LINESTRING (-122.465409183 37.72847454, -122.465076321 37.728990155, -122.464873133 37.729376558, -122.46463257 37.729972597)","2026/05/23 10:19:56 AM","2026/05/23 10:48:09 AM"
"1128","16614","156000","Inner Richmond","03RD AVE","1","ANZA ST","BALBOA ST","3rd Avenue from Anza Street to Balboa Street","Speed Hump","2","6","2015","2015/06/01",,"Site Specific Backlog","Complete","<Null>","<Null>","<Null>","LINESTRING (-122.46093127 37.77923468, -122.460796341 37.777380326)","2026/05/23 10:19:56 AM","2026/05/23 10:48:09 AM"
"1129","16616","158000","Inner Richmond","03RD AVE","1","CABRILLO ST","FULTON ST","3rd Avenue from Cabrillo Street to Fulton Street","3-Lump Speed Cushion","2","7","2023","2023/07/01","FY 2020-2021","App-Based","Complete",,,"<Null>","LINESTRING (-122.460660763 37.775516944, -122.460552661 37.774031134)","2026/05/23 10:19:56 AM","2026/05/23 10:48:09 AM"
"1130","16413","7806001","West Portal","KENSINGTON WAY","7","ULLOA ST","VASQUEZ AVE","Kensington Way from Ulloa Street to Vasquez Avenue","Speed Hump","2","0","2014","2014/01/01","FY 2011-2012","Backlog","Complete","<Null>","<Null>","<Null>","LINESTRING (-122.459839949 37.741061125, -122.460689675 37.741997709, -122.461013122 37.742354232, -122.461233529 37.74258447, -122.461332279 37.742661558)","2026/05/23 10:19:56 AM","2026/05/23 10:48:09 AM"
"1131","16414","7806002","West Portal","KENSINGTON WAY","7","VASQUEZ AVE","PUBLIC PARK","Kensington Way from Vasquez Avenue to Public Park","Speed Hump","1","0","2014","2014/01/01","FY 2011-2012","Backlog","Complete","<Null>","<Null>","<Null>","LINESTRING (-122.461332279 37.742661558, -122.461975263 37.742957125)","2026/05/23 10:19:56 AM","2026/05/23 10:48:09 AM"
"1132","16423","11011002","Holly Park","RICHLAND AVE","8","MISSION ST","ARLINGTON ST","Richland Avenue from Mission Street to Arlington Street","3-Lump Speed Cushion","3","<Null>","<Null>",,"FY 2020-2021","App-Based","Pending construction","TBD","Completion","<Null>","LINESTRING (-122.426990742 37.736528383, -122.426209491 37.736074463, -122.424595247 37.735944169, -122.424466263 37.736061172)","2026/05/23 10:19:56 AM","2026/05/23 10:48:09 AM"
"1133","18643","13487000","Parkside","WAWONA ST","4","34TH AVE \ CRESTLAKE DR","35TH AVE","Wawona Street from 34th Avenue \ Crestlake Drive to 35th Avenue","Speed Hump","1","11","2018","2018/11/01","FY 2016-2017","App-Based","Complete","<Null>","<Null>","<Null>","LINESTRING (-122.491334899 37.737293023, -122.491567148 37.73727369, -122.491943485 37.737222601, -122.492470906 37.73706904)","2026/05/23 10:19:56 AM","2026/05/23 10:48:09 AM"
"1135","18668","13512000","University Mound","WAYLAND ST","9","PRINCETON ST","AMHERST ST","Wayland Street from Princeton Street to Amherst Street","3-Lump Speed Cushion","1","12","2025","2025/12/01","FY 2021-2022","App-Based","Complete",,,,"LINESTRING (-122.413959 37.723598939, -122.414935934 37.723343224)","2026/05/23 10:19:56 AM","2026/05/23 10:48:09 AM"
"1138","18682","13524002","Hayes Valley","WEBSTER ST","5","ROSE ST","PAGE ST","Webster Street from Rose Street to Page Street","5-Lump Speed Cushion","1","0","0","1900/01/01","FY 2014-2015","App-Based","Complete","<Null>","<Null>","<Null>","LINESTRING (-122.4288984 37.772793343, -122.428990052 37.773247801)","2026/05/23 10:19:56 AM","2026/05/23 10:48:09 AM"
"1139","16709","13216001","Potrero Hill","VERMONT ST","10","20TH ST","END","Vermont Street from 20th Street to End","Speed Hump","1","5","2017","2017/05/01","FY 2015-2016","App-Based","Complete","<Null>","<Null>","<Null>","LINESTRING (-122.404010604 37.759559129, -122.403963771 37.759072544)","2026/05/23 10:19:56 AM","2026/05/23 10:48:09 AM"
"1140","16710","13216002","Potrero Hill","VERMONT ST","10","END","21ST ST","Vermont Street from End to 21St Street","Speed Hump","1","5","2017","2017/05/01","FY 2015-2016","App-Based","Complete","<Null>","<Null>","<Null>","LINESTRING (-122.403963771 37.759072544, -122.403920021 37.759024612, -122.403884993 37.758973764, -122.403902319 37.758927314, -122.403975262 37.758909347, -122.404033714 37.758893713, -122.404068672 37.758838586, -122.404023269 37.758795774, -122.403945446 37.758778143, -122.40387816 37.758758769, -122.403859171 37.758714482, -122.403901677 37.758668795, -122.40399847 37.758652541, -122.404033089 37.75861001, -122.403985095 37.758569339, -122.403904343 37.758566446, -122.403844182 37.758541185, -122.403822927 37.758485916, -122.403874732 37.758443108, -122.403949645 37.758425856, -122.404008021 37.758381367, -122.403973425 37.758321593, -122.403886934 37.758286572)","2026/05/23 10:19:56 AM","2026/05/23 10:48:09 AM"
"1141","16460","6643000","Visitacion Valley","HAMILTON ST","10","20TH ST","21ST ST","Hampshire Street from 20th Street to 21St Street","Speed Hump","1","<Null>","2019",,"FY 2016-2017","App-Based","Complete","<Null>","<Null>","<Null>","LINESTRING (-122.406997912 37.719991115, -122.406665217 37.719214804)","2026/05/23 10:19:56 AM","2026/05/23 10:48:09 AM"
"1143","16469","6652000","Mission District","HAMPSHIRE ST","9","19TH ST","20TH ST","Hampshire Street from 19th Street to 20th Street","Speed Hump","1","3","2021","2021/03/01","FY 2018-2019","App-Based","Complete","<Null>","<Null>","<Null>","LINESTRING (-122.408064123 37.760601065, -122.407940025 37.759305174)","2026/05/23 10:19:56 AM","2026/05/23 10:48:09 AM"
"1144","16470","6653000","Mission District","HAMPSHIRE ST","9","20TH ST","21ST ST","Hampshire Street from 20th Street to 21St Street","Speed Hump","2","11","2018","2018/11/01","FY 2016-2017","App-Based","Complete","<Null>","<Null>","<Null>","LINESTRING (-122.407940025 37.759305174, -122.407897535 37.759219616, -122.407754464 37.757704856)","2026/05/23 10:19:56 AM","2026/05/23 10:48:09 AM"
"1145",,"6655000","Mission District","HAMPSHIRE ST","9","22ND ST","23RD ST","Hampshire Street from 22nd Street to 23rd Street","3-Lump Speed Cushion","2","11","2023","2023/11/01","FY 2020-2021","App-Based","Complete",,,"<Null>","LINESTRING (-122.407601867 37.756108784, -122.407448561 37.754506337)","2026/05/23 10:19:56 AM","2026/05/23 10:48:09 AM"
"1146","16473","6656000","Mission District","HAMPSHIRE ST","9","23RD ST","24TH ST","Hampshire Street from 23rd Street to 24th Street","3-Lump Speed Cushion","2","03","2026","2026/03/01","FY 2021-2022","App-Based","Complete",,,,"LINESTRING (-122.407448561 37.754506337, -122.407291183 37.752906612)","2026/05/23 10:19:56 AM","2026/05/23 10:48:09 AM"
"1147","16475","6658000","Inner Mission","HAMPSHIRE ST","9","25TH ST","26TH ST","Hampshire Street from 25th Street to 26th Street","3-Lump Speed Cushion","2","12","2016","2016/12/01","FY 2014-2015","App-Based","Complete","<Null>","<Null>","<Null>","LINESTRING (-122.407139008 37.751310231, -122.407006595 37.749921097, -122.406896449 37.749716629)","2026/05/23 10:19:56 AM","2026/05/23 10:48:09 AM"
"1148","16476","6659000","Inner Mission","HAMPSHIRE ST","9","26TH ST","CESAR CHAVEZ ON RAMP","Hampshire Street from 26th Street to Cesar Chavez On Ramp","3-Lump Speed Cushion","1","12","2016","2016/12/01","FY 2015-2016","App-Based","Complete","<Null>","<Null>","<Null>","LINESTRING (-122.406896449 37.749716629, -122.406487374 37.748957243)","2026/05/23 10:19:56 AM","2026/05/23 10:48:09 AM"
"1149","16478","6661000","Dolores Heights","HANCOCK ST","8","SANCHEZ ST","CHURCH ST","Hancock Street from Sanchez Street to Church Street","Speed Table","2","2","2022","2022/02/01","FY 2019-2020","App-Based","Complete","<Null>","<Null>","<Null>","LINESTRING (-122.428278231 37.760491007, -122.430497033 37.760357305)","2026/05/23 10:19:56 AM","2026/05/23 10:48:09 AM"
"1150","16479","6662000","Dolores Heights","HANCOCK ST","8","NOE ST","SANCHEZ ST","Hancock Street from Noe Street to Sanchez Street","Speed Table","2","2","2022","2022/02/01","FY 2019-2020","App-Based","Complete","<Null>","<Null>","<Null>","LINESTRING (-122.430497033 37.760357305, -122.43271576 37.760223565)","2026/05/23 10:19:56 AM","2026/05/23 10:48:09 AM"
"1151","16481","6664000","Crocker Amazon","HANOVER ST","11","ALLISON ST","WATT AVE","Hanover Street from Allison Street to Watt Avenue","<Null>","<Null>","<Null>","<Null>",,"FY 2022-2023","App-Based","Pending design review and approval","Jul - Dec 2024","Pending construction","Jan - Jul 2025","LINESTRING (-122.440091702 37.710080026, -122.440597615 37.709945818)","2026/05/23 10:19:56 AM","2026/05/23 10:48:09 AM"
"1152","16485","6668000","Crocker Amazon","HANOVER ST","11","CONCORD ST","GUTTENBERG ST","Hanover Street from Concord Street to Guttenberg Street","<Null>","<Null>","<Null>","<Null>",,"FY 2022-2023","App-Based","Pending design review and approval","Jul - Dec 2024","Pending construction","Jan - Jul 2025","LINESTRING (-122.441627935 37.709660646, -122.442668687 37.709320611)","2026/05/23 10:19:56 AM","2026/05/23 10:48:09 AM"
"1153","16488","6671000","Hunters Point","HARBOR RD","10","NORTHRIDGE RD","INGALLS ST","Harbor Road from Northridge Road to Ingalls St","3-Lump Speed Cushion","4","8","2022","2022/08/01","<Null>","D10 CRT","Complete","<Null>","<Null>","<Null>","LINESTRING (-122.376999545 37.731009871, -122.377410207 37.731406573, -122.377524651 37.731582486, -122.378030238 37.732001618, -122.378180978 37.732168265, -122.37865777 37.732768323, -122.378793629 37.732890807, -122.379623162 37.7333553, -122.379742853 37.733389963, -122.379931725 37.733380733)","2026/05/23 10:19:56 AM","2026/05/23 10:48:09 AM"
"1154","18719","13471000","West Portal","WAWONA ST","7","15TH AVE","16TH AVE","Wawona Street from 15th Avenue to 16th Avenue","<Null>","<Null>","<Null>","<Null>",,"FY 2022-2023","App-Based","Pending design review and approval","Jul - Dec 2024","Pending construction","Jan - Jul 2025","LINESTRING (-122.47096273 37.737648905, -122.472088826 37.737598477)","2026/05/23 10:19:56 AM","2026/05/23 10:48:09 AM"
"1155","18720","13472000","West Portal","WAWONA ST","7","16th AVE","17th AVE","Wawona Street from 15th Avenue to 18th Avenue","<Null>","<Null>","<Null>","<Null>",,"FY 2022-2023","App-Based","Pending design review and approval","Jul - Dec 2024","Pending construction","Jan - Jul 2025","LINESTRING (-122.472088826 37.737598477, -122.473161339 37.737550437)","2026/05/23 10:19:56 AM","2026/05/23 10:48:09 AM"
"1156","18721","13473000","West Portal","WAWONA ST","7","17th AVE","18th AVE","Wawona Street from 15th Avenue to 18th Avenue","<Null>","<Null>","<Null>","<Null>",,"FY 2022-2023","App-Based","Pending design review and approval","Jul - Dec 2024","Pending construction","Jan - Jul 2025","LINESTRING (-122.473161339 37.737550437, -122.473277548 37.737518149, -122.474232714 37.737476309)","2026/05/23 10:19:56 AM","2026/05/23 10:48:09 AM"
"1157","18732","13484000","Parkside","WAWONA ST","4","30TH AVE","ESCOLTA WY","Wawona Street from 30th Avenue to Escolta Way","Speed Hump","1","0","0","1900/01/01","FY 2011-2012","Areawide","Complete","<Null>","<Null>","<Null>","LINESTRING (-122.487473747 37.73696001, -122.487883946 37.736972903, -122.488261361 37.736979898, -122.488518054 37.73700189, -122.488933343 37.737158042, -122.489172825 37.737387715, -122.489310347 37.737544144, -122.489559639 37.737725144, -122.489794343 37.737821521, -122.489970939 37.737956983)","2026/05/23 10:19:56 AM","2026/05/23 10:48:09 AM"
"1158","18733","13485000","Parkside","WAWONA ST","4","ESCOLTA WY","33RD AVE","Wawona Street from Escolta Way to 33rd Avenue","Speed Hump","0","0","0","1900/01/01","FY 2011-2012","Areawide","Complete","<Null>","<Null>","<Null>","LINESTRING (-122.489970939 37.737956983, -122.490364188 37.737929559)","2026/05/23 10:19:56 AM","2026/05/23 10:48:09 AM"
"1159","18735","13397000","Forest Knolls","WARREN DR","7","ASHWOOD LN","BLAIRWOOD LN","Warren Drive from Ashwood Lane  to Blairwood Lane","Speed Hump","2","0","2014","2014/01/01","FY 2013-2014","Site Specific","Complete","<Null>","<Null>","<Null>","LINESTRING (-122.457461546 37.753689565, -122.457615318 37.753646784, -122.457759343 37.753628432)","2026/05/23 10:19:56 AM","2026/05/23 10:48:09 AM"
"1160","18736","13398000","Forest Knolls","WARREN DR","7","BLAIRWOOD LN","CHRISTOPHER DR","Warren Drive from Blairwood Lane  to Christopher Drive","Speed Hump","2","9","2015","2015/09/01","FY 2013-2014","Site Specific","Complete","<Null>","<Null>","<Null>","LINESTRING (-122.457759343 37.753628432, -122.459257384 37.753519129, -122.459443961 37.753542637, -122.46015667 37.753737609)","2026/05/23 10:19:56 AM","2026/05/23 10:48:09 AM"
"1162","16513","6696000","Ingleside","HAROLD AVE","11","BRUCE AVE","OCEAN AVE","Harold Avenue from Bruce Avenue to Ocean Avenue","3-Lump Speed Cushion","2","12","2025","2025/12/01","FY 2021-2022","App-Based","Complete",,,,"LINESTRING (-122.453101857 37.722121348, -122.453107198 37.723244037)","2026/05/23 10:19:56 AM","2026/05/23 10:48:09 AM"
"1163","16517","6700000","South of Market","HARRIET ST","6","FOLSOM ST","HARRISON ST","Harriet Street from Folsom Street to Harrison Street","3-Lump Speed Cushion","2","8","2023","2023/08/01","FY 2020-2021","App-Based","Complete",,,"<Null>","LINESTRING (-122.406150424 37.778082382, -122.405951039 37.778078001, -122.404605019 37.777009355, -122.404610031 37.776846235)","2026/05/23 10:19:56 AM","2026/05/23 10:48:09 AM"
"1164","16541","245000","Inner Richmond","04TH AVE","1","CABRILLO ST","FULTON ST","4th Avenue from Cabrillo Street to Fulton Street","3-Lump Speed Cushion","2","3","2021","2021/03/01","FY 2017-2018","App-Based","Complete","<Null>","<Null>","<Null>","LINESTRING (-122.461733428 37.7754674, -122.461619756 37.773895254)","2026/05/23 10:19:56 AM","2026/05/23 10:48:09 AM"
"1165","18737","13399000","Forest Knolls","WARREN DR","7","CHRISTOPHER DR","DEVONSHIRE WY","Warren Drive from Christopher Drive to Devonshire Way","Speed Hump","2","0","2014","2014/01/01","FY 2011-2012","Site Specific","Complete","<Null>","<Null>","<Null>","LINESTRING (-122.46015667 37.753737609, -122.46034675 37.753790162, -122.460563495 37.753943304, -122.461156399 37.754435876, -122.461214124 37.75449713)","2026/05/23 10:19:56 AM","2026/05/23 10:48:09 AM"
"1166","18768","13430000","Nob Hill","WASHINGTON ST","3","HYDE ST","LARKIN ST","Washington Street from Hyde Street to Larkin Street","3-Lump Speed Cushion","2","11","2020","2020/11/01","FY 2018-2019","Schools Engineering","Complete","<Null>","<Null>","<Null>","LINESTRING (-122.417935758 37.793683785, -122.419579124 37.793466928)","2026/05/23 10:19:56 AM","2026/05/23 10:48:09 AM"
"1170","16793","244000","Inner Richmond","04TH AVE","1","BALBOA ST","CABRILLO ST","4th Avenue from Balboa Street to Cabrillo Street","3-Lump Speed Cushion","2","3","2021","2021/03/01","FY 2017-2018","App-Based","Complete","<Null>","<Null>","<Null>","LINESTRING (-122.461868239 37.777331798, -122.461733428 37.7754674)","2026/05/23 10:19:56 AM","2026/05/23 10:48:09 AM"
"1171","31667","1840000","Parkside","37TH AVE","4","VICENTE ST","WAWONA ST","37th Avenue from Vicente Street to Wawona Street","Speed Hump","2","2","2022","2022/02/01","FY 2019-2020","App-Based","Complete","<Null>","<Null>","<Null>","LINESTRING (-122.49472055 37.738472872, -122.494590813 37.736604927)","2026/05/23 10:19:56 AM","2026/05/23 10:48:09 AM"
"1172","31677","1850000","Outer Richmond","38TH AVE","1","CABRILLO ST","FULTON ST","38th Avenue from Cabrillo Street to Fulton Street","Speed Hump","2","10","2018","2018/10/01","FY 2016-2017","App-Based","Complete","<Null>","<Null>","<Null>","LINESTRING (-122.498249666 37.773799858, -122.498113857 37.771934223)","2026/05/23 10:19:56 AM","2026/05/23 10:48:09 AM"
"1173","31682","1761000","Pine Lake Park","34TH AVE","4","CRESTLAKE DR \ WAWONA ST","YORBA ST","34th Avenue from Crestlake Drive \ Wawona Street to Yorba Street","Speed Hump","1","0","0","1900/01/01","FY 2009-2010","TC Implementation","Complete","<Null>","<Null>","<Null>","LINESTRING (-122.491334899 37.737293023, -122.49145233 37.737172066, -122.491320518 37.735327019)","2026/05/23 10:19:56 AM","2026/05/23 10:48:09 AM"
"1174","31690","1769000","Outer Sunset","35TH AVE","4","IRVING ST","LINCOLN WAY","35th Avenue from Irving Street to Lincoln Way","3-Lump Speed Cushion","2","8","2023","2023/08/01","FY 2020-2021","App-Based","Complete",,,"<Null>","LINESTRING (-122.494402494 37.764686192, -122.49427044 37.762806011)","2026/05/23 10:19:56 AM","2026/05/23 10:48:09 AM"
"1175","31693","1772000","Outer Sunset","35TH AVE","4","KIRKHAM ST","LAWTON ST","35th Avenue from Kirkham Street to Lawton Street","3-Lump Speed Cushion","2","8","2023","2023/08/01","FY 2020-2021","App-Based","Complete",,,"<Null>","LINESTRING (-122.494009987 37.759075512, -122.493877442 37.757211299)","2026/05/23 10:19:56 AM","2026/05/23 10:48:09 AM"
"1176","31697","1776000","Outer Sunset","35TH AVE","4","PACHECO ST","ORTEGA ST","35th Avenue from Pacheco Street to Ortega Street","3-Lump Speed Cushion","2","8","2023","2023/08/01","FY 2020-2021","App-Based","Complete",,,,"LINESTRING (-122.493488045 37.751613905, -122.493358252 37.749753047)","2026/05/23 10:19:56 AM","2026/05/23 10:48:09 AM"
"1177","31702","1781000","Parkside","35TH AVE","4","TARAVAL ST","ULLOA ST","35th Avenue from Taraval Street to Ulloa Street","3-Lump Speed Cushion","2","03","2026","2026/03/01","FY 2021-2022","App-Based","Complete",,,,"LINESTRING (-122.492836942 37.742295793, -122.492706079 37.740427238)","2026/05/23 10:19:56 AM","2026/05/23 10:48:09 AM"
"1178","31704","1783000","Parkside","35TH AVE","4","VICENTE ST","WAWONA ST","35th Avenue from Vicente Street to Wawona Street","Speed Hump","1","0","0","1900/01/01","FY 2009-2010","TC Implementation","Complete","<Null>","<Null>","<Null>","LINESTRING (-122.492575849 37.738567628, -122.492470906 37.73706904)","2026/05/23 10:19:56 AM","2026/05/23 10:48:09 AM"
"1179","31713","1792000","Outer Richmond","36TH AVE","1","ANZA ST","BALBOA ST","36th Avenue from Anza Street to Balboa Street","Speed Hump","2","1","2021","2021/01/01","<Null>","37th Ave Neighborway","Complete","<Null>","<Null>","<Null>","LINESTRING (-122.496379419 37.777628248, -122.496258763 37.775763805)","2026/05/23 10:19:56 AM","2026/05/23 10:48:09 AM"
"1180","31992","1506000","Potrero Hill","26TH ST","10","DE HARO ST","RHODE ISLAnd ST","26th Street from De Haro Street to Rhode Island Street","Chicane","0","0","0","1900/01/01","FY 2011-2012","TC Implementation","Complete","<Null>","<Null>","<Null>","LINESTRING (-122.400217356 37.750753046, -122.400472432 37.750672684, -122.401231955 37.750631885)","2026/05/23 10:19:56 AM","2026/05/23 10:48:09 AM"
"1181","31993","1507000","Potrero Hill","26TH ST","10","RHODE ISLAND ST","KANSAS ST","26th Street from Rhode Island Street to Kansas Street","Chicane","0","0","0","1900/01/01","FY 2011-2012","TC Implementation","Complete","<Null>","<Null>","<Null>","LINESTRING (-122.401231955 37.750631885, -122.402183518 37.750580762)","2026/05/23 10:19:56 AM","2026/05/23 10:48:09 AM"
"1182","31996","1510000","The Mission","26TH ST","9","HAMPSHIRE ST","YORK ST","26th Street from Hampshire Street to York Street","Speed Hump","1","4","2017","2017/04/01","FY 2015-2016","App-Based","Complete","<Null>","<Null>","<Null>","LINESTRING (-122.406896449 37.749716629, -122.407884356 37.749657226)","2026/05/23 10:19:56 AM","2026/05/23 10:48:09 AM"
"1185","32030","1450000","Dolores Heights","25TH ST","8","DOLORES ST","CHURCH ST","25th Street from Dolores Street to Church Street","3-Lump Speed Cushion","2","11","2020","2020/11/01","FY 2017-2018","App-Based","Complete","<Null>","<Null>","<Null>","LINESTRING (-122.424999224 37.750232718, -122.427277449 37.750096976)","2026/05/23 10:19:56 AM","2026/05/23 10:48:09 AM"
"1186","32031","1451000","Noe Valley","25TH ST","8","CHURCH ST","VICKSBURG ST","25th Street from Church Street to Vicksburg Street","3-Lump Speed Cushion","1","2","2021","2021/02/01","FY 2017-2018","App-Based","Complete","<Null>","<Null>","<Null>","LINESTRING (-122.427277449 37.750096976, -122.428389179 37.750030719)","2026/05/23 10:19:56 AM","2026/05/23 10:48:09 AM"
"1187","32032","1452000","Noe Valley","25TH ST","8","VICKSBURG ST","SANCHEZ ST","25th Street from Vicksburg Street to Sanchez Street","3-Lump Speed Cushion","1","2","2021","2021/02/01","FY 2017-2018","App-Based","Complete","<Null>","<Null>","<Null>","LINESTRING (-122.428389179 37.750030719, -122.429500086 37.749964502)","2026/05/23 10:19:56 AM","2026/05/23 10:48:09 AM"
"1188","32033","1453000","Noe Valley","25TH ST","8","SANCHEZ ST","NOE ST","25th Street from Sanchez Street to Noe Street","3-Lump Speed Cushion","2","11","2020","2020/11/01","FY 2017-2018","App-Based","Complete","<Null>","<Null>","<Null>","LINESTRING (-122.429500086 37.749964502, -122.431716932 37.749829779)","2026/05/23 10:19:56 AM","2026/05/23 10:48:09 AM"
"1189","32035","1455000","Noe Valley","25TH ST","8","CASTRO ST","DIAMOnd ST","25th Street from Castro Street to Diamond Street","Speed Hump","1","7","2015","2015/07/01","FY 2011-2012","Site Specific","Complete","<Null>","<Null>","<Null>","LINESTRING (-122.433929087 37.749695808, -122.436137697 37.749562027)","2026/05/23 10:19:56 AM","2026/05/23 10:48:09 AM"
"1192","32876","664000","Duboce Triangle","15TH ST","8","SANCHEZ ST","NOE ST","15th Street from Sanchez Street to Noe Street","Speed Hump","2","6","2020","2020/06/01","FY 2017-2018","App-Based","Complete","<Null>","<Null>","<Null>","LINESTRING (-122.431037779 37.76599633, -122.433255473 37.765861628)","2026/05/23 10:19:56 AM","2026/05/23 10:48:09 AM"
"1193","32064","1392000","Parkside","25TH AVE","4","ULLOA ST","VICENTE ST","25th Avenue from Ulloa Street to Vicente Street","Speed Hump","2","3","2021","2021/03/01","FY 2017-2018","App-Based","Complete","<Null>","<Null>","<Null>","LINESTRING (-122.481989436 37.7409001, -122.481858739 37.739041547)","2026/05/23 10:19:56 AM","2026/05/23 10:48:09 AM"
"1194","32079","1406000","Central Waterfront","25TH ST","10","MINNESOTA ST","TENNESSEE ST","25th Street from Minnesota Street to Tennessee Street","3-Lump Speed Cushion","1","03","2026","2026/03/01","FY 2021-2022","App-Based","Complete",,,,"LINESTRING (-122.388753181 37.752777808, -122.389729645 37.752720741)","2026/05/23 10:19:56 AM","2026/05/23 10:48:09 AM"
"1197","32085","1412000","Potrero Hill","25TH ST","10","CONNECTICUT ST","DAKOTA ST","25th Street from Connecticut Street to Dakota Street","4-Lump Speed Cushion","1","4","2022","2022/04/01","<Null>","Misc Traffic Calming","Complete","<Null>","<Null>","<Null>","LINESTRING (-122.394586978 37.752426801, -122.395547772 37.752368868)","2026/05/23 10:19:56 AM","2026/05/23 10:48:09 AM"
"1199","32877","665000","Duboce Triangle","15TH ST","8","NOE ST","CASTRO ST","15th Street from Noe Street to Castro Street","Speed Hump","2","12","2019","2019/12/01","FY 2017-2018","App-Based","Complete","<Null>","<Null>","<Null>","LINESTRING (-122.433255473 37.765861628, -122.435471953 37.765727473)","2026/05/23 10:19:56 AM","2026/05/23 10:48:09 AM"
"1200","32879","667000","Corona Heights","15TH ST","8","BEAVER ST","BUENA VISTA Terrace","15th Street from Beaver Street to Buena Vista Terrace","Speed Hump","2","5","2022","2022/05/01","FY 2019-2020","App-Based","Complete","<Null>","<Null>","<Null>","LINESTRING (-122.437066586 37.765859865, -122.438555365 37.766297387)","2026/05/23 10:19:56 AM","2026/05/23 10:48:09 AM"
"1201","32885","673000","Inner Richmond","16TH AVE","1","ANZA ST","GEARY BLVD","16th Avenue from Anza Street to Geary Boulevard","3-Lump Speed Cushion","2","11","2025","2025/11/01","FY 2021-2022","App-Based","Complete",,,,"LINESTRING (-122.475083581 37.780528534, -122.474956162 37.778602202)","2026/05/23 10:19:56 AM","2026/05/23 10:48:09 AM"
"1202","32886","674000","Inner Richmond","16TH AVE","1","ANZA ST","BALBOA ST","16th Avenue from Anza Street to Balboa Street","<Null>","<Null>","<Null>","<Null>",,"FY 2022-2023","App-Based","Pending design review and approval","Jul - Dec 2024","Pending construction","Jan - Jul 2025","LINESTRING (-122.474956162 37.778602202, -122.474821294 37.776741573)","2026/05/23 10:19:56 AM","2026/05/23 10:48:09 AM"
"1203","32888","676000","Inner Richmond","16TH AVE","1","CABRILLO ST","BALBOA ST","16th Avenue from Cabrillo Street to Balboa Street","Speed Hump","2","7","2020","2020/07/01","<Null>","Central Richmond Traffic Safety Project","Complete","<Null>","<Null>","<Null>","LINESTRING (-122.474686114 37.774876573, -122.474550909 37.773011134)","2026/05/23 10:19:56 AM","2026/05/23 10:48:09 AM"
"1204","32902","601000","Corona Heights","14TH ST","8","CASTRO ST","DIVISADERO ST","14th Street from Castro Street to Divisadero Street","5-Lump Speed Cushion","1","4","2022","2022/04/01","FY 2019-2020","App-Based","Complete","<Null>","<Null>","<Null>","LINESTRING (-122.435624141 37.76732796, -122.436478247 37.767274663)","2026/05/23 10:19:56 AM","2026/05/23 10:48:09 AM"
"1205","32903","602000","Corona Heights","14TH ST","8","APLINE TERR /ROOSEVELT WAY","DIVISADERO ST","14th Street from Apline Terrace/Roosevelt Way to Divisadero Street","5-Lump Speed Cushion","1","4","2022","2022/04/01","FY 2019-2020","App-Based","Complete","<Null>","<Null>","<Null>","LINESTRING (-122.436478247 37.767274663, -122.4369804 37.767244349, -122.437298994 37.76722193)","2026/05/23 10:19:56 AM","2026/05/23 10:48:09 AM"
"1207","32908","607000","Central Richmond","15TH AVE","1","CLEMENT ST","TACOMA ST","15th Avenue from Clement Street to Tacoma Street","Speed Hump","1","6","2015","2015/06/01","Site Specific Blitz","Site Specific Backlog","Complete","<Null>","<Null>","<Null>","LINESTRING (-122.474110594 37.782509078, -122.474064677 37.781816681)","2026/05/23 10:19:56 AM","2026/05/23 10:48:09 AM"
"1208","32909","608000","Central Richmond","15TH AVE","1","TACOMA ST","GEARY BLVD","15th Avenue from Tacoma Street to Geary Boulevard","Speed Hump","1","6","2015","2015/06/01","Site Specific Blitz","Site Specific Backlog","Complete","<Null>","<Null>","<Null>","LINESTRING (-122.474064677 37.781816681, -122.47398247 37.780575382)","2026/05/23 10:19:56 AM","2026/05/23 10:48:09 AM"
"1209","32910","609000","Inner Richmond","15TH AVE","1","GEARY BLVD","ANZA ST","15th Avenue from Geary Boulevard to Anza Street","3-Lump Speed Cushion","2","2","2023","2023/02/01","FY 2017-2018","App-Based","Complete","<Null>","<Null>","<Null>","LINESTRING (-122.47398247 37.780575382, -122.473832931 37.778652999)","2026/05/23 10:19:56 AM","2026/05/23 10:48:09 AM"
"1210","32911","610000","Inner Richmond","15TH AVE","1","ANZA ST","BALBOA ST","15th Avenue from Anza Street to Balboa Street","Speed Hump","2","6","2017","2017/06/01","FY 2015-2016","App-Based","Complete","<Null>","<Null>","<Null>","LINESTRING (-122.473832931 37.778652999, -122.473698123 37.77679272)","2026/05/23 10:19:56 AM","2026/05/23 10:48:09 AM"
"1211","32913","612000","Inner Richmond","15TH AVE","1","CABRILLO ST","FULTON ST","15th Avenue from Cabrillo Street to Fulton Street","3-Lump Speed Cushion","2","11","2025","2025/11/01","FY 2021-2022","App-Based","Complete",,,,"LINESTRING (-122.473562984 37.774927775, -122.473427836 37.773062613)","2026/05/23 10:19:56 AM","2026/05/23 10:48:09 AM"
"1213","32931","626000","Golden Gate Heights","15TH AVE","7","RIVERA ST","SANTIAGO ST","15th Avenue from Rivera Street to Santiago Street","Speed Hump","2","9","2023","2023/09/01","FY 2020-2021","App-Based","Complete",,,"<Null>","LINESTRING (-122.471319117 37.746984219, -122.471306306 37.746849042, -122.471276391 37.746180168, -122.471311514 37.745782772, -122.471405376 37.745273835, -122.471488599 37.745109106)","2026/05/23 10:19:56 AM","2026/05/23 10:48:09 AM"
"1214",,"629000","West Portal","15TH AVE","7","ULLOA ST","VICENTE ST","15th Avenue from Ulloa Street to Vicente Street","3-Lump Speed Cushion","1","9","2023","2023/09/01","FY 2020-2021","App-Based","Complete",,,"<Null>","LINESTRING (-122.471225941 37.741383107, -122.471094272 37.739515149)","2026/05/23 10:19:56 AM","2026/05/23 10:48:09 AM"
"1216","32942","558000","Inner Richmond","14TH AVE","1","BALBOA ST","CABRILLO ST","14th Avenue from Balboa Street to Cabrillo Street","Speed Hump","2","6","2018","2018/06/01",,"Restoration After Paving (2807J)","Complete","<Null>","<Null>","<Null>","LINESTRING (-122.472571671 37.776844009, -122.472434502 37.774979211)","2026/05/23 10:19:56 AM","2026/05/23 10:48:09 AM"
"1217","32952","565000","Golden Gate Heights","14TH AVE","7","NORIEGA ST","ORTEGA ST","14th Avenue from Noriega Street to Ortega Street","Speed Table","1","4","2023","2023/04/01","FY 2014-2015","App-Based","Complete","<Null>","<Null>","<Null>","LINESTRING (-122.471167538 37.755098949, -122.471016759 37.754797171)","2026/05/23 10:19:56 AM","2026/05/23 10:48:09 AM"
"1218","32954","567000","Golden Gate Heights","14TH AVE","7","MOUNT LN","ORTEGA WAY \ PACHECO ST","14th Avenue from Mount Lane  to Ortega Way \ Pacheco Street","Speed Hump","1","3","2016","2016/03/01","FY 2013-2014","App-Based","Complete","<Null>","<Null>","<Null>","LINESTRING (-122.471019322 37.754265618, -122.471016496 37.754217123, -122.471036499 37.754100285, -122.471079638 37.753995444, -122.471132268 37.75387743, -122.471171093 37.753733617, -122.47119066 37.753605743, -122.471187692 37.753493866, -122.471174198 37.753356134, -122.471122147 37.753216026, -122.470907529 37.752615836)","2026/05/23 10:19:56 AM","2026/05/23 10:48:09 AM"
"1219","32963","571000","Golden Gate Heights","14TH AVE","7","RIVERA ST","SANTIAGO ST","14th Avenue from Rivera Street to Santiago Street","Speed Table","1","<Null>","<Null>",,"FY 2019-2020","Schools Engineering Loading Zone TC","Pending construction",,"Completion",,"LINESTRING (-122.470511788 37.747019817, -122.470486231 37.746901699, -122.4703653 37.745158994)","2026/05/23 10:19:56 AM","2026/05/23 10:48:09 AM"
"1220","32964","572000","Golden Gate Heights","14TH AVE","7","SANTIAGO ST","TARAVAL ST","14th Avenue from Santiago Street to Taraval Street","5-Lump Speed Cushion","2","7","2015","2015/07/01",,"Site Specific Backlog","Complete","<Null>","<Null>","<Null>","LINESTRING (-122.4703653 37.745158994, -122.470234915 37.743289169)","2026/05/23 10:19:56 AM","2026/05/23 10:48:09 AM"
"1221","32965","573000","West Portal","14TH AVE","7","TARAVAL ST","ULLOA ST","14th Avenue from Taraval Street to Ulloa Street","5-Lump Speed Cushion","2","3","2021","2021/03/01","FY 2017-2018","App-Based","Complete","<Null>","<Null>","<Null>","LINESTRING (-122.470234915 37.743289169, -122.470104939 37.741425112)","2026/05/23 10:19:56 AM","2026/05/23 10:48:09 AM"
"1222","32966","574000","West Portal","14TH AVE","7","ULLOA ST","VICENTE ST","14th Avenue from Ulloa Street to Vicente Street","3-Lump Speed Cushion","2","9","2023","2023/09/01","FY 2020-2021","App-Based","Complete",,,,"LINESTRING (-122.470104939 37.741425112, -122.469975198 37.739564328)","2026/05/23 10:19:56 AM","2026/05/23 10:48:09 AM"
"1223","32146","1381000","Outer Sunset","25TH AVE","4","IRVING ST","LINCOLN WAY","25th Avenue from Irving Street to Lincoln Way","3-Lump Speed Cushion","2","02","2026","2026/02/01","FY 2021-2022","App-Based","Complete",,,,"LINESTRING (-122.483685437 37.765160177, -122.483553558 37.763278628)","2026/05/23 10:19:56 AM","2026/05/23 10:48:09 AM"
"1224","32149","1291000","Lake","24TH AVE","1","LAKE ST","CALIFORNIA ST","24th Avenue from Lake Street to California Street","Speed Hump","2","7","2020","2020/07/01","<Null>","Central Richmond Traffic Safety Project","Complete","<Null>","<Null>","<Null>","LINESTRING (-122.484079805 37.78579453, -122.483936155 37.783930868)","2026/05/23 10:19:56 AM","2026/05/23 10:48:09 AM"
"1225","32152","1294000","Outer Richmond","24TH AVE","1","GEARY BLVD","ANZA ST","24th Avenue from Geary Boulevard to Anza Street","Speed Hump","2","3","2021","2021/03/01","FY 2017-2018","App-Based","Complete","<Null>","<Null>","<Null>","LINESTRING (-122.48366195 37.780143061, -122.483525398 37.778214306)","2026/05/23 10:19:56 AM","2026/05/23 10:48:09 AM"
"1226","32155","1297000","Outer Richmond","24TH AVE","1","CABRILLO ST","FULTON ST","24th Avenue from Cabrillo Street to Fulton Street","3-Lump Speed Cushion","2","11","2025","2025/11/01","FY 2021-2022","App-Based","Complete",,,,"LINESTRING (-122.483254696 37.774485588, -122.483119122 37.772618025)","2026/05/23 10:19:56 AM","2026/05/23 10:48:09 AM"
"1227","32160","1302000","Outer Sunset","24TH AVE","4","LAWTON ST","MORAGA ST","24th Avenue from Lawton Street to Moraga Street","3-Lump Speed Cushion","2","02","2026","2026/02/01","FY 2021-2022","App-Based","Complete",,,,"LINESTRING (-122.482090512 37.757731016, -122.481960251 37.755871792)","2026/05/23 10:19:56 AM","2026/05/23 10:48:09 AM"
"1228","32987","520000","Inner Richmond","12TH AVE","1","LAKE ST","CALIFORNIA ST","12th Avenue from Lake Street to California Street","Speed Hump","2","3","2017","2017/03/01","FY 2015-2016","App-Based","Complete","<Null>","<Null>","<Null>","LINESTRING (-122.471114604 37.786387243, -122.470981486 37.784524479)","2026/05/23 10:19:56 AM","2026/05/23 10:48:09 AM"
"1229","32991","524000","Inner Richmond","12TH AVE","1","ANZA ST","BALBOA ST","12th Avenue from Anza Street to Balboa Street","3-Lump Speed Cushion","2","7","2020","2020/07/01","FY 2017-2018","App-Based","Complete","<Null>","<Null>","<Null>","LINESTRING (-122.470567617 37.778800611, -122.470432966 37.776941471)","2026/05/23 10:19:56 AM","2026/05/23 10:48:09 AM"
"1230","32992","525000","Inner Richmond","12TH AVE","1","BALBOA ST","CABRILLO ST","12th Avenue from Balboa Street to Cabrillo Street","Speed Hump","2","5","2019","2019/05/01",,"D1 CRT","Complete","<Null>","<Null>","<Null>","LINESTRING (-122.470432966 37.776941471, -122.470297903 37.775076565)","2026/05/23 10:19:56 AM","2026/05/23 10:48:09 AM"
"1231","32993","526000","Inner Richmond","12TH AVE","1","CABRILLO ST","FULTON ST","12th Avenue from Cabrillo Street to Fulton Street","5-Lump Speed Cushion","2","6","2016","2016/06/01","FY 2014-2015","App-Based","Complete","<Null>","<Null>","<Null>","LINESTRING (-122.470297903 37.775076565, -122.470162693 37.77320951)","2026/05/23 10:19:56 AM","2026/05/23 10:48:09 AM"
"1232","32994","527000","Inner Sunset","12TH AVE","7","IRVING ST","LINCOLN WY","12th Avenue from Irving Street to Lincoln Way","3-Lump Speed Cushion","2","3","2022","2022/03/01","FY 2019-2020","App-Based","Complete","<Null>","<Null>","<Null>","LINESTRING (-122.469653849 37.765782671, -122.469521964 37.763895944)","2026/05/23 10:19:56 AM","2026/05/23 10:48:09 AM"
"1233","32995","528000","Inner Sunset","12TH AVE","7","IRVING ST","JUDAH ST","12th Avenue from Irving Street to Judah Street","3-Lump Speed Cushion","2","12","2022","2022/12/01","FY 2018-2019","App-Based","Complete","<Null>","<Null>","<Null>","LINESTRING (-122.469521964 37.763895944, -122.469391826 37.762034108)","2026/05/23 10:19:56 AM","2026/05/23 10:48:09 AM"
"1234","32996","529000","Inner Sunset","12TH AVE","7","JUDAH ST","KIRKHAM ST","12th Avenue from Judah Street to Kirkham Street","3-Lump Speed Cushion","2","3","2022","2022/03/01","FY 2019-2020","App-Based","Complete","<Null>","<Null>","<Null>","LINESTRING (-122.469391826 37.762034108, -122.469263156 37.760170586)","2026/05/23 10:19:56 AM","2026/05/23 10:48:09 AM"
"1235","33000","533000","Golden Gate Heights","12TH AVE","7","FUNSTON AVE","PACHECO ST","12th Avenue from Funston Avenue to Pacheco Street","Speed Hump","2","2","2022","2022/02/01","FY 2018-2019","App-Based","Complete","<Null>","<Null>","<Null>","LINESTRING (-122.468726375 37.752205635, -122.468863273 37.752116461, -122.468813171 37.751909663, -122.468787526 37.751710301, -122.468817467 37.75151295, -122.468877431 37.75123138, -122.468976369 37.751016494, -122.469013634 37.75079748)","2026/05/23 10:19:56 AM","2026/05/23 10:48:09 AM"
"1236","33006","539000","Forest  Hill","12TH AVE","7","MAGELLAN AVE","TARAVAL ST","12th Avenue from Magellan Avenue to Taraval Street","Speed Hump","1","3","2021","2021/03/01","FY 2019-2020","D7 Participatory Budgeting","Complete","<Null>","<Null>","<Null>","LINESTRING (-122.468133221 37.744123773, -122.468073291 37.743383946)","2026/05/23 10:19:56 AM","2026/05/23 10:48:09 AM"
"1237","33028","468000","Inner Richmond","10TH AVE","1","CABRILLO ST","FULTON ST","10th Avenue from Cabrillo Street to Fulton Street","3-Lump Speed Cushion","2","7","2023","2023/07/01","FY 2020-2021","App-Based","Complete",,,"<Null>","LINESTRING (-122.468158438 37.775174011, -122.468023917 37.773303833)","2026/05/23 10:19:56 AM","2026/05/23 10:48:09 AM"
"1238","33030","470000","Inner Sunset","10TH AVE","7","LINCOLN WAY","IRVING ST","10th Avenue from Lincoln Way to Irving Street","Speed Hump","2","5","2016","2016/05/01","FY 2014-2015","App-Based","Complete","<Null>","<Null>","<Null>","LINESTRING (-122.467515106 37.765877246, -122.467383231 37.763989888)","2026/05/23 10:19:56 AM","2026/05/23 10:48:09 AM"
"1239","32216","1265000","Mission District","23RD ST","9","BARTLETT ST","MISSION ST","23rd Street from Bartlett Street to Mission Street","Speed Table","2","12","2025","2025/12/01","FY 2021-2022","App-Based","Complete",,,,"LINESTRING (-122.418593945 37.753836588, -122.419705448 37.753769701)","2026/05/23 10:19:56 AM","2026/05/23 10:48:09 AM"
"1240","32220","1269000","Dolores Heights","23RD ST","8","FAIR OAKS ST","GUERRERO ST","23rd Street from Fair Oaks Street to Guerrero Street","Speed Table","1","<Null>","<Null>",,"FY 2021-2022","App-Based","Pending design review and approval","TBD","Pending construction","TBD","LINESTRING (-122.423028463 37.753569181, -122.423600756 37.753535031)","2026/05/23 10:19:56 AM","2026/05/23 10:48:09 AM"
"1241","32221","1270000","Dolores Heights","23RD ST","8","FAIR OAKS ST","GUERRERO ST","23rd Street from Fair Oaks Street to Guerrero Street","Speed Table","1","<Null>","<Null>",,"FY 2021-2022","App-Based","Pending design review and approval","TBD","Pending construction","TBD","LINESTRING (-122.423600756 37.753535031, -122.424136235 37.753503075)","2026/05/23 10:19:56 AM","2026/05/23 10:48:09 AM"
"1242","32222","1271000","Dolores Heights","23RD ST","8","DOLORES ST","FAIR OAKS ST","23rd Street from Dolores Street to Fair Oaks Street","Speed Table","1","<Null>","<Null>",,"FY 2021-2022","App-Based","Pending construction","TBD","Completion","TBD","LINESTRING (-122.424136235 37.753503075, -122.424667497 37.753470517)","2026/05/23 10:19:56 AM","2026/05/23 10:48:09 AM"
"1243","32223","1272000","Dolores Heights","23RD ST","8","DOLORES ST","FAIR OAKS ST","23rd Street from Dolores Street to Fair Oaks Street","Speed Table","1","<Null>","<Null>",,"FY 2021-2022","App-Based","Pending construction","TBD","Completion","TBD","LINESTRING (-122.424667497 37.753470517, -122.425302616 37.753431591)","2026/05/23 10:19:56 AM","2026/05/23 10:48:09 AM"
"1246","32232","1281000","Noe Valley","23RD ST","8","NOE ST","SANCHEZ ST","23rd Street from Noe Street to Sanchez Street","3-Lump Speed Cushion","2","4","2022","2022/04/01","FY 2019-2020","App-Based","Complete","<Null>","<Null>","<Null>","LINESTRING (-122.429807778 37.753158475, -122.432023554 37.753024912)","2026/05/23 10:19:56 AM","2026/05/23 10:48:09 AM"
"1247","32233","1282000","Noe Valley","23RD ST","8","CASTRO ST","NOE ST","23rd Street from Castro Street to Noe Street","3-Lump Speed Cushion","2","9","2023","2023/09/01","FY 2020-2021","App-Based","Complete",,,"<Null>","LINESTRING (-122.432023554 37.753024912, -122.434239757 37.752891283)","2026/05/23 10:19:56 AM","2026/05/23 10:48:09 AM"
"1248","32234","1283000","Noe Valley","23RD ST","8","CASTRO ST","DIAMOnd ST","23rd Street from Castro Street to Diamond Street","5-Lump Speed Cushion","2","2","2021","2021/02/01","FY 2018-2019","App-Based","Complete","<Null>","<Null>","<Null>","LINESTRING (-122.434239757 37.752891283, -122.436454266 37.752759573)","2026/05/23 10:19:56 AM","2026/05/23 10:48:09 AM"
"1249","32237","1286000","Noe Valley","23RD ST","8","DOUGLASS ST","HOFFMAN ST","23rd Street from Douglass Street to Hoffman Street","3-Lump Speed Cushion","2","03","2026","2026/03/01","FY 2021-2022","App-Based","Complete",,,,"LINESTRING (-122.438627761 37.75262871, -122.440773511 37.752498262)","2026/05/23 10:19:56 AM","2026/05/23 10:48:09 AM"
"1250","32242","1198000","Dolores Heights","22ND ST","8","QUANE ST","DOLORES ST","22nd Street from Quane Street to Dolores Street","Speed Hump","1","<Null>","<Null>",,"FY 2018-2019","App-Based","Complete","<Null>","<Null>","<Null>","LINESTRING (-122.424822692 37.755074983, -122.42545718 37.755029079)","2026/05/23 10:19:56 AM","2026/05/23 10:48:09 AM"
"1251","32243","1199000","Dolores Heights","22ND ST","8","DOLORES ST","CHATTANOOGA ST","22nd Street from Dolores Street to Chattanooga Street","Speed Hump","1","9","2023","2023/09/01","FY 2020-2021","App-Based","Complete",,,"<Null>","LINESTRING (-122.42545718 37.755029079, -122.426634008 37.754962268)","2026/05/23 10:19:56 AM","2026/05/23 10:48:09 AM"
"1252","32247","1203000","Dolores Heights","22ND ST","8","SANCHEZ ST","NOE ST","22nd Street from Sanchez Street to Noe Street","Speed Hump","2","6","2017","2017/06/01","FY 2015-2016","App-Based","Complete","<Null>","<Null>","<Null>","LINESTRING (-122.429961675 37.754761231, -122.43217749 37.754627666)","2026/05/23 10:19:56 AM","2026/05/23 10:48:09 AM"
"1253","32248","1204000","Eureka Valley","22ND ST","8","NOE ST","CASTRO ST","22nd Street from Noe Street to Castro Street","Speed Hump","2","6","2017","2017/06/01","FY 2015-2016","App-Based","Complete","<Null>","<Null>","<Null>","LINESTRING (-122.43217749 37.754627666, -122.434394136 37.75449401)","2026/05/23 10:19:56 AM","2026/05/23 10:48:09 AM"
"1254","33031","471000","Inner Sunset","10TH AVE","7","IRVING ST","JUDAH ST","10th Avenue from Irving Street to Judah Street","Speed Hump","2","3","2022","2022/03/01","FY 2019-2020","App-Based","Complete","<Null>","<Null>","<Null>","LINESTRING (-122.467383231 37.763989888, -122.467253141 37.762127979)","2026/05/23 10:19:56 AM","2026/05/23 10:48:09 AM"
"1255","33032","472000","Inner Sunset","10TH AVE","7","JUDAH ST","KIRKHAM ST","10th Avenue from Judah Street to Kirkham Street","Speed Hump","2","2","2022","2022/02/01","FY 2018-2019","App-Based","Complete","<Null>","<Null>","<Null>","LINESTRING (-122.467253141 37.762127979, -122.46712169 37.760264561)","2026/05/23 10:19:56 AM","2026/05/23 10:48:09 AM"
"1256","33033","473000","Inner Sunset","10TH AVE","7","KIRKHAM ST","LAWTON ST","10th Avenue from Kirkham Street to Lawton Street","Speed Hump","2","2","2021","2021/02/01","FY 2017-2018","App-Based","Complete","<Null>","<Null>","<Null>","LINESTRING (-122.46712169 37.760264561, -122.466992604 37.758397637)","2026/05/23 10:19:56 AM","2026/05/23 10:48:09 AM"
"1257","33034","474000","Golden Gate Heights","10TH AVE","7","LAWTON ST","MORAGA ST","10th Avenue from Lawton Street to Moraga Street","Speed Hump","2","2","2022","2022/02/01","FY 2018-2019","App-Based","Complete","<Null>","<Null>","<Null>","LINESTRING (-122.466992604 37.758397637, -122.466862335 37.756533999)","2026/05/23 10:19:56 AM","2026/05/23 10:48:09 AM"
"1258","33035","475000","Golden Gate Heights","10TH AVE","7","MORAGA ST","NORIEGA ST","10th Avenue from Moraga Street to Noriega Street","Speed Hump","2","3","2022","2022/03/01","FY 2019-2020","App-Based","Complete","<Null>","<Null>","<Null>","LINESTRING (-122.466862335 37.756533999, -122.466729899 37.754667923)","2026/05/23 10:19:56 AM","2026/05/23 10:48:09 AM"
"1259","33037","477000","Golden Gate Heights","10TH AVE","7","ORTEGA ST","PACHECO ST","10th Avenue from Ortega Street to Pacheco Street","5-Lump Speed Cushion","2","<Null>","<Null>",,"FY 2021-2022","App-Based","Pending construction","TBD","Completion","TBD","LINESTRING (-122.466600499 37.752803078, -122.466468875 37.750939436)","2026/05/23 10:19:56 AM","2026/05/23 10:48:09 AM"
"1260","33038","478000","Golden Gate Heights","10TH AVE","7","PACHECO ST","QUINTARA ST","10th Avenue from Pacheco Street to Quintara Street","5-Lump Speed Cushion","2","<Null>","<Null>",,"FY 2021-2022","App-Based","Pending construction","TBD","Completion","TBD","LINESTRING (-122.466468875 37.750939436, -122.466336397 37.749074631)","2026/05/23 10:19:56 AM","2026/05/23 10:48:09 AM"
"1262","33056","496000","Inner Richmond","11TH AVE","1","ANZA ST","GEARY BLVD","11th Avenue from Anza Street to Geary Boulevard","3-Lump Speed Cushion","2","11","2025","2025/11/01","FY 2021-2022","App-Based","Complete",,,,"LINESTRING (-122.469627031 37.780768739, -122.4694947 37.778849094)","2026/05/23 10:19:56 AM","2026/05/23 10:48:09 AM"
"1263","33059","499000","Inner Richmond","11TH AVE","1","CABRILLO ST","FULTON ST","11th Avenue from Cabrillo Street to Fulton Street","3-Lump Speed Cushion","2","1","2022","2022/01/01","FY 2019-2020","App-Based","Complete","<Null>","<Null>","<Null>","LINESTRING (-122.469226882 37.775125351, -122.469092496 37.773256712)","2026/05/23 10:19:56 AM","2026/05/23 10:48:09 AM"
"1264","33061","501000","Inner Sunset","11TH AVE","7","IRVING ST","JUDAH ST","11th Avenue from Irving Street to Judah Street","<Null>","<Null>","<Null>","<Null>",,"FY 2022-2023","App-Based","Pending design review and approval","Jul - Dec 2024","Pending construction","Jan - Jul 2025","LINESTRING (-122.468451119 37.763942986, -122.468321005 37.762081113)","2026/05/23 10:19:56 AM","2026/05/23 10:48:09 AM"
"1265","33074","424000","Inner Richmond","09TH AVE","1","CALIFORNIA ST","CLEMENT ST","9th Avenue from California Street to Clement Street","Speed Hump","2","1","2020","2020/01/01",,"8th Ave Neighborway","Complete","<Null>","<Null>","<Null>","LINESTRING (-122.467764265 37.784668629, -122.4676291 37.78280225)","2026/05/23 10:19:56 AM","2026/05/23 10:48:09 AM"
"1266","33076","426000","Inner Richmond","09TH AVE","1","GEARY Boulevard","ANZA ST","9th Avenue from Geary Boulevard to Anza Street","Speed Hump","2","1","2020","2020/01/01",,"8th Ave Neighborway","Complete","<Null>","<Null>","<Null>","LINESTRING (-122.467487653 37.780879715, -122.46735401 37.778945797)","2026/05/23 10:19:56 AM","2026/05/23 10:48:09 AM"
"1267","33079","429000","Inner Richmond","09TH AVE","1","CABRILLO ST","FULTON ST","9th Avenue from Cabrillo Street to Fulton Street","<Null>","<Null>","<Null>","<Null>",,"FY 2022-2023","App-Based","Pending design review and approval","Jul - Dec 2024","Pending construction","Jan - Jul 2025","LINESTRING (-122.467086295 37.775222829, -122.46695171 37.773351105)","2026/05/23 10:19:56 AM","2026/05/23 10:48:09 AM"
"1268","33083","433000","Inner Sunset","09TH AVE","7","JUDAH ST","KIRKHAM ST","9th Avenue from Judah Street to Kirkham Street","5-Lump Speed Cushion","2","8","2023","2023/08/01","FY 2020-2021","App-Based","Complete",,,"<Null>","LINESTRING (-122.466180556 37.762175042, -122.466050388 37.760311559)","2026/05/23 10:19:56 AM","2026/05/23 10:48:09 AM"
"1269","32256","1212000","Central Richmond","23RD AVE","1","CALIFORNIA ST","CLEMENT ST","23rd Avenue from California Street to Clement Street","Speed Hump","1","6","2016","2016/06/01","FY 2014-2015","App-Based","Complete","<Null>","<Null>","<Null>","LINESTRING (-122.482870048 37.783979268, -122.482735197 37.782121759)","2026/05/23 10:19:56 AM","2026/05/23 10:48:09 AM"
"1270","32257","1213000","Outer Richmond","23RD AVE","1","CLEMENT ST","GEARY BLVD","23rd Avenue from Clement Street to Geary Boulevard","Speed Hump","2","7","2020","2020/07/01","<Null>","Central Richmond Traffic Safety Project","Complete","<Null>","<Null>","<Null>","LINESTRING (-122.482735197 37.782121759, -122.482591529 37.780189471)","2026/05/23 10:19:56 AM","2026/05/23 10:48:09 AM"
"1274","32289","1151000","Parkside","22ND AVE","4","TARAVAL ST","ULLOA ST","22nd Avenue from Taraval Street to Ulloa Street","3-Lump Speed Cushion","2","7","2023","2023/07/01","FY 2020-2021","App-Based","Complete",,,"<Null>","LINESTRING (-122.478904794 37.742908638, -122.478774378 37.741042981)","2026/05/23 10:19:56 AM","2026/05/23 10:48:09 AM"
"1275","32290","1152000","Parkside","22ND AVE","4","ULLOA ST","VICENTE ST","22nd Avenue from Ulloa Street to Vicente Street","Speed Hump","2","6","2018","2018/06/01",,,"Complete","<Null>","<Null>","<Null>","LINESTRING (-122.478774378 37.741042981, -122.478644369 37.739183074)","2026/05/23 10:19:56 AM","2026/05/23 10:48:09 AM"
"1276","33086","436000","Inner Sunset","09TH AVE","7","MORAGA ST","NORIEGA ST","9th Avenue from Moraga Street to Noriega Street","5-Lump Speed Cushion","2","0","0","1900/01/01",,"Dewey Area TC","Complete","<Null>","<Null>","<Null>","LINESTRING (-122.465789889 37.756581925, -122.465662093 37.754709281)","2026/05/23 10:19:56 AM","2026/05/23 10:48:09 AM"
"1277","33088","438000","Golden Gate Heights","09TH AVE","7","ORTEGA ST","PACHECO ST","9th Avenue from Ortega Street to Pacheco Street","Speed Hump","2","0","2014","2014/01/01","FY 2011-2012","Early Implementation","Complete","<Null>","<Null>","<Null>","LINESTRING (-122.465533178 37.752851072, -122.46540341 37.750986309)","2026/05/23 10:19:56 AM","2026/05/23 10:48:09 AM"
"1279","33118","464000","Inner Richmond","10TH AVE","1","CLEMENT ST","GEARY BLVD","10th Avenue from Clement Street to Geary Boulevard","Speed Hump","2","12","2017","2017/12/01","FY 2013-2014","App-Based","Complete","<Null>","<Null>","<Null>","LINESTRING (-122.468704481 37.782750917, -122.468563873 37.780822032)","2026/05/23 10:19:56 AM","2026/05/23 10:48:09 AM"
"1280","33128","387000","Lake","08TH AVE","1","LAKE ST","CALIFORNIA ST","8th Avenue from Lake Street to California Street","Speed Hump","2","2","2020","2020/02/01",,"8th Ave Neighborway","Complete","<Null>","<Null>","<Null>","LINESTRING (-122.466830335 37.786568136, -122.466694443 37.784715523)","2026/05/23 10:19:56 AM","2026/05/23 10:48:09 AM"
"1281","33129","388000","Inner Richmond","08TH AVE","1","CALIFORNIA ST","CLEMENT ST","8th Avenue from California Street to Clement Street","5-Lump Speed Cushion","2","2","2020","2020/02/01",,"8th Ave Neighborway","Complete","<Null>","<Null>","<Null>","LINESTRING (-122.466694443 37.784715523, -122.466562652 37.782849408)","2026/05/23 10:19:56 AM","2026/05/23 10:48:09 AM"
"1282","33130","389000","Inner Richmond","08TH AVE","1","CLEMENT ST","GEARY BLVD","8th Avenue from Clement Street to Geary Boulevard","3-Lump Speed Cushion","2","2","2023","2023/02/01",,"8th Ave Neighborway","Complete","<Null>","<Null>","<Null>","LINESTRING (-122.466562652 37.782849408, -122.466426903 37.780924588)","2026/05/23 10:19:56 AM","2026/05/23 10:48:09 AM"
"1283","33131","390000","Inner Richmond","08TH AVE","1","GEARY Boulevard","ANZA ST","8th Avenue from Geary Boulevard to Anza Street","Speed Hump","2","2","2020","2020/02/01",,"8th Ave Neighborway","Complete","<Null>","<Null>","<Null>","LINESTRING (-122.466426903 37.780924588, -122.4662881 37.778993933)","2026/05/23 10:19:56 AM","2026/05/23 10:48:09 AM"
"1284","33132","391000","Inner Richmond","08TH AVE","1","ANZA ST","BALBOA ST","8th Avenue from Anza Street to Balboa Street","Speed Hump","2","2","2020","2020/02/01",,"8th Ave Neighborway","Complete","<Null>","<Null>","<Null>","LINESTRING (-122.4662881 37.778993933, -122.466153676 37.777136449)","2026/05/23 10:19:56 AM","2026/05/23 10:48:09 AM"
"1285","33133","392000","Inner Richmond","08TH AVE","1","BALBOA ST","CABRILLO ST","8th Avenue from Balboa Street to Cabrillo Street","Speed Hump","2","2","2020","2020/02/01",,"8th Ave Neighborway","Complete","<Null>","<Null>","<Null>","LINESTRING (-122.466153676 37.777136449, -122.466018713 37.77527143)","2026/05/23 10:19:56 AM","2026/05/23 10:48:09 AM"
"1286","33134","393000","Inner Richmond","08TH AVE","1","CABRIILLO ST","FULTON ST","8th Avenue from Cabriillo Street to Fulton Street","5-Lump Speed Cushion","2","1","2020","2020/01/01",,"8th Ave Neighborway","Complete","<Null>","<Null>","<Null>","LINESTRING (-122.466018713 37.77527143, -122.465883163 37.773398205)","2026/05/23 10:19:56 AM","2026/05/23 10:48:09 AM"
"1287","33136","395000","Inner Sunset","08TH AVE","7","LINCOLN WAY","IRVING ST","8th Avenue from Lincoln Way to Irving Street","Speed Hump","2","5","2016","2016/05/01","FY 2014-2015","App-Based","Complete","<Null>","<Null>","<Null>","LINESTRING (-122.465376633 37.765969941, -122.465244895 37.764083778)","2026/05/23 10:19:56 AM","2026/05/23 10:48:09 AM"
"1288","32333","1195000","Dolores Heights","22ND ST","8","GUERRERO ST","AMES ST","22nd Street from Guerrero Street to Ames Street","Speed Hump","1","2","2021","2021/02/01","FY 2019-2020","App-Based","Complete","<Null>","<Null>","<Null>","LINESTRING (-122.423181 37.755169794, -122.423757188 37.75513652)","2026/05/23 10:19:56 AM","2026/05/23 10:48:09 AM"
"1289","32343","1113000","Dolores Heights","21ST ST","8, 9","VALENCIA ST","GUERRERO ST","21St Street from Valencia Street to Guerrero Street","Speed Bump","2","6","2024","2024/06/01",,,"Obsolete","<Null>","<Null>","<Null>","LINESTRING (-122.42111754 37.756902008, -122.423330606 37.756768781)","2026/05/23 10:19:56 AM","2026/05/23 10:48:09 AM"
"1290","32351","1121000","Eureka Valley - Dolores Height","21ST ST","8","SANCHEZ ST","RAYBURN ST","21St Street from Sanchez Street to Rayburn Street","Speed Hump","1","4","2008","2008/04/01","FY 2007-2008","Site Specific","Complete","<Null>","<Null>","<Null>","LINESTRING (-122.430115204 37.756360083, -122.431770266 37.756260324)","2026/05/23 10:19:56 AM","2026/05/23 10:48:09 AM"
"1291","32352","1122000","Eureka Valley - Dolores Height","21ST ST","8","RAYBURN ST","NOE ST","21St Street from Rayburn Street to Noe Street","Speed Hump","1","4","2008","2008/04/01","FY 2007-2008","Site Specific","Complete","<Null>","<Null>","<Null>","LINESTRING (-122.431770266 37.756260324, -122.432331058 37.756226516)","2026/05/23 10:19:56 AM","2026/05/23 10:48:09 AM"
"1292","32353","1123000","Eureka Valley","21ST ST","8","NOE ST","CASTRO ST","21St Street from Noe Street to Castro Street","Speed Hump","2","1","2021","2021/01/01","FY 2018-2019","App-Based","Complete","<Null>","<Null>","<Null>","LINESTRING (-122.432331058 37.756226516, -122.434546111 37.756092956)","2026/05/23 10:19:56 AM","2026/05/23 10:48:09 AM"
"1293","33139","398000","Inner Sunset","08TH AVE","7","KIRKHAM ST","LAWTON ST","8th Avenue from Kirkham Street to Lawton Street","3-Lump Speed Cushion","2","9","2019","2019/09/01","FY 2016-2017","App-Based","Complete","<Null>","<Null>","<Null>","LINESTRING (-122.464981054 37.76035846, -122.464851492 37.75849136)","2026/05/23 10:19:56 AM","2026/05/23 10:48:09 AM"
"1294","33140","399000","Golden Gate Heights","08TH AVE","7","LAWTON ST","MORAGA ST","8th Avenue from Lawton Street to Moraga Street","3-Lump Speed Cushion","2","12","2017","2017/12/01",,"Dewey Area TC","Complete","<Null>","<Null>","<Null>","LINESTRING (-122.464851492 37.75849136, -122.464720686 37.756629695)","2026/05/23 10:19:56 AM","2026/05/23 10:48:09 AM"
"1295","33141","400000","Inner Sunset","08TH AVE","7","MORAGA ST","NORIEGA ST","8th Avenue from Moraga Street to Noriega Street","Speed Hump","2","0","2014","2014/01/01","FY 2011-2012","Early Implementation","Complete","<Null>","<Null>","<Null>","LINESTRING (-122.464720686 37.756629695, -122.46459046 37.754750777)","2026/05/23 10:19:56 AM","2026/05/23 10:48:09 AM"
"1296","32363","1133000","Central Richmond","22ND AVE","1","CALIFORNIA ST","CLEMENT ST","22nd Avenue from California Street to Clement Street","Speed Hump","2","6","2016","2016/06/01","FY 2011-2012","TC Implementation","Complete","<Null>","<Null>","<Null>","LINESTRING (-122.481791172 37.784028238, -122.481659894 37.782160422)","2026/05/23 10:19:56 AM","2026/05/23 10:48:09 AM"
"1297","32382","1061000","Mission Dolores","20TH ST","8","DOLORES ST","CHURCH ST","20th Street from Dolores Street to Church Street","Speed Hump","2","6","2020","2020/06/01","FY 2016-2017","App-Based","Obsolete","<Null>","<Null>","<Null>","LINESTRING (-122.425766807 37.758226829, -122.428050186 37.758088757)","2026/05/23 10:19:56 AM","2026/05/23 10:48:09 AM"
"1298","32392","1071000","Lake","21ST AVE","1","END","LAKE ST","21St Avenue from End to Lake Street","Speed Bump","1","0","0","1900/01/01",,,"Complete","<Null>","<Null>","<Null>","LINESTRING (-122.480929707 37.786893063, -122.4808601 37.785933963)","2026/05/23 10:19:56 AM","2026/05/23 10:48:09 AM"
"1299","32399","1078000","Outer Richmond","21ST AVE","1","FULTON ST","CABRILLO ST","21st Avenue from Fulton Street to Cabrillo Street","3-Lump Speed Cushion","2","7","2023","2023/07/01","FY 2020-2021","App-Based","Complete",,,"<Null>","LINESTRING (-122.480040015 37.774632347, -122.479904581 37.772765581)","2026/05/23 10:19:56 AM","2026/05/23 10:48:09 AM"
"1301","32423","1102000","Mission District","21ST ST","9","ALABAMA ST","HARRISON ST","21st Street from Alabama Street to Harrison Street","3-Lump Speed Cushion","1","12","2025","2025/12/01","FY 2021-2022","App-Based","Complete",,,,"LINESTRING (-122.41142437 37.757484902, -122.412348041 37.757429524)","2026/05/23 10:19:56 AM","2026/05/23 10:48:09 AM"
"1302","32427","1013000","Outer Sunset","20TH AVE","4","PACHECO ST","QUINTARA ST","20th Avenue from Pacheco Street to Quintara Street","3-Lump Speed Cushion","2","3","2021","2021/03/01","<Null>","20th Ave Neighborway","Complete","<Null>","<Null>","<Null>","LINESTRING (-122.477283252 37.7504629, -122.477153596 37.74859811)","2026/05/23 10:19:56 AM","2026/05/23 10:48:09 AM"
"1303","32428","1014000","Parkside","20TH AVE","4","QUINTARA ST","RIVERA ST","20th Avenue from Quintara Street to Rivera Street","3-Lump Speed Cushion","2","3","2021","2021/03/01","<Null>","20th Ave Neighborway","Complete","<Null>","<Null>","<Null>","LINESTRING (-122.477153596 37.74859811, -122.47702389 37.746732518)","2026/05/23 10:19:56 AM","2026/05/23 10:48:09 AM"
"1304","32429","1015000","Parkside","20TH AVE","4","RIVERA ST","SANTIAGO ST","20th Avenue from Rivera Street to Santiago Street","3-Lump Speed Cushion","2","3","2021","2021/03/01","<Null>","20th Ave Neighborway","Complete","<Null>","<Null>","<Null>","LINESTRING (-122.47702389 37.746732518, -122.476895601 37.744869441)","2026/05/23 10:19:56 AM","2026/05/23 10:48:09 AM"
"1305","32430","1016000","Parkside","20TH AVE","4","SANTIAGO ST","TARAVAL ST","20th Avenue from Santiago Street to Taraval Street","3-Lump Speed Cushion","2","4","2021","2021/04/01","<Null>","20th Ave Neighborway","Complete","<Null>","<Null>","<Null>","LINESTRING (-122.476895601 37.744869441, -122.476764599 37.743002633)","2026/05/23 10:19:56 AM","2026/05/23 10:48:09 AM"
"1306","32431","1017000","Parkside","20TH AVE","4","TARAVAL ST","ULLOA ST","20th Avenue from Taraval Street to Ulloa Street","Speed Hump","1","7","2015","2015/07/01",,"Site Specific Add On","Complete","<Null>","<Null>","<Null>","LINESTRING (-122.476764599 37.743002633, -122.476630049 37.741138227)","2026/05/23 10:19:56 AM","2026/05/23 10:48:09 AM"
"1307","32432","1018000","Parkside","20TH AVE","4","ULLOA ST","VICENTE ST","20th Avenue from Ulloa Street to Vicente Street","3-Lump Speed Cushion","2","4","2021","2021/04/01","<Null>","20th Ave Neighborway","Complete","<Null>","<Null>","<Null>","LINESTRING (-122.476630049 37.741138227, -122.476485969 37.739277342)","2026/05/23 10:19:56 AM","2026/05/23 10:48:09 AM"
"1308","32433","1019000","Parkside","20TH AVE","4","VICENTE ST","WAWONA ST","20th Avenue from Vicente Street to Wawona Street","Speed Hump","2","11","2015","2015/11/01",,,"Complete","<Null>","<Null>","<Null>","LINESTRING (-122.476485969 37.739277342, -122.47636827 37.737407342)","2026/05/23 10:19:56 AM","2026/05/23 10:48:09 AM"
"1309","33263","5587001","Bayview District","ARELIOUS WALKER DR","10","DONNER DR","CARROLL AVE","Arelious Walker Drive from Donner Drive to Carroll Avenue","3-Lump Speed Cushion","1","6","2023","2023/06/01","FY 2020-2021","App-Based","Complete",,,"<Null>","LINESTRING (-122.384085871 37.719667249, -122.384156395 37.719520964, -122.384571481 37.719059038)","2026/05/23 10:19:56 AM","2026/05/23 10:48:09 AM"
"1310","32484","978000","Mission Dolores","19TH ST","8","GUERRERO ST","OAKWOOD ST","19th Street from Guerrero Street to Oakwood Street","Speed Hump","2","<Null>","<Null>",,"FY 2019-2020","App-Based","Pending design review and approval","Jul - June 2023","Pending construction","Jul - Dec 2024","LINESTRING (-122.423641308 37.759967376, -122.424863197 37.75989352)","2026/05/23 10:19:56 AM","2026/05/23 10:48:09 AM"
"1311","32485","979000","Mission Dolores","19TH ST","8","DOLORES ST","OAKWOOD ST","19th Street from Dolores Street to Oakwood Street","Speed Hump","2","5","2022","2022/05/01","FY 2019-2020","App-Based","Complete","<Null>","<Null>","<Null>","LINESTRING (-122.424863197 37.75989352, -122.425920302 37.759829613)","2026/05/23 10:19:56 AM","2026/05/23 10:48:09 AM"
"1312","32493","987000","Eureka Valley","19TH ST","8","DIAMOND ST","EUREKA ST","19th Street from Diamond Street to Eureka Street","3-Lump Speed Cushion","1","<Null>","<Null>",,"FY 2021-2022","App-Based","Pending construction","TBD","Completion","TBD","LINESTRING (-122.437038509 37.759157424, -122.438112355 37.759092655)","2026/05/23 10:19:56 AM","2026/05/23 10:48:09 AM"
"1313","32497","991000","Eureka Valley","19TH ST","8","SEWARD ST","YUKON ST","19th Street from Seward Street to Yukon Street","Speed Cushion","2","<Null>","<Null>",,"FY 2018-2019","App-Based","Complete","<Null>","<Null>","<Null>","LINESTRING (-122.440797806 37.759024874, -122.441034041 37.759009549)","2026/05/23 10:19:56 AM","2026/05/23 10:48:09 AM"
"1314","32498","992000","Eureka Valley","19TH ST","8","CLOVER LN","YUKON ST","19th Street from Clover Lane  to Yukon Street","3-Lump Speed Cushion","2","2","2021","2021/02/01","FY 2019-2020","App-Based","Complete","<Null>","<Null>","<Null>","LINESTRING (-122.441034041 37.759009549, -122.442175282 37.758939437)","2026/05/23 10:19:56 AM","2026/05/23 10:48:09 AM"
"1316","32511","1005000","Outer Sunset","20TH AVE","4","LINCOLN WAY","IRVING ST","20th Avenue from Lincoln Way to Irving Street","3-Lump Speed Cushion","2","3","2021","2021/03/01","<Null>","20th Ave Neighborway","Complete","<Null>","<Null>","<Null>","LINESTRING (-122.478324821 37.765399136, -122.478190826 37.763514758)","2026/05/23 10:19:56 AM","2026/05/23 10:48:09 AM"
"1317","32512","1006000","Outer Sunset","20TH AVE","4","IRVING ST","JUDAH ST","20th Avenue from Irving Street to Judah Street","3-Lump Speed Cushion","2","3","2021","2021/03/01","<Null>","20th Ave Neighborway","Complete","<Null>","<Null>","<Null>","LINESTRING (-122.478190826 37.763514758, -122.478061977 37.761653158)","2026/05/23 10:19:56 AM","2026/05/23 10:48:09 AM"
"1318","32513","1007000","Outer Sunset","20TH AVE","4","JUDAH ST","KIRKHAM ST","20th Avenue from Judah Street to Kirkham Street","3-Lump Speed Cushion","2","3","2021","2021/03/01","<Null>","20th Ave Neighborway","Complete","<Null>","<Null>","<Null>","LINESTRING (-122.478061977 37.761653158, -122.47793668 37.759784494)","2026/05/23 10:19:56 AM","2026/05/23 10:48:09 AM"
"1319","32514","1008000","Outer Sunset","20TH AVE","4","KIRKHAM ST","LAWTON ST","20th Avenue from Kirkham Street to Lawton Street","3-Lump Speed Cushion","2","3","2021","2021/03/01","<Null>","20th Ave Neighborway","Complete","<Null>","<Null>","<Null>","LINESTRING (-122.47793668 37.759784494, -122.477807116 37.757919575)","2026/05/23 10:19:56 AM","2026/05/23 10:48:09 AM"
"1320","32517","1011000","Outer Sunset","20TH AVE","4","NORIEGA ST","ORTEGA ST","20th Avenue from Noriega Street to Ortega Street","3-Lump Speed Cushion","2","3","2021","2021/03/01","<Null>","20th Ave Neighborway","Complete","<Null>","<Null>","<Null>","LINESTRING (-122.477548503 37.754192712, -122.477414978 37.752329103)","2026/05/23 10:19:56 AM","2026/05/23 10:48:09 AM"
"1321","32518","1012000","Outer Sunset","20TH AVE","4","ORTEGA ST","PACHECO ST","20th Avenue from Ortega Street to Pacheco Street","3-Lump Speed Cushion","2","3","2021","2021/03/01","<Null>","20th Ave Neighborway","Complete","<Null>","<Null>","<Null>","LINESTRING (-122.477414978 37.752329103, -122.477283252 37.7504629)","2026/05/23 10:19:56 AM","2026/05/23 10:48:09 AM"
"1322","32530","932000","Ingleside Heights","19TH AVE","11","BEVERLY ST \ RANDOLPH ST \ SARGENT ST","MONTICELLO ST","19th Avenue from Beverly Street \ Randolph Street \ Sargent Street to Monticello Street","Road Diet","0","0","0","1900/01/01","FY 2011-2012","TC Implementation","Complete","<Null>","<Null>","<Null>","LINESTRING (-122.471572044 37.716126072, -122.470704226 37.715212904)","2026/05/23 10:19:56 AM","2026/05/23 10:48:09 AM"
"1323","32531","933000","Ingleside Heights","19TH AVE","11","MONTICELLO ST","CHESTER AVE","19th Avenue from Monticello Street to Chester Avenue","Road Diet","0","0","0","1900/01/01","FY 2011-2012","TC Implementation","Complete","<Null>","<Null>","<Null>","LINESTRING (-122.470704226 37.715212904, -122.470471828 37.714968444)","2026/05/23 10:19:56 AM","2026/05/23 10:48:09 AM"
"1324","32532","934000","Ingleside Heights","19TH AVE","11","CHESTER AVE","BYXBEE ST \ RANDOLPH ST","19th Avenue from Chester Avenue to Byxbee Street \ Randolph Street","Road Diet","0","0","0","1900/01/01","FY 2011-2012","TC Implementation","Complete","<Null>","<Null>","<Null>","LINESTRING (-122.470471828 37.714968444, -122.469986899 37.71445834, -122.469798242 37.714281684)","2026/05/23 10:19:56 AM","2026/05/23 10:48:09 AM"
"1326","32548","950000","Potrero Hill","19TH ST","10","WISCONSIN ST","CAROLINA ST","19th Street from Wisconsin Street to Carolina Street","Speed Hump","1","0","0","1900/01/01","FY 2009-2010","TC Implementation","Complete","<Null>","<Null>","<Null>","LINESTRING (-122.399303065 37.761125965, -122.400266598 37.761067954)","2026/05/23 10:19:56 AM","2026/05/23 10:48:09 AM"
"1327","31413","2055000","Outer Sunset","47TH AVE","4","TARAVAL ST","ULLOA ST","47th Avenue from Taraval Street to Ulloa Street","3-Lump Speed Cushion","2","8","2023","2023/08/01","FY 2020-2021","App-Based","Complete",,,"<Null>","LINESTRING (-122.505690988 37.741716205, -122.50555976 37.739859244)","2026/05/23 10:19:56 AM","2026/05/23 10:48:09 AM"
"1328","31417","2059000","Parkside","47TH AVE","7","WAWONA ST","SLOAT BLVD","47th Avenue from Wawona Street to Sloat Boulevard","3-Lump Speed Cushion","1","4","2021","2021/04/01","<Null>","Great Highway Traffic Management","Complete","<Null>","<Null>","<Null>","LINESTRING (-122.505296602 37.736135141, -122.505257352 37.735475288)","2026/05/23 10:19:56 AM","2026/05/23 10:48:09 AM"
"1329","31424","2066000","Outer Sunset","48TH AVE","4","LINCOLN WAY","IRVING ST","48th Avenue from Lincoln Way to Irving Street","3-Lump Speed Cushion","1","4","2021","2021/04/01","<Null>","Great Highway Traffic Management","Complete","<Null>","<Null>","<Null>","LINESTRING (-122.508331369 37.76407602, -122.508198574 37.762190312)","2026/05/23 10:19:56 AM","2026/05/23 10:48:09 AM"
"1331","31434","2076000","Outer Sunset","48TH AVE","4","RIVERA ST","SANTIAGO ST","48th Avenue from Rivera Street to Santiago Street","3-Lump Speed Cushion","1","4","2021","2021/04/01","<Null>","Great Highway Traffic Management","Complete","<Null>","<Null>","<Null>","LINESTRING (-122.507030542 37.745409544, -122.506896789 37.74354825)","2026/05/23 10:19:56 AM","2026/05/23 10:48:09 AM"
"1332","31435","2077000","Outer Sunset","48TH AVE","4","SANTIAGO ST","GREAT HWY \ TARAVAL ST","48th Avenue from Santiago Street to Great Highway \ Taraval Street","3-Lump Speed Cushion","1","4","2021","2021/04/01","<Null>","Great Highway Traffic Management","Complete","<Null>","<Null>","<Null>","LINESTRING (-122.506896789 37.74354825, -122.506773603 37.741764811, -122.506865452 37.741673016)","2026/05/23 10:19:56 AM","2026/05/23 10:48:09 AM"
"1333","31449","1998000","Outer Sunset","45TH AVE","4","LINCOLN WY","IRVING ST","45th Avenue from Lincoln Way to Irving Street","<Null>","<Null>","<Null>","<Null>",,"FY 2022-2023","App-Based","Pending design review and approval","Jul - Dec 2024","Pending construction","Jan - Jul 2025","LINESTRING (-122.505120122 37.764214478, -122.504987664 37.762332399)","2026/05/23 10:19:56 AM","2026/05/23 10:48:09 AM"
"1334","31455","2004000","Outer Sunset","45TH AVE","4","ORTEGA ST","NORIEGA ST","45th Avenue from Ortega Street to Noriega Street","3-Lump Speed Cushion","2","03","2026","2026/03/01","FY 2021-2022","App-Based","Complete",,,,"LINESTRING (-122.504333368 37.753011531, -122.504203313 37.75114379)","2026/05/23 10:19:56 AM","2026/05/23 10:48:09 AM"
"1335","31457","2006000","Outer Sunset","45TH AVE","4","QUINTARA ST","PACHECO ST","45th Avenue from Quintara Street to Pacheco Street","3-Lump Speed Cushion","2","8","2023","2023/08/01","FY 2020-2021","App-Based","Complete",,,,"LINESTRING (-122.504073708 37.74928242, -122.503941818 37.747414803)","2026/05/23 10:19:56 AM","2026/05/23 10:48:09 AM"
"1336","31722","1801000","Outer Sunset","36TH AVE","4","IRVING ST","LINCOLN WAY","36th Avenue from Irving Street to Lincoln Way","Speed Table","1","03","2026","2026/03/01","FY 2021-2022","App-Based","Complete",,,,"LINESTRING (-122.495475309 37.764638044, -122.495343668 37.762758628)","2026/05/23 10:19:56 AM","2026/05/23 10:48:09 AM"
"1338","31725","1804000","Outer Sunset","36TH AVE","4","JUDAH ST","KIRKHAM ST","36th Avenue from Judah Street to Kirkham Street","Speed Hump","2","8","2017","2017/08/01","FY 2015-2016","App-Based","Complete","<Null>","<Null>","<Null>","LINESTRING (-122.495213325 37.76089767, -122.495082386 37.759028132)","2026/05/23 10:19:56 AM","2026/05/23 10:48:09 AM"
"1340","31741","1725000","Outer Richmond","33RD AVE","1","CABRILLO ST","FULTON ST","33rd Avenue from Cabrillo Street to Fulton Street","3-Lump Speed Cushion","2","12","2025","2025/12/01","FY 2021-2022","App-Based","Complete",,,,"LINESTRING (-122.492902809 37.774044593, -122.492761385 37.772178531)","2026/05/23 10:19:56 AM","2026/05/23 10:48:09 AM"
"1341","31742","1726000","Central Sunset","33RD AVE","4","LINCOLN WAY","IRVING ST","33rd Avenue from Lincoln Way to Irving Street","Speed Hump","1","4","2015","2015/04/01","FY 2013-2014","App-Based","Complete","<Null>","<Null>","<Null>","LINESTRING (-122.492257623 37.764779524, -122.492127421 37.762900598)","2026/05/23 10:19:56 AM","2026/05/23 10:48:09 AM"
"1342","31755","1739000","Parkside","33RD AVE","4","ULLOA ST","VICENTE ST","33rd Avenue from Ulloa Street to Vicente Street","Speed Hump","2","2","2022","2022/02/01","FY 2019-2020","App-Based","Complete","<Null>","<Null>","<Null>","LINESTRING (-122.490561811 37.740521854, -122.490432225 37.73866262)","2026/05/23 10:19:56 AM","2026/05/23 10:48:09 AM"
"1343","31759","1743000","Outer Richmond","34TH AVE","1","BALBOA ST","ANZA ST","34th Avenue from Balboa Street to Anza Street","3-Lump Speed Cushion","2","7","2023","2023/07/01","FY 2020-2021","App-Based","Complete",,,"<Null>","LINESTRING (-122.494239519 37.777725357, -122.494103979 37.775862147)","2026/05/23 10:19:56 AM","2026/05/23 10:48:09 AM"
"1344","31760","1744000","Outer Richmond","34TH AVE","1","BALBOA ST","CABRILLO ST","34th Avenue from Balboa Street to Cabrillo Street","3-Lump Speed Cushion","2","7","2023","2023/07/01","FY 2020-2021","App-Based","Complete",,,"<Null>","LINESTRING (-122.494103979 37.775862147, -122.493968222 37.773995847)","2026/05/23 10:19:56 AM","2026/05/23 10:48:09 AM"
"1345","31761","1745000","Outer Richmond","34TH AVE","1","FULTON ST","CABRILLO ST","34th Avenue from Fulton Street to Cabrillo Street","3-Lump Speed Cushion","2","7","2023","2023/07/01","FY 2020-2021","App-Based","Complete",,,,"LINESTRING (-122.493968222 37.773995847, -122.493832479 37.772129662)","2026/05/23 10:19:56 AM","2026/05/23 10:48:09 AM"
"1346","31762","1746000","Outer Sunset","34TH AVE","4","LINCOLN WAY","IRVING ST","34th Avenue from Lincoln Way to Irving Street","3-Lump Speed Cushion","2","02","2026","2026/02/01","FY 2021-2022","App-Based","Complete",,,,"LINESTRING (-122.493330784 37.764732912, -122.493198799 37.762853316)","2026/05/23 10:19:56 AM","2026/05/23 10:48:09 AM"
"1347","31765","1749000","Outer Sunset","34TH AVE","4","KIRKHAM ST","LAWTON ST","34th Avenue from Kirkham Street to Lawton Street","Speed Hump","2","9","2017","2017/09/01","FY 2015-2016","App-Based","Complete","<Null>","<Null>","<Null>","LINESTRING (-122.49293687 37.759122915, -122.492805977 37.757258594)","2026/05/23 10:19:56 AM","2026/05/23 10:48:09 AM"
"1348","32566","905000","Outer Richmond","19TH AVE","1","GEARY BLVD","ANZA ST","19th Avenue from Geary Boulevard to Anza Street","Speed Hump","2","7","2020","2020/07/01","<Null>","Central Richmond Traffic Safety Project","Complete","<Null>","<Null>","<Null>","LINESTRING (-122.478304879 37.780381191, -122.478166163 37.778456971)","2026/05/23 10:19:56 AM","2026/05/23 10:48:09 AM"
"1349","32567","906000","Inner Richmond","19TH AVE","1","ANZA ST","BALBOA ST","19th Avenue from Anza Street to Balboa Street","3-Lump Speed Cushion","2","6","2019","2019/06/01","FY 2016-2017","App-Based","Complete","<Null>","<Null>","<Null>","LINESTRING (-122.478166163 37.778456971, -122.478033278 37.776595244)","2026/05/23 10:19:56 AM","2026/05/23 10:48:09 AM"
"1350","32569","908000","Inner Richmond","19TH AVE","1","FULTON ST","CABRILLO ST","19th Avenue from Fulton Street to Cabrillo Street","3-Lump Speed Cushion","2","7","2023","2023/07/01","FY 2020-2021","App-Based","Complete",,,,"LINESTRING (-122.477900148 37.77472999, -122.477766947 37.772863655)","2026/05/23 10:19:56 AM","2026/05/23 10:48:09 AM"
"1351","31463","2012000","Parkside","45TH AVE","4","VICENTE ST","WAWONA ST","45th Avenue from Vicente Street to Wawona Street","Speed Hump","2","6","2018","2018/06/01",,"Restoration After Paving (2807J)","Complete","<Null>","<Null>","<Null>","LINESTRING (-122.503288347 37.738097791, -122.503157281 37.736229168)","2026/05/23 10:19:56 AM","2026/05/23 10:48:09 AM"
"1352","31471","2020000","Outer Sunset","46TH AVE","4","LINCOLN WY","IRVING ST","46th Avenue from Lincoln Way to Irving Street","5-Lump Speed Cushion","2","5","2021","2021/05/01","<Null>","D4 CRT","Complete","<Null>","<Null>","<Null>","LINESTRING (-122.506191495 37.764166134, -122.506059075 37.762284998)","2026/05/23 10:19:56 AM","2026/05/23 10:48:09 AM"
"1353","31472","2021000","Outer Sunset","46TH AVE","4","IRVING ST","JUDAH ST","46th Avenue from Irving Street to Judah Street","5-Lump Speed Cushion","2","03","2026","2026/03/01","FY 2021-2022","App-Based","Complete",,,,"LINESTRING (-122.506059075 37.762284998, -122.505928111 37.760424427)","2026/05/23 10:19:56 AM","2026/05/23 10:48:09 AM"
"1354","31482","2031000","Outer Sunset","46TH AVE","4","SANTIAGO ST","TARAVAL ST","46th Avenue from Santiago Street to Taraval Street","5-Lump Speed Cushion","2","6","2017","2017/06/01","FY 2015-2016","App-Based","Complete","<Null>","<Null>","<Null>","LINESTRING (-122.504752583 37.743642931, -122.504620447 37.741764681)","2026/05/23 10:19:56 AM","2026/05/23 10:48:09 AM"
"1355","31495","1950000","Outer Richmond","43RD AVE","1","GEARY BLVD","ANZA ST","43rd Avenue from Geary Boulevard to Anza Street","Speed Hump","0","0","0","1900/01/01","FY 2011-2012","Site Specific","Complete","<Null>","<Null>","<Null>","LINESTRING (-122.504020633 37.779208482, -122.503880621 37.777287311)","2026/05/23 10:19:56 AM","2026/05/23 10:48:09 AM"
"1356","31496","1951000","Outer Richmond","43RD AVE","1","ANZA ST","BALBOA ST","43rd Avenue from Anza Street to Balboa Street","3-Lump Speed Cushion","2","12","2025","2025/12/01","FY 2021-2022","App-Based","Complete",,,,"LINESTRING (-122.503880621 37.777287311, -122.503744647 37.77542147)","2026/05/23 10:19:56 AM","2026/05/23 10:48:09 AM"
"1357","31497","1952000","Outer Richmond","43RD AVE","1","BALBOA ST","CABRILLO ST","43rd Avenue from Balboa Street to Cabrillo Street","Speed Hump","1","7","2018","2018/07/01",,"Restoration After Paving (2807J)","Complete","<Null>","<Null>","<Null>","LINESTRING (-122.503744647 37.77542147, -122.503608585 37.773554326)","2026/05/23 10:19:56 AM","2026/05/23 10:48:09 AM"
"1358","31498","1953000","Outer Richmond","43RD AVE","1","CABRILLO ST","CHAIN OF LAKES DR \ FULTON ST","43rd Avenue from Cabrillo Street to Chain Of Lakes Drive \ Fulton Street","Speed Hump","1","7","2018","2018/07/01",,,"Complete","<Null>","<Null>","<Null>","LINESTRING (-122.503608585 37.773554326, -122.503472691 37.771689381)","2026/05/23 10:19:56 AM","2026/05/23 10:48:09 AM"
"1359","31500","1955000","Outer Sunset","43RD AVE","4","IRVING ST","JUDAH ST","43rd Avenue from Irving Street to Judah Street","3-Lump Speed Cushion","2","<Null>","<Null>",,"<Null>","SFUSD Teacher Housing Project","Pending construction","TBD","Completion","TBD","LINESTRING (-122.502843881 37.762427215, -122.502712988 37.760566533)","2026/05/23 10:19:56 AM","2026/05/23 10:48:09 AM"
"1360","31502","1957000","Outer Sunset","43RD AVE","4","KIRKHAM ST","LAWTON ST","43rd Avenue from Kirkham Street to Lawton Street","Speed Hump","2","6","2017","2017/06/01","FY 2015-2016","App-Based","Complete","<Null>","<Null>","<Null>","LINESTRING (-122.502581702 37.758700162, -122.502450478 37.756834581)","2026/05/23 10:19:56 AM","2026/05/23 10:48:09 AM"
"1361","31503","1958000","Outer Sunset","43RD AVE","4","LAWTON ST","MORAGA ST","43rd Avenue from Lawton Street to Moraga Street","3-Lump Speed Cushion","2","03","2026","2026/03/01","FY 2021-2022","App-Based","Complete",,,,"LINESTRING (-122.502450478 37.756834581, -122.502318146 37.754953129)","2026/05/23 10:19:56 AM","2026/05/23 10:48:09 AM"
"1362","31771","1755000","Parkside","34TH AVE","4","QUINTARA ST","RIVERA ST","34th Avenue from Quintara Street to Rivera Street","3-Lump Speed Cushion","2","7","2023","2023/07/01","FY 2020-2021","App-Based","Complete",,,"<Null>","LINESTRING (-122.492155918 37.747935695, -122.492026853 37.746070001)","2026/05/23 10:19:56 AM","2026/05/23 10:48:09 AM"
"1363","31794","1683000","Outer Sunset","31ST AVE","4","IRVING ST","LINCOLN WAY","31st Avenue from Irving Street to Lincoln Way","3-Lump Speed Cushion","2","02","2026","2026/02/01","FY 2021-2022","App-Based","Complete","Complete",,,"LINESTRING (-122.490116228 37.764880646, -122.48998391 37.762995166)","2026/05/23 10:19:56 AM","2026/05/23 10:48:09 AM"
"1364","31810","1699000","Seacliff","32ND AVE","1","EL CAMINO DEL MAR","CALIFORNIA ST","32nd Avenue from El Camino Del Mar to California Street","Speed Hump","2","4","2019","2019/04/01",,"Restoration After Paving (2503J/2589J)","Complete","<Null>","<Null>","<Null>","LINESTRING (-122.493114869 37.786579655, -122.492981918 37.785564534, -122.492930281 37.785485619, -122.492691658 37.785341633, -122.492633059 37.785232186, -122.492510187 37.783542782)","2026/05/23 10:19:56 AM","2026/05/23 10:48:09 AM"
"1365","31815","1704000","Outer Richmond","32ND AVE","1","ANZA ST","BALBOA ST","32nd Avenue from Anza Street to Balboa Street","3-Lump Speed Cushion","2","11","2020","2020/11/01",,"Schools Engineering","Complete","<Null>","<Null>","<Null>","LINESTRING (-122.492094888 37.777822691, -122.491959445 37.775960061)","2026/05/23 10:19:56 AM","2026/05/23 10:48:09 AM"
"1366","32641","887000","Mission Dolores","18TH ST","8","DOLORES ST","CHURCH ST","18th Street from Dolores Street to Church Street","5-Lump Speed Cushion","2","9","2020","2020/09/01","FY 2018-2019","Schools Engineering","Complete","<Null>","<Null>","<Null>","LINESTRING (-122.426076502 37.761427134, -122.428354065 37.761289573)","2026/05/23 10:19:56 AM","2026/05/23 10:48:09 AM"
"1367","32654","900000","Eureka Valley","18TH ST","8","MARKET ST","DANVERS ST","18th Street from Market Street to Danvers Street","3-Lump Speed Cushion","1","9","2023","2023/09/01","FY 2020-2021","App-Based","Complete",,,"<Null>","LINESTRING (-122.44337443 37.760376328, -122.444375152 37.759744098, -122.444477828 37.759707487, -122.444629428 37.759708374)","2026/05/23 10:19:56 AM","2026/05/23 10:48:09 AM"
"1368","32656","902000","Lake","19TH AVE","1","LAKE ST","ALIFORNIA ST","19th Avenue from Lake Street to Alifornia Street","Speed Hump","2","7","2020","2020/07/01","<Null>","Central Richmond Traffic Safety Project","Complete","<Null>","<Null>","<Null>","LINESTRING (-122.478713573 37.78603127, -122.478578839 37.784173987)","2026/05/23 10:19:56 AM","2026/05/23 10:48:09 AM"
"1369","32657","903000","Outer Richmond","19TH AVE","1","CALIFORNIA ST","CLEMENT ST","19th Avenue from California Street to Clement Street","Speed Hump","2","7","2020","2020/07/01","<Null>","Central Richmond Traffic Safety Project","Complete","<Null>","<Null>","<Null>","LINESTRING (-122.478578839 37.784173987, -122.478443507 37.78230838)","2026/05/23 10:19:56 AM","2026/05/23 10:48:09 AM"
"1370","32660","816000","Corona Heights","17TH ST","8","ORD ST","TEMPLE ST","17th Street from Ord Street to Temple Street","5-Lump Speed Cushion","1","<Null>","<Null>",,"FY 2021-2022","App-Based","Pending construction","TBD","Completion","TBD","LINESTRING (-122.440168281 37.762186575, -122.443359055 37.761996606)","2026/05/23 10:19:56 AM","2026/05/23 10:48:09 AM"
"1372","31528","1983000","Outer Sunset","44TH AVE","4","ORTEGA ST","PACHECO ST","44th Avenue from Ortega Street to Pacheco Street","3-Lump Speed Cushion","2","03","2026","2026/03/01","FY 2021-2022","App-Based","Complete",,,,"LINESTRING (-122.503133003 37.751190358, -122.503003725 37.749329836)","2026/05/23 10:19:56 AM","2026/05/23 10:48:09 AM"
"1373","31531","1986000","Outer Sunset","44TH AVE","4","RIVERA ST","SANTIAGO ST","44th Avenue from Rivera Street to Santiago Street","Speed Hump","2","7","2017","2017/07/01","FY 2015-2016","App-Based","Complete","<Null>","<Null>","<Null>","LINESTRING (-122.50274174 37.745597897, -122.502608639 37.743737562)","2026/05/23 10:19:56 AM","2026/05/23 10:48:09 AM"
"1374","31534","1989000","Outer Sunset","44TH AVE","4","ULLOA ST","VICENTE ST","44th Avenue from Ulloa Street to Vicente Street","3-Lump Speed Cushion","2","9","2023","2023/09/01","FY 2021-2022","App-Based","Complete",,,,"LINESTRING (-122.502345932 37.740001393, -122.502215395 37.738144796)","2026/05/23 10:19:56 AM","2026/05/23 10:48:09 AM"
"1375","31549","1910000","Outer Sunset","41ST AVE","4","CHAIN OF LAKES DR \ LINCOLN WAY","IRVING ST","41St Avenue from Chain Of Lakes Drive \ Lincoln Way to Irving Street","3-Lump Speed Cushion","2","12","2017","2017/12/01","FY 2015-2016","App-Based","Complete","<Null>","<Null>","<Null>","LINESTRING (-122.500830595 37.764406141, -122.500698171 37.762522077)","2026/05/23 10:19:56 AM","2026/05/23 10:48:09 AM"
"1376","31551","1912000","Outer Sunset","41ST AVE","4","JUDAH ST","KIRKHAM ST","41st Avenue from Judah Street to Kirkham Street","<Null>","<Null>","<Null>","<Null>",,"FY 2022-2023","App-Based","Pending design review and approval","Jul - Dec 2024","Pending construction","Jan - Jul 2025","LINESTRING (-122.500567327 37.760661321, -122.500436026 37.758793968)","2026/05/23 10:19:56 AM","2026/05/23 10:48:09 AM"
"1377","31828","1623000","Parkside","29TH AVE","4","QUINTARA ST","RIVERA ST","39th Avenue from Quintara Street to Rivera Street","5-Lump Speed Cushion","2","<Null>","2017",,"FY 2015-2016","App-Based","Complete","<Null>","<Null>","<Null>","LINESTRING (-122.48679319 37.748172702, -122.486663235 37.746307007)","2026/05/23 10:19:56 AM","2026/05/23 10:48:09 AM"
"1378","31836","1631000","Noe Valley","29TH ST","8","CHURCH ST","DOLORES ST","29th Street from Church Street to Dolores Street","3-Lump Speed Cushion","2","<Null>","<Null>",,"FY 2021-2022","App-Based","Pending construction","TBD","Completion","TBD","LINESTRING (-122.424384863 37.743838216, -122.42667038 37.74369958)","2026/05/23 10:19:56 AM","2026/05/23 10:48:09 AM"
"1379","31837","1632000","Noe Valley","29TH ST","8","CHURCH ST","SANCHEZ ST","29th Street from Church Street to Sanchez Street","Speed Hump","1","10","2015","2015/10/01",,"Site Specific Backlog","Complete","<Null>","<Null>","<Null>","LINESTRING (-122.42667038 37.74369958, -122.428882686 37.743565342)","2026/05/23 10:19:56 AM","2026/05/23 10:48:09 AM"
"1380","31838","1633000","Noe Valley","29TH ST","8","SANCHEZ ST","NOE ST","29th Street from Sanchez Street to Noe Street","3-Lump Speed Cushion","2","4","2019","2019/04/01","FY 2016-2017","App-Based","Complete","<Null>","<Null>","<Null>","LINESTRING (-122.428882686 37.743565342, -122.431100338 37.743430738)","2026/05/23 10:19:56 AM","2026/05/23 10:48:09 AM"
"1381","31839","1634000","Noe Valley","29TH ST","8","NOE ST","CASTRO ST \ DAY ST","29th Street from Noe Street to Castro Street \ Day Street","3-Lump Speed Cushion","2","12","2018","2018/12/01","FY 2016-2017","App-Based","Complete","<Null>","<Null>","<Null>","LINESTRING (-122.431100338 37.743430738, -122.433319531 37.743295998)","2026/05/23 10:19:56 AM","2026/05/23 10:48:09 AM"
"1383","31845","1640000","Outer Richmond","30TH AVE","1","CALIFORNIA ST","CLEMENT ST","30th Avenue from California Street to Clement Street","3-Lump Speed Cushion","2","<Null>","<Null>",,"FY 2021-2022","App-Based","Pending construction","TBD","Completion","TBD","LINESTRING (-122.49036449 37.783639957, -122.490231078 37.781775419)","2026/05/23 10:19:56 AM","2026/05/23 10:48:09 AM"
"1384","31846","1641000","Outer Richmond","30TH AVE","1","CLEMENT ST","GEARY BLVD","30th Avenue from Clement Street to Geary Boulevard","3-Lump Speed Cushion","2","3","2021","2021/03/01","FY 2017-2018","App-Based","Complete","<Null>","<Null>","<Null>","LINESTRING (-122.490231078 37.781775419, -122.490096579 37.779839833)","2026/05/23 10:19:56 AM","2026/05/23 10:48:09 AM"
"1385","31849","1644000","Inner Richmond","30TH AVE","1","BALBOA ST","CABRILLO ST","30th Avenue from Balboa Street to Cabrillo Street","Speed Hump","2","3","2017","2017/03/01","FY 2015-2016","App-Based","Complete","<Null>","<Null>","<Null>","LINESTRING (-122.489815439 37.776057567, -122.489679843 37.774191997)","2026/05/23 10:19:56 AM","2026/05/23 10:48:09 AM"
"1386","31850","1645000","Outer Richmond","30TH AVE","1","CABRILLO ST","FULTON ST","30th Avenue from Cabrillo Street to Fulton Street","3-Lump Speed Cushion","2","7","2023","2023/07/01","FY 2020-2021","App-Based","Complete",,,"<Null>","LINESTRING (-122.489679843 37.774191997, -122.48953948 37.772325474)","2026/05/23 10:19:56 AM","2026/05/23 10:48:09 AM"
"1387","31856","1651000","Central Sunset","30TH AVE","4","KIRKHAM ST","LAWTON ST","30th Avenue from Kirkham Street to Lawton Street","Speed Hump","2","4","2015","2015/04/01","FY 2013-2014","App-Based","Complete","<Null>","<Null>","<Null>","LINESTRING (-122.488648029 37.759312269, -122.488517234 37.757447801)","2026/05/23 10:19:56 AM","2026/05/23 10:48:09 AM"
"1388","31857","1652000","Outer Sunset","30TH AVE","4","LAWTON ST","MORAGA ST","30th Avenue from Lawton Street to Moraga Street","Speed Hump","2","2","2021","2021/02/01","FY 2017-2018","App-Based","Complete","<Null>","<Null>","<Null>","LINESTRING (-122.488517234 37.757447801, -122.488385813 37.755588078)","2026/05/23 10:19:56 AM","2026/05/23 10:48:09 AM"
"1390","32671","827000","Lake","18TH AVE","1","LAKE ST","CALIFORNIA ST","18th Avenue from Lake Street to California Street","Speed Hump","2","7","2020","2020/07/01","<Null>","Central Richmond Traffic Safety Project","Complete","<Null>","<Null>","<Null>","LINESTRING (-122.477644057 37.786079795, -122.477509348 37.784222492)","2026/05/23 10:19:56 AM","2026/05/23 10:48:09 AM"
"1391","32672","828000","Inner Richmond","18TH AVE","1","CALIFORNIA ST","CLEMENT ST","18th Avenue from California Street to Clement Street","Speed Hump","2","7","2020","2020/07/01","<Null>","Central Richmond Traffic Safety Project","Complete","<Null>","<Null>","<Null>","LINESTRING (-122.477509348 37.784222492, -122.477374311 37.782360569)","2026/05/23 10:19:56 AM","2026/05/23 10:48:09 AM"
"1392","32673","829000","Inner Richmond","18TH AVE","1","CLEMENT ST","GEARY BLVD","18th Avenue from Clement Street to Geary Boulevard","Speed Hump","2","7","2020","2020/07/01","<Null>","Central Richmond Traffic Safety Project","Complete","<Null>","<Null>","<Null>","LINESTRING (-122.477374311 37.782360569, -122.477239889 37.780439637)","2026/05/23 10:19:56 AM","2026/05/23 10:48:09 AM"
"1393","32674","830000","Inner Richmond","18TH AVE","1","GEARY BLVD","ANZA ST","18th Avenue from Geary Boulevard to Anza Street","Speed Hump","2","7","2020","2020/07/01","<Null>","Central Richmond Traffic Safety Project","Complete","<Null>","<Null>","<Null>","LINESTRING (-122.477239889 37.780439637, -122.477099874 37.778505223)","2026/05/23 10:19:56 AM","2026/05/23 10:48:09 AM"
"1394","32676","832000","Inner Richmond","18TH AVE","1","BALBOA ST","CABRILLO ST","18th Avenue from Balboa Street to Cabrillo Street","Speed Hump","2","1","2020","2020/01/01","FY 2016-2017","App-Based","Complete","<Null>","<Null>","<Null>","LINESTRING (-122.47696485 37.776643929, -122.476829556 37.774778827)","2026/05/23 10:19:56 AM","2026/05/23 10:48:09 AM"
"1395","32677","833000","Inner Richmond","18TH AVE","1","CABRILLO ST","FULTON ST","18th Avenue from Cabrillo Street to Fulton Street","Speed Hump","2","6","2017","2017/06/01","FY 2015-2016","App-Based","Complete","<Null>","<Null>","<Null>","LINESTRING (-122.476829556 37.774778827, -122.476694206 37.772912858)","2026/05/23 10:19:56 AM","2026/05/23 10:48:09 AM"
"1396","32678","834000","Inner Sunset","18TH AVE","7","LINCOLN WAY","IRVING ST","18th Avenue from Lincoln Way to Irving Street","Speed Hump","1","0","2010","2010/01/01",,,"Complete","<Null>","<Null>","<Null>","LINESTRING (-122.476186637 37.765498441, -122.476054379 37.763608762)","2026/05/23 10:19:56 AM","2026/05/23 10:48:09 AM"
"1397","32679","835000","Inner Sunset","18TH AVE","7","IRVING ST","JUDAH ST","18th Avenue from Irving Street to Judah Street","Speed Hump","1","6","2007","2007/06/01","FY 2005-2006","Areawide","Complete","<Null>","<Null>","<Null>","LINESTRING (-122.476054379 37.763608762, -122.475924093 37.761747152)","2026/05/23 10:19:56 AM","2026/05/23 10:48:09 AM"
"1398","32682","838000","Golden Gate Heights","18TH AVE","7","LAWTON ST","MORAGA ST","18th Avenue from Lawton Street to Moraga Street","3-Lump Speed Cushion","2","2","2021","2021/02/01","FY 2017-2018","App-Based","Complete","<Null>","<Null>","<Null>","LINESTRING (-122.475665865 37.758013776, -122.475536726 37.756155066)","2026/05/23 10:19:56 AM","2026/05/23 10:48:09 AM"
"1399","32683","839000","Golden Gate Heights","18TH AVE","7","MORAGA ST","NORIEGA ST","18th Avenue from Moraga Street to Noriega Street","3-Lump Speed Cushion","2","2","2021","2021/02/01","FY 2017-2018","App-Based","Complete","<Null>","<Null>","<Null>","LINESTRING (-122.475536726 37.756155066, -122.475405909 37.754286934)","2026/05/23 10:19:56 AM","2026/05/23 10:48:09 AM"
"1400","32686","842000","Golden Gate Heights","18TH AVE","7","PACHECO ST","QUINTARA ST","18th Avenue from Pacheco Street to Quintara Street","3-Lump Speed Cushion","2","<Null>","<Null>",,"FY 2021-2022","App-Based","Pending construction","TBD","Completion","TBD","LINESTRING (-122.475146549 37.750557088, -122.475016947 37.748692296)","2026/05/23 10:19:56 AM","2026/05/23 10:48:09 AM"
"1401","32688","844000","Golden Gate Heights","18TH AVE","7","RIVERA ST","SANTIAGO ST","18th Avenue from Rivera Street to Santiago Street","3-Lump Speed Cushion","2","11","2018","2018/11/01","FY 2016-2017","App-Based","Complete","<Null>","<Null>","<Null>","LINESTRING (-122.474887302 37.746826819, -122.474753795 37.744964031)","2026/05/23 10:19:56 AM","2026/05/23 10:48:09 AM"
"1402","32689","845000","Golden Gate Heights","18TH AVE","7","SANTIAGO ST","TARAVAL ST","18th Avenue from Santiago Street to Taraval Street","<Null>","<Null>","<Null>","<Null>",,"FY 2022-2023","App-Based","Pending design review and approval","Jul - Dec 2024","Pending construction","Jan - Jul 2025","LINESTRING (-122.474753795 37.744964031, -122.474623829 37.743096615)","2026/05/23 10:19:56 AM","2026/05/23 10:48:09 AM"
"1403","32690","846000","West Portal","18TH AVE","7","ULLOA ST","TARAVAL ST","18th Avenue from Ulloa Street to Taraval Street","<Null>","<Null>","<Null>","<Null>",,"FY 2022-2023","App-Based","Pending design review and approval","Jul - Dec 2024","Pending construction","Jan - Jul 2025","LINESTRING (-122.474623829 37.743096615, -122.474494224 37.741234272)","2026/05/23 10:19:56 AM","2026/05/23 10:48:09 AM"
"1404","32691","847000","West Portal","18TH AVE","7","ULLOA ST","VICENTE ST","18th Avenue from Ulloa Street to Vicente Street","Speed Hump","2","3","2022","2022/03/01","FY 2019-2020","App-Based","Complete","<Null>","<Null>","<Null>","LINESTRING (-122.474494224 37.741234272, -122.474364585 37.739371372)","2026/05/23 10:19:56 AM","2026/05/23 10:48:09 AM"
"1405","32692","848000","West Portal","18TH AVE","7","VICENTE ST","WAWONA ST","18th Avenue from Vicente Street to Wawona Street","Speed Hump","2","2","2021","2021/02/01","FY 2017-2018","App-Based","Complete","<Null>","<Null>","<Null>","LINESTRING (-122.474364585 37.739371372, -122.474232714 37.737476309)","2026/05/23 10:19:56 AM","2026/05/23 10:48:09 AM"
"1406","32704","858000","Potrero Hill","18TH ST","10","ARKANSAS ST","CAROLINA ST","18th Street from Arkansas Street to Carolina Street","<Null>","<Null>","<Null>","<Null>",,"FY 2020-2021","App-Based","Pending construction","TBD","Completion","TBD","LINESTRING (-122.398461204 37.762462868, -122.400389161 37.762346444)","2026/05/23 10:19:56 AM","2026/05/23 10:48:09 AM"
"1407","32705","769000","West Portal","17TH AVE","7","TARAVAL ST","ULLOA ST","17th Avenue from Taraval Street to Ulloa Street","3-Lump Speed Cushion","2","2","2021","2021/02/01","FY 2017-2018","App-Based","Complete","<Null>","<Null>","<Null>","LINESTRING (-122.473553424 37.743143591, -122.473422993 37.741283066)","2026/05/23 10:19:56 AM","2026/05/23 10:48:09 AM"
"1408","32706","770000","West Portal","17TH AVE","7","ULLOA ST","VICENTE ST","17th Avenue from Ulloa Street to Vicente Street","<Null>","<Null>","<Null>","<Null>",,"FY 2022-2023","App-Based","Pending design review and approval","Jul - Dec 2024","Pending construction","Jan - Jul 2025","LINESTRING (-122.473422993 37.741283066, -122.473292287 37.739418525)","2026/05/23 10:19:56 AM","2026/05/23 10:48:09 AM"
"1409","32707","771000","West Portal","17TH AVE","7","VICENTE ST","WAWONA ST","17th Avenue from Vicente Street to Wawona Street","Speed Hump","1","11","2017","2017/11/01",,,"Complete","<Null>","<Null>","<Null>","LINESTRING (-122.473292287 37.739418525, -122.473161339 37.737550437)","2026/05/23 10:19:56 AM","2026/05/23 10:48:09 AM"
"1410","31569","1930000","Outer Richmond","42ND AVE","1","CABRILLO ST","BALBOA ST","42nd Avenue from Cabrillo Street to Balboa Street","3-Lump Speed Cushion","2","12","2025","2025/12/01","FY 2021-2022","App-Based","Complete",,,,"LINESTRING (-122.50267097 37.775470568, -122.502535218 37.773603524)","2026/05/23 10:19:56 AM","2026/05/23 10:48:09 AM"
"1411","31570","1931000","Outer Richmond","42ND AVE","1","CABRILLO ST","FULTON ST","42nd Avenue from Cabrillo Street to Fulton Street","Speed Hump","2","8","2017","2017/08/01","FY 2015-2016","App-Based","Complete","<Null>","<Null>","<Null>","LINESTRING (-122.502535218 37.773603524, -122.502399616 37.771738429)","2026/05/23 10:19:56 AM","2026/05/23 10:48:09 AM"
"1412","31571","1932000","Outer Sunset","42ND AVE","4","IRVING ST","LINCOLN WY","42nd Avenue from Irving Street to Lincoln Way","3-Lump Speed Cushion","2","8","2023","2023/08/01","FY 2020-2021","App-Based","Complete",,,"<Null>","LINESTRING (-122.501900726 37.764360773, -122.501770514 37.762474674)","2026/05/23 10:19:56 AM","2026/05/23 10:48:09 AM"
"1413","31573","1934000","Outer Sunset","42ND AVE","4","JUDAH ST","KIRKHAM ST","42nd Avenue from Judah Street to Kirkham Street","Speed Hump","2","2","2022","2022/02/01","FY 2018-2019","App-Based","Complete","<Null>","<Null>","<Null>","LINESTRING (-122.501639646 37.760613955, -122.501505399 37.758747221)","2026/05/23 10:19:56 AM","2026/05/23 10:48:09 AM"
"1414","31582","1943000","Outer Sunset","42ND AVE","4","SANTIAGO ST","TARAVAL ST","42nd Avenue from Santiago Street to Taraval Street","Speed Hump","2","1","2020","2020/01/01",,"CRT","Complete","<Null>","<Null>","<Null>","LINESTRING (-122.500464234 37.743832174, -122.500332418 37.741958751)","2026/05/23 10:19:56 AM","2026/05/23 10:48:09 AM"
"1415","31584","1945000","Outer Sunset","42ND AVE","4","ULLOA ST","VICENTE ST","42nd Avenue from Ulloa Street to Vicente Street","3-Lump Speed Cushion","2","03","2026","2026/03/01","FY 2021-2022","App-Based","Complete",,,,"LINESTRING (-122.500201373 37.740096198, -122.50005778 37.738239292)","2026/05/23 10:19:56 AM","2026/05/23 10:48:09 AM"
"1416","31586","1853000","Outer Sunset","38TH AVE","4","KIRKHAM ST","JUDAH ST","38th Avenue from Kirkham Street to Judah Street","3-Lump Speed Cushion","2","03","2026","2026/03/01","FY 2021-2022","App-Based","Complete",,,,"LINESTRING (-122.497353233 37.760803234, -122.497221909 37.758934411)","2026/05/23 10:19:56 AM","2026/05/23 10:48:09 AM"
"1417","31601","1868000","Outer Richmond","39TH AVE","1","CABRILLO ST","FULTON ST","39th Avenue from Cabrillo Street to Fulton Street","Speed Hump","2","11","2018","2018/11/01","FY 2016-2017","App-Based","Complete","<Null>","<Null>","<Null>","LINESTRING (-122.499318869 37.773750889, -122.499183042 37.771885393)","2026/05/23 10:19:56 AM","2026/05/23 10:48:09 AM"
"1418","31607","1874000","Outer Sunset","39TH AVE","4","MORAGA ST","NORIEGA ST","39th Avenue from Moraga Street to Noriega Street","<Null>","<Null>","<Null>","<Null>",,"FY 2022-2023","App-Based","Pending design review and approval","Jul - Dec 2024","Pending construction","Jan - Jul 2025","LINESTRING (-122.498030669 37.755152278, -122.497902528 37.753295682)","2026/05/23 10:19:56 AM","2026/05/23 10:48:09 AM"
"1419","31609","1876000","Outer Sunset","39TH AVE","4","QUINTARA ST","RIVERA ST","39th Avenue from Quintara Street to Rivera Street","5-Lump Speed Cushion","2","5","2017","2017/05/01","FY 2015-2016","App-Based","Complete","<Null>","<Null>","<Null>","LINESTRING (-122.497511882 37.747699523, -122.4973816 37.745833009)","2026/05/23 10:19:56 AM","2026/05/23 10:48:09 AM"
"1420","31881","1582000","Outer Richmond","28TH AVE","1","CABRILLO ST","FULTON ST","28th Avenue from Cabrillo Street to Fulton Street","Speed Hump","2","2","2022","2022/02/01","FY 2019-2020","App-Based","Complete","<Null>","<Null>","<Null>","LINESTRING (-122.48753393 37.774290092, -122.487398289 37.772423078)","2026/05/23 10:19:56 AM","2026/05/23 10:48:09 AM"
"1421","31887","1588000","Outer Sunset","28TH AVE","4","MORAGA ST","NORIEGA ST","28th Avenue from Moraga Street to Noriega Street","Speed Hump","2","<Null>","<Null>",,"FY 2018-2019","App-Based","Pending construction","TBD","Completion","TBD","LINESTRING (-122.486247693 37.755682524, -122.486118059 37.753815471)","2026/05/23 10:19:56 AM","2026/05/23 10:48:09 AM"
"1422","31898","1599000","Noe Valley","28TH ST","8, 9","GUERRERO ST \ SAN JOSE AVE","DOLORES ST","28th Street from Guerrero Street \ San Jose Avenue to Dolores Street","Speed Hump","1","12","2014","2014/12/01","FY 2011-2012","Site Specific","Complete","<Null>","<Null>","<Null>","LINESTRING (-122.422218291 37.745578814, -122.424538965 37.745435717)","2026/05/23 10:19:56 AM","2026/05/23 10:48:09 AM"
"1423","31899","1600000","Noe Valley","28TH ST","8","DOLORES ST","CHURCH ST","28th Street from Dolores Street to Church Street","Speed Hump","2","<Null>","<Null>",,"FY 2018-2019","App-Based","Complete","<Null>","<Null>","<Null>","LINESTRING (-122.424538965 37.745435717, -122.426822303 37.745298501)","2026/05/23 10:19:56 AM","2026/05/23 10:48:09 AM"
"1424","31900","1601000","Noe Valley","28TH ST","8","CHURCH ST","SANCHEZ ST","28th Street from Church Street to Sanchez Street","Speed Hump","2","4","2022","2022/04/01","FY 2019-2020","App-Based","Complete","<Null>","<Null>","<Null>","LINESTRING (-122.426822303 37.745298501, -122.429036672 37.745165388)","2026/05/23 10:19:56 AM","2026/05/23 10:48:09 AM"
"1425","31913","1614000","Central Sunset","29TH AVE","4","LINCOLN WAY","IRVING ST","29th Avenue from Lincoln Way to Irving Street","Speed Hump","2","6","2015","2015/06/01",,"Site Specific Backlog","Complete","<Null>","<Null>","<Null>","LINESTRING (-122.487967431 37.764970793, -122.487838714 37.76308977)","2026/05/23 10:19:56 AM","2026/05/23 10:48:09 AM"
"1426","31928","1536000","Noe Valley","26TH ST","8","CHURCH ST","SANCHEZ ST","26th Street from Church Street to Sanchez Street","3-Lump Speed Cushion","2","11","2022","2022/11/01","FY 2017-2018","App-Based","Complete","<Null>","<Null>","<Null>","LINESTRING (-122.427122759 37.748495826, -122.429346499 37.748362264)","2026/05/23 10:19:56 AM","2026/05/23 10:48:09 AM"
"1427","32747","811000","Corona Heights","17TH ST","8","CASTRO ST \ MARKET ST","END","17th Street from Castro Street \ Market Street to End","Speed Table","1","2","2021","2021/02/01","FY 2018-2019","App-Based","Complete","<Null>","<Null>","<Null>","LINESTRING (-122.435187962 37.762670708, -122.435321554 37.762690898, -122.435803703 37.762499499, -122.4359728 37.762448794, -122.436369246 37.7624303, -122.436437451 37.762408586)","2026/05/23 10:19:56 AM","2026/05/23 10:48:09 AM"
"1428","32748","812000","Corona Heights","17TH ST","8","END","DIAMOND ST","17th Street from End to Diamond Street","Speed Table","1","2","2021","2021/02/01","FY 2018-2019","App-Based","Obsolete","<Null>","<Null>","<Null>","LINESTRING (-122.436437451 37.762408586, -122.437342368 37.762354747)","2026/05/23 10:19:56 AM","2026/05/23 10:48:09 AM"
"1429","31629","1896000","Outer Sunset","40TH AVE","4","QUINTARA ST","RIVERA ST","40th Avenue from Quintara Street to Rivera Street","<Null>","<Null>","<Null>","<Null>",,"FY 2022-2023","App-Based","Pending design review and approval","Jul - Dec 2024","Pending construction","Jan - Jul 2025","LINESTRING (-122.498583108 37.747652101, -122.498452832 37.745786041)","2026/05/23 10:19:56 AM","2026/05/23 10:48:09 AM"
"1430","31640","1813000","Parkside","36TH AVE","4","SANTIAGO ST","TARAVAL ST","36th Avenue from Santiago Street to Taraval Street","Speed Hump","2","5","2019","2019/05/01","FY 2016-2017","App-Based","Complete","<Null>","<Null>","<Null>","LINESTRING (-122.494038473 37.744115445, -122.493907039 37.742248653)","2026/05/23 10:19:56 AM","2026/05/23 10:48:09 AM"
"1431","31643","1816000","Parkside","36TH AVE","4","VICENTE ST","WAWONA ST","36th Avenue from Vicente Street to Wawona Street","Speed Hump","1","0","0","1900/01/01","FY 2009-2010","TC Implementation","Complete","<Null>","<Null>","<Null>","LINESTRING (-122.493668152 37.738519208, -122.493540174 37.736705757)","2026/05/23 10:19:56 AM","2026/05/23 10:48:09 AM"
"1432","31644","1817000","Parkside","36TH AVE","4","WAWONA ST","YORBA ST","36th Avenue from Wawona Street to Yorba Street","Speed Hump","1","0","0","1900/01/01","FY 2009-2010","TC Implementation","Complete","<Null>","<Null>","<Null>","LINESTRING (-122.493540174 37.736705757, -122.493406967 37.734856121)","2026/05/23 10:19:56 AM","2026/05/23 10:48:09 AM"
"1433","31648","1821000","Outer Richmond","37TH AVE","1","GEARY BLVD","ANZA ST","37th Avenue from Geary Boulevard to Anza Street","3-Lump Speed Cushion","2","12","2025","2025/12/01","FY 2021-2022","App-Based","Complete",,,,"LINESTRING (-122.497591715 37.779504087, -122.497454525 37.777579371)","2026/05/23 10:19:56 AM","2026/05/23 10:48:09 AM"
"1434","31649","1822000","Outer Richmond","37TH AVE","1","ANZA ST","BALBOA ST","37th Avenue from Anza Street to Balboa Street","Speed Hump","2","1","2021","2021/01/01","<Null>","37th Ave Neighborway","Complete","<Null>","<Null>","<Null>","LINESTRING (-122.497454525 37.777579371, -122.497318727 37.775715415)","2026/05/23 10:19:56 AM","2026/05/23 10:48:09 AM"
"1435","31650","1823000","Outer Richmond","37TH AVE","1","BALBOA ST","CABRILLO ST","37th Avenue from Balboa Street to Cabrillo Street","3-Lump Speed Cushion","2","1","2021","2021/01/01","<Null>","37th Ave Neighborway","Complete","<Null>","<Null>","<Null>","LINESTRING (-122.497318727 37.775715415, -122.497182737 37.773848713)","2026/05/23 10:19:56 AM","2026/05/23 10:48:09 AM"
"1436","31651","1824000","Outer Richmond","37TH AVE","1","CABRILLO ST","FULTON ST","37th Avenue from Cabrillo Street to Fulton Street","3-Lump Speed Cushion","2","10","2023","2023/10/01","<Null>","D1 CRT","Complete","<Null>","<Null>","<Null>","LINESTRING (-122.497182737 37.773848713, -122.497046822 37.771982947)","2026/05/23 10:19:56 AM","2026/05/23 10:48:09 AM"
"1437","31655","1828000","Outer Sunset","37TH AVE","4","JUDAH ST","KIRKHAM ST","37th Avenue from Judah Street to Kirkham Street","3-Lump Speed Cushion","2","03","2026","2026/03/01","FY 2021-2022","App-Based","Complete",,,,"LINESTRING (-122.496283813 37.760850434, -122.496152482 37.758981122)","2026/05/23 10:19:56 AM","2026/05/23 10:48:09 AM"
"1438","31657","1830000","Outer Sunset","37TH AVE","4","LAWTON ST","MORAGA ST","37th Avenue from Lawton Street to Moraga Street","3-Lump Speed Cushion","2","03","2026","2026/03/01","FY 2021-2022","App-Based","Complete",,,,"LINESTRING (-122.496021497 37.757116631, -122.495897063 37.755251323)","2026/05/23 10:19:56 AM","2026/05/23 10:48:09 AM"
"1439","31663","1836000","Outer Sunset","37TH AVE","4","RIVERA ST","SANTIAGO ST","37th Avenue from Rivera Street to Santiago Street","Speed Hump","2","2","2022","2022/02/01","FY 2019-2020","App-Based","Complete","<Null>","<Null>","<Null>","LINESTRING (-122.495239601 37.745927927, -122.495109214 37.744068267)","2026/05/23 10:19:56 AM","2026/05/23 10:48:09 AM"
"1440","31664","1837000","Outer Parkside","37TH AVE","4","SANTIAGO ST","TARAVAL ST","37th Avenue from Santiago Street to Taraval Street","Speed Hump","1","12","2014","2014/12/01","FY 2011-2012","Site Specific","Complete","<Null>","<Null>","<Null>","LINESTRING (-122.495109214 37.744068267, -122.49497949 37.742200795)","2026/05/23 10:19:56 AM","2026/05/23 10:48:09 AM"
"1441","31935","1543000","Seacliff","27TH AVE","1","EL CAMINO DEL MAR","LAKE ST","27th Avenue from El Camino Del Mar to Lake Street","Speed Hump","2","3","2021","2021/03/01","FY 2018-2019","App-Based","Complete","<Null>","<Null>","<Null>","LINESTRING (-122.487421759 37.787512147, -122.487286365 37.785648841)","2026/05/23 10:19:56 AM","2026/05/23 10:48:09 AM"
"1442","31939","1547000","Outer Richmond","27TH AVE","1","ANZA ST","GEARY BLVD","27th Avenue from Anza Street to Geary Boulevard","3-Lump Speed Cushion","2","1","2022","2022/01/01","FY 2018-2019","App-Based","Complete","<Null>","<Null>","<Null>","LINESTRING (-122.486878047 37.779993541, -122.486737521 37.778068744)","2026/05/23 10:19:56 AM","2026/05/23 10:48:09 AM"
"1443","31940","1548000","Outer Richmond","27TH AVE","1","BALBOA ST","ANZA ST","27th Avenue from Balboa Street to Anza Street","3-Lump Speed Cushion","2","2","2022","2022/02/01","FY 2018-2019","App-Based","Complete","<Null>","<Null>","<Null>","LINESTRING (-122.486737521 37.778068744, -122.486603081 37.776203752)","2026/05/23 10:19:56 AM","2026/05/23 10:48:09 AM"
"1444","31942","1550000","Outer Richmond","27TH AVE","1","CABRILLO ST","FULTON ST","27th Avenue from Cabrillo Street to Fulton Street","3-Lump Speed Cushion","2","7","2023","2023/07/01","FY 2020-2021","App-Based","Complete",,,"<Null>","LINESTRING (-122.486468648 37.774338773, -122.486334062 37.772471576)","2026/05/23 10:19:56 AM","2026/05/23 10:48:09 AM"
"1445","31953","1561000","Parkside","27TH AVE","4","TARAVAL ST","ULLOA ST","27th Avenue from Taraval Street to Ulloa Street","<Null>","<Null>","<Null>","<Null>",,"FY 2022-2023","App-Based","Pending design review and approval","Jul - Dec 2024","Pending construction","Jan - Jul 2025","LINESTRING (-122.484263609 37.742673112, -122.484132301 37.740805322)","2026/05/23 10:19:56 AM","2026/05/23 10:48:09 AM"
"1446","31954","1562000","Parkside","27TH AVE","4","ULLOA ST","VICENTE ST","27th Avenue from Ulloa Street to Vicente Street","3-Lump Speed Cushion","2","02","2026","2026/02/01","FY 2021-2022","App-Based","Complete",,,,"LINESTRING (-122.484132301 37.740805322, -122.484002816 37.738947095)","2026/05/23 10:19:56 AM","2026/05/23 10:48:09 AM"
"1447","31956","1564000","Noe Valley","27TH ST","8","GUERRERO ST","DOLORES ST","27th Street from Guerrero Street to Dolores Street","Speed Hump","2","8","2019","2019/08/01",,"D8 CRT project related to new signal at 27th/Guerrero","Complete","<Null>","<Null>","<Null>","LINESTRING (-122.422383536 37.747171915, -122.424689794 37.747033403)","2026/05/23 10:19:56 AM","2026/05/23 10:48:09 AM"
"1448","31958","1566000","Noe Valley","27TH ST","8","CHURCH ST","SANCHEZ ST","27th Street from Church Street to Sanchez Street","3-Lump Speed Cushion","2","4","2022","2022/04/01","FY 2019-2020","App-Based","Complete","<Null>","<Null>","<Null>","LINESTRING (-122.426968261 37.74689658, -122.429193199 37.746762928)","2026/05/23 10:19:56 AM","2026/05/23 10:48:09 AM"
"1449","32781","753000","Central Richmond","17TH AVE","1","GEARY BLVD","ANZA ST","17th Avenue from Geary Boulevard to Anza Street","Speed Hump","1","0","0","1900/01/01","FY 2011-2012","Areawide","Complete","<Null>","<Null>","<Null>","LINESTRING (-122.476169189 37.78047585, -122.476025278 37.778553841)","2026/05/23 10:19:56 AM","2026/05/23 10:48:09 AM"
"1450","32783","755000","Inner Richmond","17TH AVE","1","BALBOA ST","CABRILLO ST","17th Avenue from Balboa Street to Cabrillo Street","Speed Hump","2","7","2020","2020/07/01","<Null>","Central Richmond Traffic Safety Project","Complete","<Null>","<Null>","<Null>","LINESTRING (-122.475888271 37.776692974, -122.475750969 37.774828018)","2026/05/23 10:19:56 AM","2026/05/23 10:48:09 AM"
"1451","32785","757000","Inner Sunset","17TH AVE","7","LINCOLN WAY","IRVING ST","17th Avenue from Lincoln Way to Irving Street","Speed Hump","1","0","0","1900/01/01",,,"Complete","<Null>","<Null>","<Null>","LINESTRING (-122.475118562 37.765544424, -122.474985194 37.763655791)","2026/05/23 10:19:56 AM","2026/05/23 10:48:09 AM"
"1452","32786","758000","Inner Sunset","17TH AVE","7","IRVING ST","JUDAH ST","17th Avenue from Irving Street to Judah Street","Speed Hump","1","6","2007","2007/06/01","FY 2005-2006","Areawide","Complete","<Null>","<Null>","<Null>","LINESTRING (-122.474985194 37.763655791, -122.474854932 37.761794144)","2026/05/23 10:19:56 AM","2026/05/23 10:48:09 AM"
"1453","32787","759000","Inner Sunset","17TH AVE","7","JUDAH ST","KIRKHAM ST","17th Avenue from Judah Street to Kirkham Street","3-Lump Speed Cushion","2","02","2026","2026/02/01","FY 2021-2022","App-Based","Complete",,,,"LINESTRING (-122.474854932 37.761794144, -122.474724318 37.759927377)","2026/05/23 10:19:56 AM","2026/05/23 10:48:09 AM"
"1454","32788","760000","Inner Sunset","17TH AVE","7","KIRKHAM ST","LAWTON ST","17th Avenue from Kirkham Street to Lawton Street","Speed Hump","1","9","2015","2015/09/01",,"Site Specific Backlog","Complete","<Null>","<Null>","<Null>","LINESTRING (-122.474724318 37.759927377, -122.474593733 37.758060928)","2026/05/23 10:19:56 AM","2026/05/23 10:48:09 AM"
"1455","32789","761000","Golden Gate Heights","17TH AVE","7","LAWTON ST","MORAGA ST","17th Avenue from Lawton Street to Moraga Street","Speed Hump","2","10","2024","2024/10/01","FY 2021-2022","TC Removal & Replacement","Complete",,,,"LINESTRING (-122.474593733 37.758060928, -122.474463706 37.756202351)","2026/05/23 10:19:56 AM","2026/05/23 10:48:09 AM"
"1456","32790","762000","Inner Sunset","17TH AVE","7","MORAGA ST","NORIEGA ST","17th Avenue from Moraga Street to Noriega Street","Speed Hump","2","7","2015","2015/07/01",,"Site Specific Backlog","Complete","<Null>","<Null>","<Null>","LINESTRING (-122.474463706 37.756202351, -122.474334596 37.75433403)","2026/05/23 10:19:56 AM","2026/05/23 10:48:09 AM"
"1457","32791","763000","Golden Gate Heights","17TH AVE","7","NORIEGA ST","ORTEGA ST","17th Avenue from Noriega Street to Ortega Street","3-Lump Speed Cushion","2","12","2025","2025/12/01","FY 2021-2022","App-Based","Complete",,,,"LINESTRING (-122.474334596 37.75433403, -122.474205183 37.752471761)","2026/05/23 10:19:56 AM","2026/05/23 10:48:09 AM"
"1458","32793","765000","Golden Gate Heights","17TH AVE","7","PACHECO ST","QUINTARA ST","17th Avenue from Pacheco Street to Quintara Street","3-Lump Speed Cushion","2","2","2021","2021/02/01","FY 2017-2018","App-Based","Complete","<Null>","<Null>","<Null>","LINESTRING (-122.474075267 37.750604297, -122.473945691 37.748739504)","2026/05/23 10:19:56 AM","2026/05/23 10:48:09 AM"
"1459","32802","683000","Golden Gate Heights","16TH AVE","7","LOMITA AVE","MORAGA ST","16th Avenue from Lomita Avenue to Moraga Street","Speed Hump","1","<Null>","<Null>",,"FY 2018-2019","App-Based","Pending construction","TBD","Completion","TBD","LINESTRING (-122.473442608 37.75684474, -122.473576193 37.756538559, -122.473683312 37.756236808)","2026/05/23 10:19:56 AM","2026/05/23 10:48:09 AM"
"1460","32808","689000","Golden Gate Heights","16TH AVE","7","QUINTARA ST","RIVERA ST","16th Avenue from Quintara Street to Rivera Street","3-Lump Speed Cushion","2","12","2025","2025/12/01","FY 2021-2022","App-Based","Complete",,,,"LINESTRING (-122.472873109 37.74878676, -122.472742156 37.746921459)","2026/05/23 10:19:56 AM","2026/05/23 10:48:09 AM"
"1461","32809","690000","Golden Gate Heights","16TH AVE","7","RIVERA ST","SANTIAGO ST","16th Avenue from Rivera Street to Santiago Street","3-Lump Speed Cushion","2","9","2023","2023/09/01","FY 2020-2021","App-Based","Complete",,,"<Null>","LINESTRING (-122.472742156 37.746921459, -122.472777106 37.746803692, -122.472815722 37.746313391, -122.472804128 37.745655281, -122.472899711 37.745199344, -122.472924526 37.745043618)","2026/05/23 10:19:56 AM","2026/05/23 10:48:09 AM"
"1462","32810","691000","Golden Gate Heights","16TH AVE","7","SANTIAGO ST","CECILIA AVE","16th Avenue from Santiago Street to Cecilia Avenue","<Null>","<Null>","<Null>","<Null>",,"FY 2022-2023","App-Based","Pending design review and approval","Jul - Dec 2024","Pending construction","Jan - Jul 2025","LINESTRING (-122.472924526 37.745043618, -122.472949349 37.744887841, -122.472932844 37.744782238, -122.4728413 37.744152198, -122.472766624 37.744029292, -122.472529426 37.743925336)","2026/05/23 10:19:56 AM","2026/05/23 10:48:09 AM"
"1463",,"8023000","Lake","LAKE ST","1","14TH AVE","15TH AVE","Lake St from 14th Ave to 15th Ave","3-Lump Speed Cushion","1","9","2022","2022/09/01",,"Lake St Slow Street TC","Complete",,,,"LINESTRING (-122.473255083 37.786288101, -122.474382842 37.786238018)","2026/05/23 10:19:56 AM","2026/05/23 10:48:09 AM"
"1464",,"6280000","Western Addition","GOLDEN GATE AVE","2","CENTRAL AVE","MASONIC AVE","Golden Gate Avenue from Central Avenue to Masonic Avenue","3-Lump Speed Cushion","1","10","2022","2022/10/01",,"Golden Gate Ave Slow Street TC","Complete",,,,"LINESTRING (-122.445155753 37.777886507, -122.44684647 37.777669109)","2026/05/23 10:19:56 AM","2026/05/23 10:48:09 AM"
"1465",,"9445000","Bernal Heights","MULLEN AVE","9","FRANCONIA AVE","MONTCALM ST","Mullen Avenue from Franconia Avenue to Montcalm Street","Speed Hump","2","1","2024","2024/01/01",,"D9 CRT","Complete",,,,"LINESTRING (-122.407049836 37.746932068, -122.408124571 37.746465184)","2026/05/23 10:19:56 AM","2026/05/23 10:48:09 AM"
"1466",,"9444000","Bernal Heights","MULLEN AVE","9","FRANCONIA ST","PERALTA AVE","Mullen Avenue from Franconia Street to Peralta Avenue","Speed Hump","1","1","2024","2024/01/01",,"D9 CRT","Complete",,,,"LINESTRING (-122.408124571 37.746465184, -122.408402408 37.746345162, -122.408543496 37.746307216, -122.408760251 37.746343788, -122.408900195 37.746428975, -122.409043515 37.746418411)","2026/05/23 10:19:56 AM","2026/05/23 10:48:09 AM"
"1467",,"7999000","Merced Manor","LAGUNITAS DR","7","SLOAT BLVD","CRANLEIGH DR","Lagunitas Drive from Sloat Boulevard to Cranleigh Drive","3-Lump Speed Cushion","2","10","2023","2023/10/01",,"FY20 D7 PB","Complete",,,,"LINESTRING (-122.473227227 37.734587991, -122.47317353 37.733722344)","2026/05/23 10:19:56 AM","2026/05/23 10:48:09 AM"
"1468",,"8000000","Merced Manor","LAGUNITAS DR","7","CRANLEIGH DR","BEACHMONT DR","Lagunitas Drive from Cranleigh Drive to Beachmont Drive","3-Lump Speed Cushion","2","10","2023","2023/10/01",,"FY20 D7 PB","Complete",,,,"LINESTRING (-122.47317353 37.733722344, -122.473170009 37.733464928, -122.473972613 37.732423336)","2026/05/23 10:19:56 AM","2026/05/23 10:48:09 AM"
"1469",,"12954000","Merced Manor","JUNIPERO SERRA FRONTAGE RD","7","WOODACRE DR","OCEAN AVE","Junipero Serra Frontage Road from Ocean Avenue to Woodacre Drive","3-Lump Speed Cushion","3","10","2023","2023/10/01",,"FY20 D7 PB","Complete",,,,"LINESTRING (-122.472160325 37.731205504, -122.47214031 37.731566945, -122.472105217 37.732200646, -122.472066966 37.732891367, -122.472031304 37.733535325, -122.472015011 37.733829526)","2026/05/23 10:19:56 AM","2026/05/23 10:48:09 AM"
"1470",,"10218000","Hunters Point","PALOU AVE","10","HAWES ST","INGALLS ST","Palou Avenue from Hawes Street to Ingalls Street","5-Lump Speed Cushion","2","6","2023","2023/06/01",,"Palou Ave TC","Complete",,,,"LINESTRING (-122.383431184 37.729737553, -122.381564415 37.728678012)","2026/05/23 10:19:56 AM","2026/05/23 10:48:09 AM"
"1471",,"10219000","Bayview District","PALOU AVE","10","INGALLS ST","JENNINGS ST","Palou Avenue from Ingalls Street to Jennings Street","5-Lump Speed Cushion","2","7","2023","2023/07/01",,"Palou Ave TC","Complete",,,,"LINESTRING (-122.383431184 37.729737553, -122.385286995 37.730790815)","2026/05/23 10:19:56 AM","2026/05/23 10:48:09 AM"
"1472",,"10220000","Bayview District","PALOU AVE","10","JENNINGS ST","KEITH ST","Palou Avenue from Jennings Street to Keith Street","5-Lump Speed Cushion","2","7","2023","2023/07/01",,"Palou Ave TC","Complete",,,,"LINESTRING (-122.385286995 37.730790815, -122.387166512 37.731857471)","2026/05/23 10:19:56 AM","2026/05/23 10:48:09 AM"
"1601",,"10224000","Silver Terrace","PALOU AVE","10","NEWHALL ST","PHELPS ST","Palou Avenue from Newhall Street to Phelps Street","5-Lump Speed Cushion","2","8","2023","2023/08/01",,"Palou Ave TC","Complete",,,,"LINESTRING (-122.392775931 37.735038101, -122.394662059 37.736106506)","2026/05/23 10:19:56 AM","2026/05/23 10:48:09 AM"
"1602",,"5696000","Mission District","FOLSOM ST","9","21ST ST","22ND ST","Folsom Street from 21st Street to 22nd Street","5-Lump Speed Cushion","2","6","2023","2023/06/01","FY 2020-2021","D9 NTIP","Complete",,,,"LINESTRING (-122.414541468 37.757297644, -122.414387601 37.755699465)","2026/05/23 10:19:56 AM","2026/05/23 10:48:09 AM"
"1603",,"7196000",,"INDIANA ST","10","22ND ST","TUBBS ST","Indiana Street from 22nd Street to Tubbs Street","Speed Table","2",,,,,"Muni Yard TC","Pending construction","TBD","Completion","TBD","LINESTRING (-122.391174197 37.757767916, -122.391030406 37.756235783)","2026/05/23 10:19:56 AM","2026/05/23 10:48:09 AM"
"1604",,"4216000","Noe Valley","CLIPPER ST","8","DIAMOND ST","DOUGLASS ST","Clipper Street from Diamond Street to Douglass Street","4-Lump Speed Cushion","1","1","2024","2024/01/01",,"D8 CRT","Complete",,,,"LINESTRING (-122.436067173 37.748762035, -122.438139804 37.74863673, -122.438246126 37.748664501)","2026/05/23 10:19:56 AM","2026/05/23 10:48:09 AM"
"1605",,"10811000","Hunters Point","QUESADA AVE","10","HAWES ST","INGALLS ST","Quesada Avenue from Hawes Street to Ingalls Street","Speed Hump","2","12","2022","2022/12/01",,"Restoration after BSSR Paving FY 22-23 (10038989)","Complete",,,,"LINESTRING (-122.383993749 37.729111703, -122.382125706 37.728051444)","2026/05/23 10:19:56 AM","2026/05/23 10:48:09 AM"
"1606",,"6672000","Bayview District","HARBOR RD","10","BERTHA LN","INGALLS ST","Harbor Road from Bertha Lane to Ingalls Street","3-Lump Speed Cushion","2","2","2023","2023/02/01",,"D10 CRT","Pending construction","TBD","Completion","TBD","LINESTRING (-122.379931725 37.733380733, -122.380110512 37.733398472, -122.380200058 37.733431989, -122.380360401 37.733520764, -122.380840561 37.733786605, -122.381162056 37.73396504, -122.381284181 37.734033853)","2026/05/23 10:19:56 AM","2026/05/23 10:48:09 AM"
"1608",,"4484000","Holly Park","CRESCENT AVE","9","LEESE ST","MISSION ST / COLLEGE AVE","Crescent Avenue from Leese Street to Mission Street / College Avenue","Speed Table","1","4","2023","2023/04/01","FY 2020-2021","FY21 D9 NTIP","Complete",,,,"LINESTRING (-122.424702562 37.735369871, -122.422687909 37.73520497)","2026/05/23 10:19:56 AM","2026/05/23 10:48:09 AM"
"1609",,"314000","Inner Richmond","06TH AVE","1","CALIFORNIA ST","CLEMENT ST","06th Avenue from California Street to Clement Street","5-Lump Speed Cushion","2","6","2024","2024/06/01","FY 2019-2020","Schools Engineering Loading Zone TC","Complete",,,,"LINESTRING (-122.464425025 37.782939934, -122.464551383 37.784791867, -122.464572159 37.784993973)","2026/05/23 10:19:56 AM","2026/05/23 10:48:09 AM"
"1610",,"3205000","Lower Pacific Heights","BRODERICK ST","2","CALIFORNIA ST","PINE ST","Broderick Street from California Street to Pine Street","Speed Hump","1","7","2024","2024/07/01","FY 2019-2020","Schools Engineering Loading Zone TC","Complete",,,,"LINESTRING (-122.44191562 37.786900331, -122.442109525 37.787855573)","2026/05/23 10:19:56 AM","2026/05/23 10:48:09 AM"
"1611",,"6469000","Pacific Heights","GREEN ST","1","GOUGH ST","FRANKLIN ST","Green Street from Franklin Street to Gough Street","Speed Hump","1","8","2024","2024/08/01","FY 2019-2020","Schools Engineering Loading Zone TC","Complete",,,,"LINESTRING (-122.425436866 37.797408351, -122.427080193 37.797200169)","2026/05/23 10:19:56 AM","2026/05/23 10:48:09 AM"
"1612",,"10191000","Jordan Park - Laurel Heights","PALM AVE","1","EUCLID AVE","GEARY BLVD","Palm Avenue from Euclid Avenue to Geary Boulevard","Speed Hump","1",,,,"FY 2019-2020","Schools Engineering Loading Zones TC","Obsolete",,"Completion",,"LINESTRING (-122.457922818 37.783874311, -122.457733044 37.781314586)","2026/05/23 10:19:56 AM","2026/05/23 10:48:09 AM"
"1613",,"7407000","Pacific Heights","JACKSON ST","3","DIVISADERO ST","SCOTT ST","Jackson Street from Divisadero Street to Scott Street","5-Lump Speed Cushion","1","8","2024","2024/08/01","FY 2019-2020","Schools Engineering Loading Zones TC","Complete",,,,"LINESTRING (-122.439487644 37.791842948, -122.441154593 37.791630842)","2026/05/23 10:19:56 AM","2026/05/23 10:48:09 AM"
"1614",,"3157000","Russian Hill","BROADWAY","3","MASON ST","POWELL ST","Broadway from Mason Street to Powell Street","Speed Hump","1","8","2024","2024/08/01","FY 2019-2020","Schools Engineering Loading Zones TC","Complete",,,,"LINESTRING (-122.411888141 37.797132192, -122.411803474 37.797290171, -122.411343715 37.797342657, -122.411050212 37.797313692, -122.410408291 37.797449996, -122.410263525 37.797420186)","2026/05/23 10:19:56 AM","2026/05/23 10:48:09 AM"
"1615",,"5503000","North Beach","FILBERT ST","3","POWELL ST","STOCKTON ST","Filbert Street from Powell Street to Stockton Street","5-Lump Speed Cushion","1",,,,"FY 2019-2020","Schools Engineering Loading Zone TC","Pending construction","TBD","Completion","TBD","LINESTRING (-122.411018517 37.801169752, -122.409369117 37.801370656)","2026/05/23 10:19:56 AM","2026/05/23 10:48:09 AM"
"1616",,"1754000","Outer Sunset","34TH AVE","4","PACHECO ST","QUINTARA ST","34th Avenue from Pacheco Street to Quintara Street","Speed Hump","2","7","2024","2024/07/01","FY 2019-2020","Schools Engineering Loading Zone TC","Complete",,,,"LINESTRING (-122.492155918 37.747935695, -122.492284929 37.749800513)","2026/05/23 10:19:56 AM","2026/05/23 10:48:09 AM"
"1921",,"1835000","Outer Sunset","37TH AVE","4","QUINTARA ST","RIVERA ST","37th Avenue from Quintara Street to Rivera Street","Speed Hump","2","7","2024","2024/07/01","FY 2019-2020","Schools Engineering Loading Zone TC","Complete",,,,"LINESTRING (-122.495369765 37.74779354, -122.495239601 37.745927927)","2026/05/23 10:19:56 AM","2026/05/23 10:48:09 AM"
"1922",,"1917000","Outer Sunset","41ST AVE","4","ORTEGA ST","PACHECO ST","41st Avenue from Ortega Street to Pacheco Street","3-Lump Speed Cushion","2","6","2024","2024/06/01","FY 2019-2020","Schools Engineering Loading Zone TC","Complete",,,,"LINESTRING (-122.499914457 37.751333766, -122.499784471 37.749472435)","2026/05/23 10:19:56 AM","2026/05/23 10:48:09 AM"
"1923",,"1946000","Parkside","42ND AVE","4","VICENTE ST","WAWONA ST","42nd Avenue from Vicente Street to Wawona Street","Speed Hump","2","9","2024","2024/09/01","FY 2019-2020","Schools Engineering Loading Zone TC","Complete",,,,"LINESTRING (-122.50005778 37.738239292, -122.499939276 37.736370532)","2026/05/23 10:19:56 AM","2026/05/23 10:48:09 AM"
"1924",,"11697000","Western Addition","SCOTT ST","5","GEARY BLVD","OFARRELL ST","Scott Street from Geary Boulevard to O'Farrell Street","Speed Hump","1",,,,"FY 2019-2020","Schools Engineering Loading Zone TC","Pending construction","TBD","Completion","TBD","LINESTRING (-122.437847943 37.783717638, -122.437633454 37.7826629)","2026/05/23 10:19:56 AM","2026/05/23 10:48:09 AM"
"2241",,"13525000","Lower Haight","WEBSTER ST","5","PAGE ST","OAK ST","Webster Street from Oak Street to Page Street","3-Lump Speed Cushion","1","9","2024","2024/09/01","FY 2019-2020","Schools Engineering Loading Zone TC","Complete",,,,"LINESTRING (-122.428990052 37.773247801, -122.429178344 37.774181422)","2026/05/23 10:19:56 AM","2026/05/23 10:48:09 AM"
"2242",,"2378000","Balboa Terrace","APTOS AVE","7","OCEAN AVE","UPLAND DR","Aptos Avenue from Ocean Avenue and Upland Drive","3-Lump Speed Cushion","2","7","2024","2024/07/01","FY 2019-2020","Schools Engineering Loading Zone TC","Complete",,,,"LINESTRING (-122.466257285 37.730329022, -122.466361152 37.730053715, -122.466497908 37.729752296, -122.466624927 37.729505814, -122.466851153 37.729161542, -122.467108445 37.72884387, -122.467291528 37.728670231, -122.467445891 37.728523831, -122.467609604 37.728368561, -122.467739343 37.728329067)","2026/05/23 10:19:56 AM","2026/05/23 10:48:09 AM"
"2243",,"10909000","Fairmount","RANDALL ST","9","ARLINGTON ST","CHENERY ST","Randall Street from Arlington Street to Chenery Street","3-Lump Speed Cushion","1",,,,"FY 2019-2020","Schools Engineering Loading Zone TC","Pending construction","TBD","Completion","TBD","LINESTRING (-122.424502659 37.739860151, -122.425577809 37.739794704)","2026/05/23 10:19:56 AM","2026/05/23 10:48:09 AM"
"2244",,"11512000","Castro","SANCHEZ ST","8","16TH ST","17TH ST","Sanchez Street from 16th Street to 17th Street","3-Lump Speed Cushion","2","6","2024","2024/06/01","FY 2019-2020","Schools Engineering Loading Zone TC","Complete",,,,"LINESTRING (-122.430726723 37.762752671, -122.430882153 37.764373511)","2026/05/23 10:19:56 AM","2026/05/23 10:48:09 AM"
"2245",,"1050000","Mission District","20TH ST","9","HARRISON ST","TREAT AVE","20th Street from Harrison Street to Treat Avenue","Speed Hump","2","9","2024","2024/09/01","FY 2019-2020","Schools Engineering Loading Zone TC","Complete",,,,"LINESTRING (-122.413599748 37.758961798, -122.41250093 37.759028146)","2026/05/23 10:19:56 AM","2026/05/23 10:48:09 AM"
"2246",,"2583000","Portola","BACON ST","9","GOETTINGEN ST","SOMERSET ST","Bacon Street from Goettingen Street to Somerset St","5-Lump Speed Cushion","1","10","2024","2024/10/01","FY 2019-2020","Schools Engineering Loading Zone TC","Complete",,,,"LINESTRING (-122.406565382 37.726858522, -122.407556405 37.726599246)","2026/05/23 10:19:56 AM","2026/05/23 10:48:09 AM"
"2247",,"2581000","Portola","BACON ST","9","BRUSSELS ST","GIRARD ST","Bacon Street from Brussels Street to Girard Street","5-Lump Speed Cushion","1","05","2025","2025/05/01","FY 2018-2019","Schools Engineering Walk Audits","Complete",,,,"LINESTRING (-122.404593827 37.727374301, -122.405586309 37.727114663)","2026/05/23 10:19:56 AM","2026/05/23 10:48:09 AM"
"2248",,"2582000","Portola","BACON ST","9","BRUSSELS ST","GOETTINGEN ST","Bacon Street from Brussels Street to Goerttingen Street","5-Lump Speed Cushion","1","05","2025","2025/05/01","FY 2018-2019","Schools Engineering Walk Audits","Complete",,,,"LINESTRING (-122.405586309 37.727114663, -122.406565382 37.726858522)","2026/05/23 10:19:56 AM","2026/05/23 10:48:09 AM"
"2249",,"3674000","Mission District","CAPP ST","9","17TH ST","18TH ST","Capp Street from 17th Street to 18th Street","3-Lump Speed Cushion","2","7","2023","2023/07/01",,"D9 CRT Rapid Response","Pending construction","TBD","Completion","TBD","LINESTRING (-122.418483975 37.763496436, -122.418415585 37.763408654, -122.418388506 37.763125774, -122.418271319 37.761901563)","2026/05/23 10:19:56 AM","2026/05/23 10:48:09 AM"
"2251",,"3676000","Mission District","CAPP ST","9","19TH ST","20TH ST","Capp Street from 19th Street to 20th Street","3-Lump Speed Cushion","2","7","2023","2023/07/01",,"D9 CRT Rapid Response","Complete",,,,"LINESTRING (-122.418118118 37.760301061, -122.417964705 37.758698273)","2026/05/23 10:19:56 AM","2026/05/23 10:48:09 AM"
"2252",,"3678000","Mission District","CAPP ST","9","21ST ST","22ND ST","Capp Street from 21st Street to 22nd Street","3-Lump Speed Cushion","2","7","2023","2023/07/01",,"D9 CRT Rapid Response","Pending construction","TBD","Completion","TBD","LINESTRING (-122.417811899 37.757100932, -122.417658993 37.755502498)","2026/05/23 10:19:56 AM","2026/05/23 10:48:09 AM"
"2253",,"6198000","Portola","GIRARD ST","9","BACON ST","BURROWS ST","Girard Street from Bacon Street to Burrows Street","3-Lump Speed Cushion","1",,,,"FY 2019-2020","Schools Engineering Loading Zone TC","Pending construction","TBD","Completion","TBD","LINESTRING (-122.404593827 37.727374301, -122.405091018 37.728574321)","2026/05/23 10:19:56 AM","2026/05/23 10:48:09 AM"
"2254",,"11614000","Parkside","SANTIAGO ST","4","22ND AVE","24TH AVE","Santiago Street from 22nd Avenue to 24th Avenue","Speed Hump","2","12","2023","2023/12/01",,"D4 CRT Rapid Response","Complete",,,,"LINESTRING (-122.479035299 37.744775469, -122.481181215 37.744681182)","2026/05/23 10:19:56 AM","2026/05/23 10:48:09 AM"
"2255",,"4136000",,"CLAYTON ST","5","ASHBURY ST","PARNASSUS AVE","Clayton Street from Ashbury Street to Parnassus Avenue","3-Lump Speed Cushion","3",,,,,"D5 CRT","Pending construction","TBD","Completion","TBD","LINESTRING (-122.447634629 37.765138734, -122.447566091 37.764800512, -122.447305208 37.764256389, -122.446994343 37.762722235)","2026/05/23 10:19:56 AM","2026/05/23 10:48:09 AM"
"2581",,"155000","Inner Richmond","03RD AVE","1","GEARY BLVD","ANZA ST","03rd Avenue from Geary Boulveard to Anza Street","Speed Cushion",,,,,"FY 2022-2023","App-Based","Pending design review and approval","Jul - Dec 2024","Pending construction","Jan - Jul 2025","LINESTRING (-122.461062829 37.781160262, -122.460931269 37.77923468)","2026/05/23 10:19:56 AM","2026/05/23 10:48:09 AM"
"2583",,"6364000","Ingleside","GRAFTON AVE","11","JULES AVE","ASHTON AVE","Grafton Avenue from Jules avenue to Ashton Avenue",,,,,,"FY 2022-2023","App-Based",,,,,"LINESTRING (-122.462254399 37.720008573, -122.46123397 37.720017993)","2026/05/23 10:19:56 AM","2026/05/23 10:48:09 AM"
"2881",,"5200000","Bernal Heights","ELLSWORTH ST","9","OGDEN AVE","CRESCENT AVE","Ellsworth Street from Ogden Avenue to Crescent Avenue","Speed Hump","2","6","2023","2023/06/01","FY 2018-2019","App-Based","Complete",,,,"LINESTRING (-122.41482888 37.735965167, -122.414934763 37.734793888)","2026/05/23 10:19:56 AM","2026/05/23 10:48:09 AM"
"3203",,"11795000","Mission Dolores","SHARON ST","8","15TH ST","16TH ST","Sharon Street from 15th Street to 16th Street","3-Lump Speed Cushion","2","9","2023","2023/09/01","FY 2020-2021","App-Based","Complete",,,,"LINESTRING (-122.429926121 37.766063061, -122.429770567 37.764440753)","2026/05/23 10:19:56 AM","2026/05/23 10:48:09 AM"
"3204",,"10590000","Castro","POND ST","8","16TH ST","17TH ST","Pond Street from 16th Street to 17th Street","Speed Hump","2","9","2023","2023/09/01","FY 2020-2021","App-Based","Complete",,,,"LINESTRING (-122.432279516 37.764288965, -122.432124056 37.762668127)","2026/05/23 10:19:56 AM","2026/05/23 10:48:09 AM"
"3205",,"2831000","Silver Terrace","BAY VIEW ST","10","LATONA ST","POMONA ST","Bay View Street from Latona Street to Pamona Street","3-Lump Speed Cushion","1","9","2023","2023/09/01","FY 2020-2021","App-Based","Complete",,,,"LINESTRING (-122.392357919 37.732487907, -122.393242505 37.732615578)","2026/05/23 10:19:56 AM","2026/05/23 10:48:09 AM"
"3206",,"2832000","Silver Terrace","BAY VIEW ST","10","POMONA ST","FLORA ST","Bay View Street from Pomona Street to Flora Street","3-Lump Speed Cushion","1","9","2023","2023/09/01","FY 2020-2021","App-Based","Complete",,,,"LINESTRING (-122.393242505 37.732615578, -122.394127094 37.732743244)","2026/05/23 10:19:56 AM","2026/05/23 10:48:09 AM"
"3209",,"5173000","Tenderloin","ELLIS ST","5","TAYLOR ST","JONES ST","Ellis Street from Taylor Street to Jones Street","5-Lump Speed Cushion","2","7","2024","2024/07/01",,"Ellis Street Traffic Calming","Complete",,,,"LINESTRING (-122.411142059 37.785074479, -122.412782128 37.784866245)","2026/05/23 10:19:56 AM","2026/05/23 10:48:09 AM"
"3521",,"5174000","Tenderloin","ELLIS ST","5","JONES ST","LEAVENSWORTH ST","Ellis Street from Jones Street to Leavensworth Street","5-Lump Speed Cushion","2","7","2024","2024/07/01",,"Ellis Street Traffic Calming","Complete",,,,"LINESTRING (-122.412782128 37.784866246, -122.414430198 37.784657141)","2026/05/23 10:19:56 AM","2026/05/23 10:48:09 AM"
"3522",,"5176000","Tenderloin","ELLIS ST","5","LEAVENWORTH ST","HYDE ST","Ellis Street from Leavenworth Street to Hyde Street","5-Lump Speed Cushion","2","8","2024","2024/08/01",,"Ellis Street Traffic Calming","Complete",,,,"LINESTRING (-122.414430198 37.784657141, -122.416071735 37.784448842)","2026/05/23 10:19:56 AM","2026/05/23 10:48:09 AM"
"3523",,"5177000","Tenderloin","ELLIS ST","5","HYDE ST","LARKIN ST","Ellis Street from Hyde Street to Larking Street","5-Lump Speed Cushion","2","09","2024","2024/09/01",,"Ellis Street Traffic Calming","Complete",,,,"LINESTRING (-122.416071734 37.784448842, -122.41770675 37.78423574)","2026/05/23 10:19:56 AM","2026/05/23 10:48:09 AM"
"3841",,"2093000","Fairmount","ADDISON ST","8","BEMIS ST","DIGBY ST","Addison Street from Bemis Street to Digby Street","5-Lump Speed Cushion","2",,,,,,"Pending construction","TBD","Completion","TBD","LINESTRING (-122.433710649 37.740080921, -122.433669201 37.739899384, -122.433294715 37.738980972, -122.433238142 37.738656181, -122.433108634 37.738363367, -122.432934383 37.738186007, -122.432152846 37.737550323, -122.431977036 37.737451877, -122.431675506 37.73742787, -122.431417152 37.737486389, -122.430650501 37.737810176, -122.430400884 37.737854073, -122.430107997 37.737811826, -122.429496325 37.737823827)","2026/05/23 10:19:56 AM","2026/05/23 10:48:09 AM"
"3842",,"10341000","Bernal Heights","PERALTA AVE","9","YORK ST","FRANCONIA ST","Peralta Avenue from York Street to Franconia STreet","5-Lump Speed Cushion","2",,,,,,"Pending construction","TBD","Completion","TBD","LINESTRING (-122.407270929 37.747430714, -122.408439568 37.746923038)","2026/05/23 10:19:56 AM","2026/05/23 10:48:09 AM"
"4177",,"13697000","Potrero Hill","WISCONSIN ST","10","MADERA ST","23RD ST","Wisconsin Street from Madera Street to 23rd Street","3-Lump Speed Cushion","1","8","2023","2023/08/01","FY 2020-2021",,"Complete",,,,"LINESTRING (-122.398799805 37.755840701, -122.398693308 37.754745313)","2026/05/23 10:19:56 AM","2026/05/23 10:48:09 AM"
"4178",,"13754000","Monterey Heights","YERBA BUENA AVE","7","PLYMOUTH AVE","MONTEREY BLVD","Yerba Buena Avenue from Plymouth Avenue to Monterey Boulevard","4-Lump Speed Cushion","1","3","2024","2024/03/01","FY 2020-2021","App-Based","Complete",,,,"LINESTRING (-122.458613725 37.732543204, -122.458525608 37.732024653, -122.458501861 37.731627457, -122.458528918 37.731293571, -122.458696302 37.730838175)","2026/05/23 10:19:56 AM","2026/05/23 10:48:09 AM"
"4180",,"282000","Inner Richmond","05TH AVE","1","BALBOA ST","CABRILLO ST","05th Avenue, from Balboa Street to Cabrillo Street",,,,,,"FY 2023-2024_Q1","App-Based","Pending design review and approval","TBD","Pending construction","TBD","LINESTRING (-122.462940789 37.777282735, -122.462804751 37.775417908)","2026/05/23 10:19:56 AM","2026/05/23 10:48:09 AM"
"4181",,"428000","Inner Richmond","09TH AVE","1","BALBOA ST","CABRILLO ST","09th Avenue from Balboa Street to Cabrillo Street",,,,,,"FY 2023-2024_Q1","App-Based","Pending design review and approval","TBD","Pending construction","TBD","LINESTRING (-122.467220404 37.77708786, -122.467086295 37.775222829)","2026/05/23 10:19:56 AM","2026/05/23 10:48:09 AM"
"4182",,"799000","Mission Dolores","17TH ST","9","VALENCIA ST","ALBION ST","17th Street from Valencia Street to Albion Street",,,,,,"FY 2023-2024_Q1","App-Based","Pending design review and approval","TBD","Pending construction","TBD","LINESTRING (-122.421731522 37.763299768, -122.422698659 37.763243323)","2026/05/23 10:19:56 AM","2026/05/23 10:48:09 AM"
"4183",,"800000","The Mission","17TH ST","9","ALBION ST","DEARBORN ST","17th Street from Albion Street to Dearborn Street",,,,,,,,,,,,"LINESTRING (-122.422698659 37.763243323, -122.423074928 37.763221183)","2026/05/23 10:19:56 AM","2026/05/23 10:48:09 AM"
"4184",,"801000","Mission Dolores","17TH ST","9","GUERRERO ST","DEARBORN ST","17th Street from Gurerro Street to Dearborn Street",,,,,,"FY 2023-2024_Q1","App-Based","Pending design review and approval","TBD","Pending construction","TBD","LINESTRING (-122.423074928 37.763221183, -122.423959243 37.763167825)","2026/05/23 10:19:56 AM","2026/05/23 10:48:09 AM"
"4185",,"10341000","Golden Gate Heights","18TH AVE","7","NORIEGA ST","ORTEGA ST","18th Avenue from Noriega Street to Ortega Street",,,,,,"FY 2023-2024_Q1","App-Based","Pending design review and approval","TBD","Pending construction","TBD","LINESTRING (-122.475405909 37.754286934, -122.475276422 37.752423948)","2026/05/23 10:19:56 AM","2026/05/23 10:48:09 AM"
"4186",,"1224000","Outer Sunset","23RD AVE","4","NORIEGA ST","ORTEGA ST","23rd Avenue from Noriega Street to Ortega Street",,,,,,"FY 2023-2024_Q1","App-Based","Pending design review and approval","TBD","Pending construction","TBD","LINESTRING (-122.480758582 37.754051474, -122.480628879 37.752187357)","2026/05/23 10:19:56 AM","2026/05/23 10:48:09 AM"
"4187",,"1300000","Outer Sunset","24TH AVE","4","JUDAH ST","KIRKHAM ST","24th Avenue from Judah Street to Kirkham Street",,,,,,"FY 2023-2024_Q1","App-Based","Pending design review and approval","TBD","Pending completion","TBD","LINESTRING (-122.4823521 37.761464421, -122.482221163 37.759595724)","2026/05/23 10:19:56 AM","2026/05/23 10:48:09 AM"
"4190",,"1470000","Lake","26TH AVE","1","LAKE ST","CALIFORNIA ST","26th Avenue from Lake Street to California Street",,,,,,"FY 2023-2024_Q1","App-Based","Pending design review and approval","TBD","Pending construction","TBD","LINESTRING (-122.486223795 37.785697129, -122.486088706 37.78383348)","2026/05/23 10:19:56 AM","2026/05/23 10:48:09 AM"
"4191",,"1679000","Outer Richmond","31ST AVE","1","CALIFORNIA ST","CLEMENT ST","31st Avenue from California Street to Clement Street",,,,,,"FY 2023-2024_Q1","App-Based","Pending design review and approval","TBD","Pending construction","TBD","LINESTRING (-122.491436411 37.783591416, -122.491298862 37.781726073)","2026/05/23 10:19:56 AM","2026/05/23 10:48:09 AM"
"4482",,"1959000","Outer Sunset","43RD AVE","4","MORAGA ST","NORIEGA ST","43rd Avenue from Moraga Street to Noriega Street",,,,,,"FY 2023-2024_Q1","App-Based","Pending design review and approval","TBD","Pending construction","TBD","LINESTRING (-122.502318146 37.754953129, -122.50219102 37.75310623)","2026/05/23 10:19:56 AM","2026/05/23 10:48:09 AM"
"4483",,"2047000","Outer Sunset","47TH AVE","4","LAWTON ST","MORAGA ST","47th Avenue from Lawton Street to Moraga Street",,,,,,"FY 2023-2024_Q1","App-Based","Pending design review and approval","TBD","Pending construction","TBD","LINESTRING (-122.506736536 37.75664586, -122.506605452 37.7547837)","2026/05/23 10:19:56 AM","2026/05/23 10:48:09 AM"
"4485",,"2459000","Bayview","ARMSTRONG AVE","10","INGALLS ST","JENNINGS ST","Armstrong Avenue from Ingalls Street to Jennings Street",,,,,,"FY 2024-2025_Q1","App-Based","Pending data collection and evaluation","TBD","Pending design review and approval","TBD","LINESTRING (-122.388496208 37.724100235, -122.390362708 37.725167206)","2026/05/23 10:19:56 AM","2026/05/23 10:48:09 AM"
"4486",,"2460000","Bayview District","ARMSTRONG AVE","10","JENNINGS ST","KEITH ST","Armstrong Avenue from Jennings Street to Keith Street",,,,,,"FY 2023-2024_Q1","App-Based","Pending design review and approval","TBD","Pending construction","TBD","LINESTRING (-122.390362708 37.725167206, -122.392235496 37.726222421)","2026/05/23 10:19:56 AM","2026/05/23 10:48:09 AM"
"4487",,"2461000","Bayview","ARMSTRONG AVE","10","KEITH ST","03RD ST","Armstrong Avenue from Keith Street to 3rd Street",,,,,,"FY 2024-2025_Q1","App-Based","Pending data collection and evaluation","TBD","Pending design review and approval","TBD","LINESTRING (-122.392235496 37.726222421, -122.393570157 37.726979832)","2026/05/23 10:19:56 AM","2026/05/23 10:48:09 AM"
"4802",,"4766000","Glen Park","DIAMOND ST","8","SUSSEX ST","PENNY LN","Diamond Street from Sussex Street to Penny Lane",,,,,,"FY 2023-2024_Q1","App-Based","Pending data collection and evaluation","TBD","Pending design review and approval","TBD","LINESTRING (-122.434697281 37.737256317, -122.43456363 37.73677873)","2026/05/23 10:19:56 AM","2026/05/23 10:48:09 AM"
"4803",,"4767000","Glen Park","DIAMOND ST","8","PENNY LN","SURREY ST","Diamond Street from Penny Lane to Surrey Street",,,,,,"FY 2023-2024_Q1","App-Based","Pending design review and approval","TBD","Pending construction","TBD","LINESTRING (-122.43456363 37.73677873, -122.434401271 37.736198545)","2026/05/23 10:19:56 AM","2026/05/23 10:48:09 AM"
"4807",,"5408000","Oceanview","FARALLONES ST","11","CAPITOL AVE","ORIZABA AVE","Farallones Street from Capitol Avenue to Orizaba Avenue",,,,,,"FY 2023-2024_Q1","App-Based","Pending design review and approval","TBD","Pending construction","TBD","LINESTRING (-122.459035385 37.714055302, -122.462588725 37.714029539)","2026/05/23 10:19:56 AM","2026/05/23 10:48:09 AM"
"4809",,"5526000","Cow Hollow","FILBERT ST","2","DIVISADERO ST","BRODERICK ST","Filbert Street from Divisadero Street to Broderick Street",,,,,,"FY 2023-2024_Q1","App-Based","Pending design review and approval","TBD","Pending construction","TBD","LINESTRING (-122.443949955 37.796968589, -122.442279288 37.797181193)","2026/05/23 10:19:56 AM","2026/05/23 10:48:09 AM"
"4816",,"7231000","Bayview District","INGALLS ST","10","VAN DYKE AVE","WALLACE AVE","Ingalls Street from Van Dyke AVenue to Wallace Avenue",,,,,,"FY 2023-2024_Q1","App-Based","Pending design review and approval","TBD","Pending construction","TBD","LINESTRING (-122.386800106 37.725985666, -122.387368261 37.725354105)","2026/05/23 10:19:56 AM","2026/05/23 10:48:09 AM"
"4817",,"7232000","Bayview District","INGALLS ST","10","WALLACE AVE","YOSEMITE AVE","Ingalls Street from Wallace Avenue to Yosemite Avenue",,,,,,"FY 2023-2024_Q1","App-Based","Pending design review and approval","TBD","Pending construction","TBD","LINESTRING (-122.387368261 37.725354105, -122.387930495 37.72472911)","2026/05/23 10:19:56 AM","2026/05/23 10:48:09 AM"
"4818",,"7233000","Bayview District","INGALLS ST","10","YOSEMITE AVE","ARMSTRONG AVE","Ingalls Street from Yosemite Avenut to Armstrong Avenue",,,,,,"FY 2023-2024_Q1","App-Based","Pending design review and approval","TBD","Pending construction","TBD","LINESTRING (-122.387930495 37.72472911, -122.388496208 37.724100235)","2026/05/23 10:19:56 AM","2026/05/23 10:48:09 AM"
"4819",,"7234000","Bayview District","INGALLS ST","10","ARMSTRONG AVE","BANCROFT AVE","Ingalls Street from Armstrong Avenue to Bancroft Avenue",,,,,,"FY 2023-2024_Q1","App-Based","Pending design review and approval","TBD","Pending construction","TBD","LINESTRING (-122.388496208 37.724100235, -122.389052681 37.723481619)","2026/05/23 10:19:56 AM","2026/05/23 10:48:09 AM"
"4820",,"7479000","Bayview","JENNINGS ST","10","VAN DYKE AVE","WALLACE AVE","Jennings Street from Van Dyke Avenue to Wallace Avenue",,,,,,"FY 2024-2025_Q1","App-Based","Pending data collection and evaluation","TBD","Pending design review and approval","TBD","LINESTRING (-122.388672812 37.727044146, -122.389237753 37.72641515)","2026/05/23 10:19:56 AM","2026/05/23 10:48:09 AM"
"4821",,"7480000","Bayview","JENNINGS ST","10","WALLACE AVE","YOSEMITE AVE","Jennings Street from Wallace Avenue to Yosemite Avenue",,,,,,"FY 2024-2025_Q1","App-Based","Pending data collection and evaluation","TBD","Pending design review and approval","TBD","LINESTRING (-122.389237753 37.72641515, -122.389800707 37.72579056)","2026/05/23 10:19:56 AM","2026/05/23 10:48:09 AM"
"4822",,"7481000","Bayview","JENNINGS ST","10","YOSEMITE AVE","ARMSTRONG AVE","Jennings Street from Yosemite Avenue to Armstrong Avenue",,,,,,"FY 2024-2025_Q1","App-Based","Pending data collection and evaluation","TBD","Pending design review and approval","TBD","LINESTRING (-122.389800707 37.72579056, -122.390362708 37.725167206)","2026/05/23 10:19:56 AM","2026/05/23 10:48:09 AM"
"4823",,"7482000","Bayview","JENNINGS ST","10","ARMSTRONG AVE","BANCROFT AVE","Jennings Street from Armstrong Avenue to Bancroft Avenue",,,,,,"FY 2024-2025_Q1","App-Based","Pending data collection and evaluation","TBD","Pending design review and approval","TBD","LINESTRING (-122.390362708 37.725167206, -122.390924328 37.724543875)","2026/05/23 10:19:56 AM","2026/05/23 10:48:09 AM"
"4828",,"8004000","Fairmount","LAIDLEY ST","8","HARPER ST","FAIRMOUNT ST","Laidley Streett from Harper Street to Fairmount Street",,,,,,"FY 2023-2024_Q1","App-Based","Pending design review and approval","TBD","Pending construction","TBD","LINESTRING (-122.430349553 37.740199607, -122.428244907 37.738996115, -122.428104829 37.738676315)","2026/05/23 10:19:56 AM","2026/05/23 10:48:09 AM"
"4830",,"8280000","Ocean View","LEE AVE","11","LAKEVIEW AVE","GRAFTON AVE","Lee Avenue from Lakeview Avenue to Grafton Avenue",,,,,,"FY 2023-2024_Q1","App-Based","Pending design review and approval","TBD","Pending construction","TBD","LINESTRING (-122.454096162 37.720038193, -122.454081722 37.718173756)","2026/05/23 10:19:56 AM","2026/05/23 10:48:09 AM"
"4836",,"9397000","Crocker Amazon","MORSE ST","11","WHIPPLE ST","WHITTIER ST","Morse Street from Whipple Street to Whittier Street",,,,,,"FY 2023-2024_Q1","App-Based","Pending design review and approval","TBD","Pending construction","TBD","LINESTRING (-122.447497221 37.710574228, -122.447987589 37.71040264, -122.448376962 37.710372708)","2026/05/23 10:19:56 AM","2026/05/23 10:48:09 AM"
"4837",,"9579000","Silver Terrace","NEWHALL ST","10","BAYVIEW ST","TOPEKA AVE","Newhall Street from Bayview Street to Topeka Avenue",,,,,,"FY 2023-2024_Q1","App-Based","Pending design review and approval","TBD","Pending construction","TBD","LINESTRING (-122.394678075 37.732918142, -122.395516152 37.73197173, -122.395726165 37.731911772)","2026/05/23 10:19:56 AM","2026/05/23 10:48:09 AM"
"4838",,"9956000","Cayuga","ONONDOGA AVE","11","WANDA ST","OTSEGO AVE","Onondoga Avenue from Wanda Street to Otsego Avenue",,,,,,"FY 2023-2024_Q1","App-Based","Pending design review and approval","TBD","Pending construction","TBD","LINESTRING (-122.441430619 37.722725671, -122.440541273 37.722375127)","2026/05/23 10:19:56 AM","2026/05/23 10:48:09 AM"
"4841",,"11678000","Silver Terrace","SCOTIA AVE","10","QUINT ST","MADDUX AVE","Scotia Avenue from Quint Street to Maddux Avenue",,,,,,"FY 2023-2024_Q1","App-Based","Pending design review and approval","TBD","Pending construction","TBD","LINESTRING (-122.400565512 37.732861381, -122.400021616 37.732310524)","2026/05/23 10:19:56 AM","2026/05/23 10:48:09 AM"
"4842",,"11679000","Bayview","SCOTIA AVE","10","MADDUX AVE","THORNTON AVE","Scotia Avenue from Maddux Avenue to Thornton Avenue",,,,,,,,,,,,"LINESTRING (-122.400021616 37.732310524, -122.399423246 37.731703098)","2026/05/23 10:19:56 AM","2026/05/23 10:48:09 AM"
"4844",,"12190000","Sunnyside","STILLINGS AVE","7","MALTA DR","DETROIT ST","Stillings Avenue from Malta Drive to Detroit Street",,,,,,"FY 2023-2024_Q1","App-Based","Pending design review and approval","TBD","Pending construction","TBD","LINESTRING (-122.442971182 37.734564428, -122.444336618 37.734557438)","2026/05/23 10:19:56 AM","2026/05/23 10:48:09 AM"
"4849",,"13780000","Bayview District","YOSEMITE AVE","10","INGALLS ST","JENNINGS ST","Yosemite Avenue from Ingalls Street to Jennings Street",,,,,,"FY 2023-2024_Q1","App-Based","Pending design review and approval","TBD","Pending construction","TBD","LINESTRING (-122.387930495 37.72472911, -122.389800707 37.72579056)","2026/05/23 10:19:56 AM","2026/05/23 10:48:09 AM"
"4850",,"13781000","Bayview District","YOSEMITE AVE","10","JENNINGS ST","KEITH ST","Yosemite Avenue from Jennings Street to Keith Street",,,,,,"FY 2023-2024_Q1","App-Based","Pending design review and approval","TBD","Pending construction","TBD","LINESTRING (-122.389800707 37.72579056, -122.391669816 37.726851324)","2026/05/23 10:19:56 AM","2026/05/23 10:48:09 AM"
"4851",,"766000","Golden Gate Heights","17TH AVE","7","QUINTARA ST","RIVERA ST","17th Avenue from Quintara Street to Rivera Street",,,,,,"FY 2023-2024_Q2","App-Based","Pending design review and approval","TBD","Pending construction","TBD","LINESTRING (-122.473945692 37.748739504, -122.473816079 37.746874084)","2026/05/23 10:19:56 AM","2026/05/23 10:48:09 AM"
"4865",,"1812000","Parkside","36TH AVE","4","RIVERA ST","SANTIAGO ST","36th Avenue from Rivera Street to Santiago Street",,,,,,"FY 2023-2024_Q2","App-Based","Pending design review and approval","TBD","Pending construction","TBD","LINESTRING (-122.494166942 37.745975372, -122.494038473 37.744115445)","2026/05/23 10:19:56 AM","2026/05/23 10:48:09 AM"
"4868",,"1935000","Outer Sunset","42ND AVE","4","KIRKHAM ST","LAWTON ST","42nd Avenue from Kirkham Street to Lawton Street",,,,,,"FY 2023-2024_Q2","App-Based","Pending design review and approval","TBD","Pending construction","TBD","LINESTRING (-122.501505399 37.758747221, -122.501374215 37.756881823)","2026/05/23 10:19:56 AM","2026/05/23 10:48:09 AM"
"4869",,"1935000","Outer Richmond","43RD AVE","1","GEARY BLVD","ANZA ST","43rd Avenue from Geary Boulevard to Anza Street",,,,,,"FY 2023-2024_Q2","App-Based","Pending design review and approval","TBD","Pending construction","TBD","LINESTRING (-122.504020633 37.779208482, -122.503880621 37.777287311)","2026/05/23 10:19:56 AM","2026/05/23 10:48:09 AM"
"4870",,"1961000","Outer Sunset","43RD AVE","4","ORTEGA ST","PACHECO ST","43rd Avenue from Ortega Street to  Pacheco Street",,,,,,"FY 2023-2024_Q3","App-Based","Pending data collection and evaluation","TBD","Pending design review and approval","TBD","LINESTRING (-122.502060321 37.751239765, -122.501929916 37.749377411)","2026/05/23 10:19:56 AM","2026/05/23 10:48:09 AM"
"4872",,"1961000","Midtown Terrace","AQUAVISTA WY","7","SKYVIEW WY","MARVIEW WY","Aquavista Way from Skyview Way to Marview Way",,,,,,"FY 2023-2024_Q2","App-Based","Pending design review and approval","TBD","Pending construction","TBD","LINESTRING (-122.450020192 37.751134853, -122.449818468 37.751170815, -122.449657719 37.75126024, -122.449537612 37.751398182, -122.449222626 37.752826419, -122.449202353 37.752987617, -122.44919759 37.753090856, -122.449195253 37.753141526, -122.449204685 37.75325714, -122.449211671 37.753342774, -122.44923128 37.753446146, -122.449250447 37.753547188, -122.449338625 37.753766694, -122.449567372 37.754139767)","2026/05/23 10:19:56 AM","2026/05/23 10:48:09 AM"
"4874",,"3380000","Twin Peaks","BURNETT AVE","8","BURNETT AVE NORTH","GARDENSIDE DR","Burnett Avenue from Burnett Avenue North to Gardenside Drive",,,,,,"FY 2023-2024_Q2","App-Based","Pending design review and approval","TBD","Pending construction","TBD","LINESTRING (-122.444218906 37.75558386, -122.444239222 37.755911402, -122.444342123 37.756173024, -122.444485135 37.756353563)","2026/05/23 10:19:56 AM","2026/05/23 10:48:09 AM"
"4875",,"3380000","Twin Peaks","BURNETT AVE","8","TWIN PEAKS BLVD","BURNETT AVE NORTH","Burnett Avenue from Twin Peaks Boulevard to Burnett Avenue North",,,,,,"FY 2023-2024_Q2","App-Based","Pending design review and approval","TBD","Pending construction","TBD","LINESTRING (-122.444485135 37.756353562, -122.44454531 37.756429526, -122.444762601 37.756557599, -122.445025996 37.756612153, -122.445282579 37.756573272, -122.445646089 37.75644947, -122.445946403 37.75641333, -122.446950355 37.756550399)","2026/05/23 10:19:56 AM","2026/05/23 10:48:09 AM"
"4880",,"5026000","Portola","DWIGHT ST","9","DARTMOUTH ST","COLBY ST","Dwight Street from Darthmouth Street to Colby Street",,,,,,"FY 2023-2024_Q2","App-Based","Pending design review and approval","TBD","Pending construction","TBD","LINESTRING (-122.410000551 37.721973434, -122.41098979 37.721714906)","2026/05/23 10:19:56 AM","2026/05/23 10:48:09 AM"
"4881",,"5646000","Miraloma Park","FOERSTER ST","7","LOS PALMOS DR","TERESITA BLVD","Foerster Street from Los Palmos Drive to Teresita Boulevard",,,,,,"FY 2023-2024_Q2","App-Based","Pending design review and approval","TBD","Pending construction","TBD","LINESTRING (-122.448875769 37.735907674, -122.448897971 37.735796718, -122.448884155 37.734446522, -122.448896101 37.734368368, -122.448893154 37.734276937)","2026/05/23 10:19:56 AM","2026/05/23 10:48:09 AM"
"4890",,"427000","Inner Richmond","09TH AVE","1","ANZA ST","BALBOA ST","9th Avenue from Anza Street to Balboa Street",,,,,,"FY 2023-2024_Q3","App-Based","Pending data collection and evaluation","TBD","Pending design review and approval","TBD","LINESTRING (-122.46735401 37.778945797, -122.467220404 37.77708786)","2026/05/23 10:19:56 AM","2026/05/23 10:48:09 AM"
"4892",,"506000","Golden Gate Heights","11TH AVE","7","NORIEGA ST","ORTEGA ST","11th Avenue from Noriega Street to Ortega Street",,,,,,"FY 2023-2024_Q3","App-Based","Pending data collection and evaluation","TBD","Pending design review and approval","TBD","LINESTRING (-122.467802599 37.754626366, -122.467755167 37.754432289, -122.467642627 37.752756209)","2026/05/23 10:19:56 AM","2026/05/23 10:48:09 AM"
"4894",,"764000","Golden Gate Heights","17TH AVE","7","ORTEGA ST","PACHECO ST","17th Avenue from Ortega Street to Pacheco Street",,,,,,"FY 2023-2024_Q3","App-Based","Pending data collection and evaluation","TBD","Pending design review and approval","TBD","LINESTRING (-122.474205183 37.752471761, -122.474075268 37.750604297)","2026/05/23 10:19:56 AM","2026/05/23 10:48:09 AM"
"4895",,"1947000","Parkside","42ND AVE","4","WAWONA ST","SLOAT BLVD","42nd Avenue from Wawona Street to Sloat Boulevard",,,,,,"FY 2023-2024_Q3","App-Based","Pending data collection and evaluation","TBD","Pending design review and approval","TBD","LINESTRING (-122.499939276 37.736370532, -122.499870093 37.735368322, -122.499894826 37.735164009, -122.500076214 37.734909987)","2026/05/23 10:19:56 AM","2026/05/23 10:48:09 AM"
"4898",,"4254000","Bernal Heights","COLERIDGE ST","9","FAIR AVE","ESMERALDA AVE",,,,,,,"FY 2023-2024_Q3","App-Based","Pending data collection and evaluation","TBD","Pending design review and approval","TBD","LINESTRING (-122.418784785 37.745150766, -122.419492494 37.744060295)","2026/05/23 10:19:56 AM","2026/05/23 10:48:09 AM"
"4899",,"4255000","Bernal Heights","COLERIDGE ST","9","ESMERALDA AVE","VIRGINIA AVE","Coleridge Street from Esmeralda Avenue to Virginia Avenue",,,,,,"FY 2023-2024_Q3","App-Based","Pending data collection and evaluation","TBD","Pending design review and approval","TBD","LINESTRING (-122.419492494 37.744060295, -122.420386697 37.742678715)","2026/05/23 10:19:56 AM","2026/05/23 10:48:09 AM"
"4900",,"4340000","Sunnyside","CONGO ST","7","STILLINGS AVE","700 CONGO ST","Congo Street from Stillings Avenue to Congo Street",,,,,,"FY 2023-2024_Q3","App-Based","Pending data collection and evaluation","TBD","Pending design review and approval","TBD","LINESTRING (-122.442024205 37.734407991, -122.442019698 37.735402878)","2026/05/23 10:19:56 AM","2026/05/23 10:48:09 AM"
"4901",,"5848000","Ashbury Heights","FREDERICK ST","8","ASHBURY ST","DOWNEY ST","Frederick Street from Ashbury Street to Downey Street",,,,,,"FY 2023-2024_Q3","App-Based","Pending data collection and evaluation","TBD","Pending design review and approval","TBD","LINESTRING (-122.447199188 37.767110559, -122.446369259 37.767220256)","2026/05/23 10:19:56 AM","2026/05/23 10:48:09 AM"
"4902",,"5122000","Seacliff","EL CAMINO DEL MAR","1","26TH AVE","27TH AVE","El Camino Del Mar from 26th Avenue to 27th Avenue",,,,,,"FY 2023-2024_Q3","App-Based","Pending data collection and evaluation","TBD","Pending design review and approval","TBD","LINESTRING (-122.486358957 37.787561702, -122.487421759 37.787512148)","2026/05/23 10:19:56 AM","2026/05/23 10:48:09 AM"
"4903",,"5639000","Sunnyside","FOERSTER ST","7","STAPLES AVE","FLOOD AVE","Foerster Street from Staples Avenue to Flood Avenue",,,,,,"FY 2023-2024_Q3","App-Based","Pending data collection and evaluation","TBD","Pending design review and approval","TBD","LINESTRING (-122.448854952 37.729882308, -122.448849436 37.729072597)","2026/05/23 10:19:56 AM","2026/05/23 10:48:09 AM"
"4907",,"9744000","Anza Vista","O'FARRELL ST","2","SAINT JOSEPH'S AVE","LYON ST","O'Farrell Street from Saint Joseoph's Avenue to Lyon Street",,,,,,"FY 2023-2024_Q3","App-Based","Pending data collection and evaluation","TBD","Pending design review and approval","TBD","LINESTRING (-122.441671639 37.782233947, -122.441740706 37.782138448, -122.442328626 37.782022911, -122.442851703 37.781956869, -122.443498461 37.781914627, -122.4438312 37.781871642)","2026/05/23 10:19:56 AM","2026/05/23 10:48:09 AM"
"4908",,"10222000","Bayview District","PALOU AVE","10","LANE ST","03RD ST","Palou Avenue from Lane Street to 3rd Street",,,,,,"FY 2023-2024_Q3","App-Based","Pending data collection and evaluation","TBD","Pending design review and approval","TBD","LINESTRING (-122.389035068 37.732918895, -122.390967889 37.734013872)","2026/05/23 10:19:56 AM","2026/05/23 10:48:09 AM"
"4909",,"10815000","Bayview District","QUESADA AVE","10","LANE ST","03RD ST","Quesada Avenue from Lane Street to 3rd Street",,,,,,"FY 2023-2024_Q3","App-Based","Pending data collection and evaluation","TBD","Pending design review and approval","TBD","LINESTRING (-122.3896006 37.732289962, -122.391244493 37.733223262)","2026/05/23 10:19:56 AM","2026/05/23 10:48:09 AM"
"4911",,"12689000","Mission District","TREAT AVE","9","23RD ST","24TH ST","Treat Avenue from 23rd Street to 24th Street",,,,,,"FY 2023-2024_Q3","App-Based","Pending data collection and evaluation","TBD","Pending design review and approval","TBD","LINESTRING (-122.413140889 37.754164581, -122.412995175 37.752572757)","2026/05/23 10:19:56 AM","2026/05/23 10:48:09 AM"
"4912",,"13284000","Merced Heights","VICTORIA ST","11","RANDOLPH ST","SARGENT ST","Victoria Street from Randolph Street to Sargent Street",,,,,,"FY 2023-2024_Q3","App-Based","Pending data collection and evaluation","TBD","Pending design review and approval","TBD","LINESTRING (-122.465321066 37.716117622, -122.465299721 37.714286977)","2026/05/23 10:19:56 AM","2026/05/23 10:48:09 AM"
"4914",,"13695000","Potrero Hill","WISCONSIN ST","10","20ND ST","22ND ST","Wisconsin Street fom 20nd Street to 22nd Street",,,,,,"FY 2023-2024_Q3","App-Based","Pending data collection and evaluation","TBD","Pending design review and approval","TBD","LINESTRING (-122.399181612 37.75985052, -122.398938842 37.757300949)","2026/05/23 10:19:56 AM","2026/05/23 10:48:09 AM"
"5441",,"1051000","Mission District","20TH ST","9","TREAT AVE","FOLSOM ST","20th Street from Treat Avenue to Folsom Street","Speed Hump","1","6","2024","2024/06/01","FY 2019-2020","Schools Engineering Loading Zone TC","Complete",,,,"LINESTRING (-122.413599748 37.758961798, -122.414690031 37.758895989)","2026/05/23 10:19:56 AM","2026/05/23 10:48:09 AM"
"5442",,"5790000","Lower Nob Hill","FRANK NORRIS ST","3","LARKIN ST","POLK ST","Frank Norris Street, from Larkin Street to Polk Street","Speed Hump","2","6","2024","2024/06/01",,"SFPW Streetscape","Complete",,,,"LINESTRING (-122.420401246 37.789165094, -122.418750451 37.789375632)","2026/05/23 10:19:56 AM","2026/05/23 10:48:09 AM"
"5761",,"1565000","Noe Valley","27TH ST","8","CHURCH ST","DOLORES ST","27th Street from Church Street to Dolores Street",,,,,,"FY 2023-2024_Q4","App-Based","Pending data collection and evaluation","TBD","Pending design review and approval","TBD","LINESTRING (-122.426968261 37.74689658, -122.424689794 37.747033403)","2026/05/23 10:19:56 AM","2026/05/23 10:48:09 AM"
"6081",,"1592000","Parkside","28TH AVE","4","QUINTARA ST","RIVERA ST","28th Avenue from Quintara Street to Rivera Street",,,,,,"FY 2023-2024_Q4","App-Based","Pending data collection and evaluation","TBD","Pending design review and approval","TBD","LINESTRING (-122.485727248 37.748219783, -122.48559732 37.746354086)","2026/05/23 10:19:56 AM","2026/05/23 10:48:09 AM"
"6082",,"2054000","Outer Sunset","47TH AVE","4","SANTIAGO ST","TARAVAL ST","47th Avenue from Santiago Street to Taraval Street",,,,,,"FY 2023-2024_Q4","App-Based","Pending data collection and evaluation","TBD","Pending design review and approval","TBD","LINESTRING (-122.50582381 37.743595634, -122.505690988 37.741716205)","2026/05/23 10:19:56 AM","2026/05/23 10:48:09 AM"
"6084",,"2679000","Outer Richmond","BALBOA ST","1","34TH AVE","35TH AVE","Balboa Street, from 34th Avenue to 35th Avenue",,,,,,"FY 2023-2024_Q4","App-Based","Pending data collection and evaluation","TBD","Pending design review and approval","TBD","LINESTRING (-122.494103979 37.775862147, -122.495174854 37.775813279)","2026/05/23 10:19:56 AM","2026/05/23 10:48:09 AM"
"6085",,"3311000","Mission District","BRYANT ST","9","21ST ST","22ND ST","Bryant Street, from 21st Street to 22nd Street",,,,,,"FY 2023-2024_Q4","App-Based","Pending data collection and evaluation","TBD","Pending design review and approval","TBD","LINESTRING (-122.409588337 37.757594958, -122.40946746 37.756084505, -122.409433069 37.755998442)","2026/05/23 10:19:56 AM","2026/05/23 10:48:09 AM"
"6088",,"5345000","Miraloma Park","EVELYN WY","7","JUANITY WY","CHAVES AVE","Evelyn Way, from Juanita Way to Chaves Avenue",,,,,,"FY 2023-2024_Q4","App-Based","Pending data collection and evaluation","TBD","Pending design review and approval","TBD","LINESTRING (-122.453444917 37.743407921, -122.452940115 37.743024828, -122.452868984 37.742995512)","2026/05/23 10:19:56 AM","2026/05/23 10:48:09 AM"
"6089",,"5346000","Miraloma Park","EVELYN WY","7","PORTOLA DR","TERESITA BLVD","Evelyn Way, from Portola Drive to Teresita Boulevard",,,,,,"FY 2023-2024_Q4","App-Based","Pending data collection and evaluation","TBD","Pending design review and approval","TBD","LINESTRING (-122.452868984 37.742995512, -122.452621966 37.742890018, -122.452305935 37.742818535, -122.451981552 37.742797057, -122.451590486 37.742835884, -122.451135066 37.742993232, -122.45098921 37.742966657)","2026/05/23 10:19:56 AM","2026/05/23 10:48:09 AM"
"6090",,"5788000","Bernal Heights","FRANCONIA ST","9","BREWSTER ST","POWHATTAN AVE","Franconia Street, from Brewster Street to Powhattan Avenue",,,,,,"FY 2023-2024_Q4","App-Based","Pending data collection and evaluation","TBD","Pending design review and approval","TBD","LINESTRING (-122.408104703 37.74310451, -122.40815695 37.742355727)","2026/05/23 10:19:56 AM","2026/05/23 10:48:09 AM"
"6091",,"7485000","Bret Harte","JENNINGS ST","10","DONNER AVE","EGBERT AVE","Jennings Street, from Donner Avenue to Egbert Avenue",,,,,,"FY 2023-2024_Q4","App-Based","Pending data collection and evaluation","TBD","Pending design review and approval","TBD","LINESTRING (-122.392066575 37.723293919, -122.392609697 37.722657957)","2026/05/23 10:19:56 AM","2026/05/23 10:48:09 AM"
"6095",,"7933000","Bayview District","LA SALLE AVE","10","MENDELL ST","03RD ST","La Salle Avenue, from Mendell Street to 3rd Street",,,,,,"FY 2023-2024_Q4","App-Based","Pending data collection and evaluation","TBD","Pending design review and approval","TBD","LINESTRING (-122.388652971 37.736482821, -122.389864462 37.737169532)","2026/05/23 10:19:56 AM","2026/05/23 10:48:09 AM"
"6097",,"10533000","Westwood Highlands","PLYMOUTH AVE","7","MANGELS AVE","YERBA BUENA AVE","Plymouth Avenue, from Mangels Avenue to Yerba Buena Avenue",,,,,,"FY 2023-2024_Q4","App-Based","Pending data collection and evaluation","TBD","Pending design review and approval","TBD","LINESTRING (-122.458613725 37.732543204, -122.458414192 37.732561644, -122.458191095 37.732535376, -122.457943515 37.73243607, -122.457772775 37.732285845, -122.457688489 37.732178805)","2026/05/23 10:19:56 AM","2026/05/23 10:48:09 AM"
"6098",,"10532000","Westwood Highlands","PLYMOUTH AVE","7","MANGELS AVE","MONTEREY BLVD","Plymouth Avenue from Mangels Avenue to Monterey Boulevard",,,,,,"FY 2023-2024_Q4","App-Based","Pending data collection and evaluation","TBD","Pending design review and approval","TBD","LINESTRING (-122.457688489 37.732178805, -122.457612459 37.731862433, -122.457474238 37.730997495)","2026/05/23 10:19:56 AM","2026/05/23 10:48:09 AM"
"6099",,"10800000","Bernal Heights","PUTNAM ST","9","TOMPKINS AVE","OGDEN AVE","Putnam Street, from Tompkins Avenue to Ogden Avenue",,,,,,"FY 2023-2024_Q4","App-Based","Pending data collection and evaluation","TBD","Pending design review and approval","TBD","LINESTRING (-122.410998088 37.736929037, -122.411107993 37.735749943)","2026/05/23 10:19:56 AM","2026/05/23 10:48:09 AM"
"6100",,"10800000","Bernal Heights","PUTNAM ST","9","OGDEN AVE","CRESCENT AVE","Putnam Street, from Ogden Avenue to Crescent Avenue",,,,,,"FY 2023-2024_Q4","App-Based","Pending data collection and evaluation","TBD","Pending design review and approval","TBD","LINESTRING (-122.411107993 37.735749943, -122.411165809 37.735071656)","2026/05/23 10:19:56 AM","2026/05/23 10:48:09 AM"
"6102",,"1383000","Outer Sunset","25TH AVE","4","JUDAH ST","KIRKHAM ST","25th Avenue from Judah Street to Kirkham Street",,,,,,"FY 2024-2025_Q1","App-Based","Pending data collection and evaluation","TBD","Pending design review and approval","TBD","LINESTRING (-122.483423102 37.761417279, -122.483292133 37.759548514)","2026/05/23 10:19:56 AM","2026/05/23 10:48:09 AM"
"6103",,"11835000","The Mission","SHOTWELL ST","9","17TH ST","18TH ST","Shotwell Street from 17th Street to 18th Street",,,,,,"FY 2024-2025_Q1","App-Based","Pending data collection and evaluation","TBD","Pending design review and approval","TBD","LINESTRING (-122.416227271 37.763635137, -122.416077986 37.762034002)","2026/05/23 10:19:56 AM","2026/05/23 10:48:09 AM"
"6104",,"10750000","Bernal Heights","PRECITA AVE","9","FLORIDA ST","BRYANT ST","Precita Street from Florida Street to Bryant Street",,,,,,"FY 2024-2025_Q1","App-Based","Pending data collection and evaluation","TBD","Pending design review and approval","TBD","LINESTRING (-122.409571727 37.747553213, -122.408663185 37.747952906)","2026/05/23 10:19:56 AM","2026/05/23 10:48:09 AM"
"6105",,"4542000","Outer Mission","CRYSTAL ST","11","ALEMANY BLVD","DE LONG ST","Crystal Street from Alemany Boulevard to De Long Street",,,,,,"FY 2024-2025_Q1","App-Based","Pending data collection and evaluation","TBD","Pending design review and approval","TBD","LINESTRING (-122.460482354 37.710322083, -122.460618991 37.710028093, -122.4606129 37.709673494)","2026/05/23 10:19:56 AM","2026/05/23 10:48:09 AM"
"6106",,"3105001","Excelsior","BRAZIL AVE","11","DUBLIN ST","MANSELL ST","Brazil Avenue from La Grande Avenue to Mansell Street",,,,,,"FY 2024-2025_Q1","App-Based","Pending data collection and evaluation","TBD","Pending design review and approval","TBD","LINESTRING (-122.425479353 37.720232587, -122.424800889 37.720023893, -122.42403217 37.719926259)","2026/05/23 10:19:56 AM","2026/05/23 10:48:09 AM"
"6107",,"9705000","Mt. Davidson Manor","NORTHGATE DR","7","DARIEN WY","MONTEREY BLVD","Northgate Drive from Darien Way to Monterey Boulevard",,,,,,"FY 2024-2025_Q1","App-Based","Pending data collection and evaluation","TBD","Pending design review and approval","TBD","LINESTRING (-122.461524363 37.729318599, -122.461736598 37.730022031)","2026/05/23 10:19:56 AM","2026/05/23 10:48:09 AM"
"6108",,"7606000","Sunnyside","JOOST AVE","8","ACADIA ST","LIPPARD AVE","Joost Avenue from Acadia Street to Lippard Avenue",,,,,,"FY 2024-2025_Q1","App-Based","Pending data collection and evaluation","TBD","Pending design review and approval","TBD","LINESTRING (-122.437462036 37.732377405, -122.436238357 37.732382388)","2026/05/23 10:19:56 AM","2026/05/23 10:48:09 AM"
"6109",,"7501000","Produce Market","JERROLD AVE","10","TOPLAND ST","UPTON ST","Jerrold Avenue from Topland Street to Upton Street",,,,,,,,,,,,"LINESTRING (-122.398746956 37.744096062, -122.400311437 37.744982277)","2026/05/23 10:19:56 AM","2026/05/23 10:48:09 AM"
"6401",,"3822000","Mission Terrace","CAYUGA AVE","11","DANTON ST","LAMARTINE ST","Cayuga Avenue, Danton Street to Lamartine Street","3-Lump Speed Cushion","1","9","2024","2024/09/01",,"Cayuga Ave Slow Street TC","Complete",,,,"LINESTRING (-122.432220515 37.730780434, -122.433035016 37.730554971)","2026/05/23 10:19:56 AM","2026/05/23 10:48:09 AM"
"6402",,"3828000","Mission Terrace","CAYUGA AVE","11","COTTER ST","SANTA ROSA AVE","Cayuga Avenue, Cotter Street to Santa Rosa Avenue","3-Lump Speed Cushion","1","9","2024","2024/09/01",,"Cayuga Ave Slow Street TC","Complete",,,,"LINESTRING (-122.43574963 37.728670911, -122.43637197 37.727964143, -122.436805493 37.72716839)","2026/05/23 10:19:56 AM","2026/05/23 10:48:09 AM"
"6721",,"9077201","Westwood Park","MIRAMAR AVE","7","WILDWOOD WY","WESTWOOD DR/EASTWOOD DR","Miramar Avenue from Wildwood Way to Westwood Drive/Eastwood Drive","Speed Table","2","01","2026","2026/01/01","FY 2021-2022","App-Based","Complete",,,,"LINESTRING (-122.458205132 37.727585271, -122.458151252 37.72772406, -122.458157475 37.72936439, -122.458214725 37.729444003)","2026/05/23 10:19:56 AM","2026/05/23 10:48:09 AM"
"6723",,"9077101","Westwood Park","MIRAMAR AVE","7","WILDWOOD WY","WESTWOOD DR/ EASTWOOD DR","Miramar Avenue from Wildwood Way to Westood Drive/Eastwood Drive","Speed Table","2","01","2026","2026/01/01","FY 2021-2022","App-Based","Complete",,,,"LINESTRING (-122.458214725 37.729444003, -122.458271587 37.729364932, -122.458261137 37.727724388, -122.458205132 37.727585271)","2026/05/23 10:19:56 AM","2026/05/23 10:48:09 AM"
"7041",,"13467000","West Portal","WAWONA ST","7","ULLOA ST","VICENTE ST","Wawona Street from Ulloa Street to Vicente Street","Speed Table","2","10","2024","2024/10/01",,"West Portal Station Safety","Complete",,,,"LINESTRING (-122.466714744 37.741323726, -122.466702967 37.741162696, -122.467996973 37.740005653)","2026/05/23 10:19:56 AM","2026/05/23 10:48:09 AM"
"7042",,"13468000","West Portal","WAWONA ST","7","VICENTE ST","14TH AVE","Wawona Street from Vicente Street to 14th Avenue","3-Lump Speed Cushion","2","10","2024","2024/10/01",,"West Portal Station Safety","Complete",,,,"LINESTRING (-122.467996973 37.740005653, -122.469667022 37.738505273)","2026/05/23 10:19:56 AM","2026/05/23 10:48:09 AM"
"7043",,"13466000","West Portal","WAWONA ST","7","TARAVAL ST","ULLOA ST","Wawona Street from Taraval Street to Ulloa Street","3-Lump Speed Cushion","2","9","2024","2024/09/01",,"West Portal Station Safety","Complete",,,,"LINESTRING (-122.46580699 37.74357405, -122.466686558 37.741504983, -122.466721918 37.741421802, -122.466714744 37.741323726)","2026/05/23 10:19:56 AM","2026/05/23 10:48:09 AM"
"7361",,"2531000","Excelsior","ATHENS ST","11","MADISON ST","PERU AVE","Athens Street from Madison Street to Peru Avenue","Speed Cushion","2",,,,"FY 2024-2025","FY 2025 D11 NTIP","Pending construction","TBD","Completion","TBD","LINESTRING (-122.423508669 37.728206723, -122.424925527 37.726322923)","2026/05/23 10:19:56 AM","2026/05/23 10:48:09 AM"
"7362",,"13134000","Excelsior","ATHENS ST","11","PERU AVE","VALMAR TERR","Athens Street from Peru Avenue to Valmar Terrace","Speed Cushion","1",,,,"FY 2024-2025","FY 2025 D11 NTIP","Pending construction","TBD","Completion","TBD","LINESTRING (-122.424925527 37.726322923, -122.425581758 37.725450385, -122.425547474 37.725322562, -122.425186076 37.725165194, -122.424744475 37.725324041, -122.424489699 37.725478565, -122.424134779 37.725945408)","2026/05/23 10:19:56 AM","2026/05/23 10:48:09 AM"
"7363","29723","3622000","University Mound","CAMBRIDGE ST","11","PIOCHE ST","SILLIMAN ST","Cambridge Street from Pioche Street to Silliman Street","Speed Table","1","12","2025","2025/12/01","FY 2021-2022","App-Based","Complete",,,,"LINESTRING (-122.419388442 37.72880909, -122.418900052 37.727626622)","2026/05/23 10:19:56 AM","2026/05/23 10:48:09 AM"
"7364",,"4329000","Mission Terrace","CONGDON ST","11","TRUMBULL ST","NEY ST","Congdon Street from Trumbull Street to Ney Street","Speed Cushion","1",,,,"FY 2024-2025","FY 2025 D11 NTIP","Pending construction","TBD","Completion","TBD","LINESTRING (-122.426143656 37.730881414, -122.426084309 37.730135628)","2026/05/23 10:19:56 AM","2026/05/23 10:48:09 AM"
"7365",,"5085000","Excelsior","EDINBURGH ST","11","SILVER AVE","PERU ST","Edinburgh Street to Silver Avenue to Peru Street","Speed Cushion","2",,,,"FY 2024-2025","FY 2025 D11 NTIP","Pending design review and approval",,"Pending construction",,"LINESTRING (-122.426422865 37.728617161, -122.427302108 37.727457484)","2026/05/23 10:19:56 AM","2026/05/23 10:48:09 AM"
"7366",,"5091000","Excelsior","EDINBURGH ST","11","RUSSIA AVE","FRANCE AVE","Edinburgh Street from Russia Avenue to France Avenue","Speed Cushion","2",,,,"FY 2024-2025","FY 2025 D11 NTIP",,,,,"LINESTRING (-122.433185143 37.719680637, -122.434354499 37.718125205)","2026/05/23 10:19:56 AM","2026/05/23 10:48:09 AM"
"7367",,"6360000","Ingleside","GRAFTON AVE","11","GRANADA AVE","MIRAMAR AVE","Grafton Avenue from Granada Avenue to Miramar Avenue","Speed Cushion","1",,,,"FY 2024-2025","FY 2025 D11 NTIP","Pending design review and approval",,"Pending construction",,"LINESTRING (-122.45715834 37.720030243, -122.458177518 37.720027193)","2026/05/23 10:19:56 AM","2026/05/23 10:48:09 AM"
"7368",,"6363000","Ingleside","GRAFTON AVE","11","FAXON AVE","JULES AVE","Grafton Avenue from Faxon Avenue to Jules Avenue","Speed Cushion","1",,,,"FY 2024-2025","FY 2025 D11 NTIP",,,,,"LINESTRING (-122.460218175 37.720021059, -122.46123397 37.720017993)","2026/05/23 10:19:56 AM","2026/05/23 10:48:09 AM"
"7370",,"7344000","Excelsior","ITALY AVE","11","MADRID ST","EDINBURGH ST","Italy Avenue from Madrid Street to Edinburgh Street","Speed Cushion","1",,,,"FY 2024-2025","FY 2025 D11 NTIP",,,,,"LINESTRING (-122.436331137 37.716953124, -122.43553125 37.716570955)","2026/05/23 10:19:56 AM","2026/05/23 10:48:09 AM"
"7371",,"8412000","Excelsior","LISBON ST","11","ITALY AVE","AMAZON AVE","Lisbon Street from Italy Avenue to Amazon Avenue","Speed Cushion","2",,,,"FY 2024-2025","FY 2025 D11 NTIP",,,,,"LINESTRING (-122.437132809 37.717336136, -122.437900555 37.716319602)","2026/05/23 10:19:56 AM","2026/05/23 10:48:09 AM"
"7372","24289","8476000","Excelsior","LONDON ST","11","ITALY AVE","FRANCE AVE","London Street from Italy Avenue to France Avenue","Speed Cushion","2",,,,"FY 2024-2025","FY 2025 D11 NTIP",,,,"<Null>","LINESTRING (-122.438127841 37.718960786, -122.438771213 37.718118882)","2026/05/23 10:19:56 AM","2026/05/23 10:48:09 AM"
"7376","24288","8475000","Excelsior","LONDON ST","11","KENNY ALY","FRANCE AVE","London Street from Kenny Alley to France Avenue","3-Lump Speed Cushion","2","8","2023","2023/08/01","<Null>","Excelsior Neighborhood Traffic Calming Project","Pending construction","TBD","Completion","TBD","LINESTRING (-122.437558733 37.7196497, -122.437640488 37.719598511, -122.438127841 37.718960786)","2026/05/23 10:19:56 AM","2026/05/23 10:48:09 AM"
"7377","24288","8475000","Excelsior","LONDON ST","11","ITALY AVE","FRANCE AVE","London Street from Italy Avenue to France Avenue","3-Lump Speed Cushion","2","8","2023","2023/08/01","FY 2020-2021","App-Based","Complete",,,"<Null>","LINESTRING (-122.437558733 37.7196497, -122.437640488 37.719598511, -122.438127841 37.718960786)","2026/05/23 10:19:56 AM","2026/05/23 10:48:09 AM"
"7378","24288","8475000","Excelsior","LONDON ST","11","KENNY Alley","FRANCE AVE","London Street from Italy Avenue to France Avenue","3-Lump Speed Cushion","2","8","2023","2023/08/01","FY 2020-2021","App-Based","Complete","<Null>","<Null>","<Null>","LINESTRING (-122.437558733 37.7196497, -122.437640488 37.719598511, -122.438127841 37.718960786)","2026/05/23 10:19:56 AM","2026/05/23 10:48:09 AM"
"7379",,"8475000","Excelsior","LONDON ST","11","FRANCE AVE","ITALY AVE","London Street from France Avenue to Italy Avenue","Speed Cushion","2",,,,"FY 2024-2025","FY 2025 D11 NTIP",,,,,"LINESTRING (-122.437558733 37.7196497, -122.437640488 37.719598511, -122.438127841 37.718960786)","2026/05/23 10:19:56 AM","2026/05/23 10:48:09 AM"
"7380",,"8883000","Mission Terrace","MAYNARD ST","11","GLADSTONE DR","TRUMBULL ST","Maynard Street from Gladstone Drive to Trumbull Street","Speed Cushion","1",,,,"FY 2024-2025","FY 2025 D11 NTIP",,,,,"LINESTRING (-122.422500041 37.730772587, -122.422522103 37.730386303, -122.422588074 37.730176202, -122.422708217 37.729990017, -122.422891089 37.729813435, -122.423035644 37.729708335, -122.423287261 37.729601486, -122.423576856 37.729520551, -122.423797639 37.729509408)","2026/05/23 10:19:56 AM","2026/05/23 10:48:09 AM"
"7381",,"8883000","Ingleside","PLYMOUTH AVE","11","LAKEVIEW AVE","GRAFTON AVE","Plymouth Avenue from Lakeview Avenue to Grafton Avenue","Speed Cushion","2",,,,"FY 2024-2025","FY 2025 D11 NTIP",,,,,"LINESTRING (-122.456133498 37.720033301, -122.456107528 37.718235209)","2026/05/23 10:19:56 AM","2026/05/23 10:48:09 AM"
"7382",,"11650000","Merced Heights","SARGENT ST","11","RAMSELL ST","ARCH ST","Sargent Street from Ramsell Street to Arch Street","Speed Cushion","1",,,,"FY 2024-2025","FY 2025 D11 NTIP",,,,,"LINESTRING (-122.466220061 37.716112506, -122.467115756 37.716107783)","2026/05/23 10:19:56 AM","2026/05/23 10:48:09 AM"
"7383",,"11888000","University Mound","SILLIMAN ST","11","OXFORD ST","HARVARD ST","Silliman Street from Oxford Street to Harvard Street","Speed Cushion","1",,,,"FY 2024-2025","FY 2025 D11 NTIP",,,,,"LINESTRING (-122.419883368 37.727369559, -122.420867379 37.727112304)","2026/05/23 10:19:56 AM","2026/05/23 10:48:09 AM"
"7385",,"11894000","Excelsior","SILVER AVE","11","MISSION ST","LISBON ST","Silver Avenue from Mission Street to Lisbon Street","Speed Cushion","2",,,,"FY 2024-2025","FY 2025 D11 NTIP",,,,,"LINESTRING (-122.428666969 37.728534433, -122.430390455 37.728547325, -122.431293844 37.728729548)","2026/05/23 10:19:56 AM","2026/05/23 10:48:09 AM"
"7386",,"11895000","Excelsior","SILVER AVE","11","LISBON ST","CRAUT ST","Silver Avenue from Lisbon Street to Craut Street","Speed Cushion","1",,,,"FY 2024-2025","FY 2025 D11 NTIP",,,,,"LINESTRING (-122.428666969 37.728534433, -122.428208902 37.728545137)","2026/05/23 10:19:56 AM","2026/05/23 10:48:09 AM"
"7387",,"11896000","Excelsior","SILVER AVE","11","CRAUT ST","MADRID ST","Silver Avenue from Craut Street to Madrid Street","Speed Cushion","1",,,,"FY 2024-2025","FY 2025 D11 NTIP",,,,,"LINESTRING (-122.428208902 37.728545137, -122.427579991 37.728566302)","2026/05/23 10:19:56 AM","2026/05/23 10:48:09 AM"
"7388",,"11897000","Excelsior","SILVER AVE","11","MADRID ST","EDINBURGH ST","Silver Avenue from Madrid Street to Edinburgh Street","Speed Cushion","1",,,,"FY 2024-2025","FY 2025 D11 NTIP",,,,,"LINESTRING (-122.427579991 37.728566302, -122.426422865 37.728617161)","2026/05/23 10:19:56 AM","2026/05/23 10:48:09 AM"
"7389",,"11896000","Excelsior","SILVER AVE","11","EDINBURGH ST","CONGDON ST","Silver Avenue from Edinburgh Street to Congdon Street","Speed Cushion","1",,,,"FY 2024-2025","FY 2025 D11 NTIP",,,,,"LINESTRING (-122.426422865 37.728617161, -122.425963703 37.728641022)","2026/05/23 10:19:56 AM","2026/05/23 10:48:09 AM"
"7390",,"11899000","Excelsior","SILVER AVE","11","CONGDON ST","NAPLES ST","Silver Avenue from Congdon Street to Naples Street","Speed Cushion","1",,,,"FY 2024-2025","FY 2025 D11 NTIP",,,,,"LINESTRING (-122.425963703 37.728641022, -122.42528994 37.72867748)","2026/05/23 10:19:56 AM","2026/05/23 10:48:09 AM"
"7391",,"11900000","Excelsior","SILVER AVE","11","NAPLES ST","VIENNA ST","Silver Avenue from Naples Street to Vienna Street","Speed Cushion","1",,,,"FY 2024-2025","FY 2025 D11 NTIP",,,,,"LINESTRING (-122.42528994 37.72867748, -122.424198686 37.728735554)","2026/05/23 10:19:56 AM","2026/05/23 10:48:09 AM"
"7392",,"11901000","Excelsior","SILVER AVE","11","VIENNA ST","MADISON ST","Silver Avenue from Vienna Street to Madison Street","Speed Cushion","1",,,,"FY 2024-2025","FY 2025 D11 NTIP",,,,,"LINESTRING (-122.424198686 37.728735554, -122.423739982 37.728759937)","2026/05/23 10:19:56 AM","2026/05/23 10:48:09 AM"
"7393",,"11902000","University Mound","SILVER AVE","11","MADISON ST","GAMBIER ST","Silver Avenue from Madison Street to Gambier Street","Speed Cushion","1",,,,"FY 2024-2025","FY 2025 D11 NTIP",,,,,"LINESTRING (-122.423739982 37.728759937, -122.422665899 37.728822323)","2026/05/23 10:19:56 AM","2026/05/23 10:48:09 AM"
"7394",,"11903000","University Mound","SILVER AVE","11","GAMBIER ST","HARVARD ST","Silver Avenue from Gambier Street to Harvard Street","Speed Cushion","1",,,,"FY 2024-2025","FY 2025 D11 NTIP",,,,,"LINESTRING (-122.422665899 37.728822323, -122.421596616 37.728875966)","2026/05/23 10:19:56 AM","2026/05/23 10:48:09 AM"
"7395",,"11904000","University Mound","SILVER AVE","11","HARVARD ST","OXFORD ST","Silver Avenue from Harvard Street to Oxford Street","Speed Cushion","1",,,,"FY 2024-2025","FY 2025 D11 NTIP",,,,,"LINESTRING (-122.421596616 37.728875965, -122.42052795 37.728928253)","2026/05/23 10:19:56 AM","2026/05/23 10:48:09 AM"
"7396",,"11904000","University Mound","SILVER AVE","11","OXFORD ST","CAMBRIDGE ST","Silver Avenue from Oxford Street to Cambridge Street","Speed Cushion","1",,,,"FY 2024-2025","FY 2025 D11 NTIP",,,,,"LINESTRING (-122.42052795 37.728928253, -122.419486477 37.729046444)","2026/05/23 10:19:56 AM","2026/05/23 10:48:09 AM"
"7397",,"11906000","University Mound","SILVER AVE","11","CAMBRIDGE ST","YALE ST","Silver Avenue from Cambridge Street to Yale Street",,,,,,"FY 2024-2025","FY 2025 D11 NTIP",,,,,"LINESTRING (-122.418381308 37.729038764, -122.41874387 37.729089023, -122.419200281 37.729081589, -122.419486477 37.729046445)","2026/05/23 10:19:56 AM","2026/05/23 10:48:09 AM"
"7398",,"11907000","University Mound","SILVER AVE","9","YALE ST","AMHERST ST","Silver Avenue from Yale Street to Amherst STreet","Speed Cushion","1",,,,"FY 2024-2025","FY 2025 D11 NTIP",,,,,"LINESTRING (-122.417205989 37.728840443, -122.418381308 37.729038764)","2026/05/23 10:19:56 AM","2026/05/23 10:48:09 AM"
"7399",,"13287000","Ingleside","VICTORIA ST","11","GARFIELD ST","HOLLOWAY AVE","Victoria Street from Garfield Street to Holloway Avenue","Speed Cushion","2",,,,"FY 2024-2025","FY 2025 D11 NTIP",,,,,"LINESTRING (-122.465390989 37.721673877, -122.465357095 37.719685408)","2026/05/23 10:19:56 AM","2026/05/23 10:48:09 AM"
"7400",,"12607000","Oceanview","THRIFT ST","11","PLYMOUTH AVE","CAPITOL AVE","Thrift Street from Plymouth Avenu to Capitol Avenue","Speed Cushion","2",,,,"FY 2024-2025","FY 2025 D11 NTIP",,,,,"LINESTRING (-122.456094242 37.717477313, -122.459072291 37.717454738)","2026/05/23 10:19:56 AM","2026/05/23 10:48:09 AM"
"7401",,"12607000","Crocker Amazon","SOUTH HILL BLVD","11","MUNICH ST","PRAGUE ST","South Hill Boulevard from Munich Street to Prague Street","Speed Cushion","1",,,,"FY 2024-2025","FY 2025 D11 NTIP",,,,,"LINESTRING (-122.432991854 37.712726244, -122.432837267 37.712658472, -122.432423061 37.712380792, -122.432315162 37.712229152)","2026/05/23 10:19:56 AM","2026/05/23 10:48:09 AM"
"7402",,"12002000","Crocker Amazon","SOUTH HILL BLVD","11","PRAGUE ST","ROLPH ST/ WINDING WY","South Hill Boulevard from Prague Street to Rolph Street/Winding Way","Speed Cushion","1",,,,"FY 2024-2025","FY 2025 D11 NTIP",,,,,"LINESTRING (-122.432315162 37.712229152, -122.432166106 37.712019665, -122.431866925 37.711404776)","2026/05/23 10:19:56 AM","2026/05/23 10:48:09 AM"
"7403",,"12006000","Crocker Amazon","SOUTH HILL BLVD","11","TOYON LN","CANYON DR","South Hill Boulevard from Toyon Lane to Canyon Drive","Speed Cushion","1",,,,"FY 2024-2025","FY 2025 D11 NTIP",,,,,"LINESTRING (-122.429896024 37.708867204, -122.430067877 37.709251129, -122.430238036 37.709507081)","2026/05/23 10:19:56 AM","2026/05/23 10:48:09 AM"
"7404",,"11908000","University Mound","SILVER AVE","9","AMHERST ST","PRINCETON ST","Silver Avenue from Amherst Street to Princeton Street","Speed Cushion","1",,,,"FY 2024-2025","FY 2025 D11 NTIP",,,,,"LINESTRING (-122.417205989 37.728840443, -122.41686356 37.728796481, -122.416637096 37.728809166, -122.41617441 37.72891947)","2026/05/23 10:19:56 AM","2026/05/23 10:48:09 AM"
"7681",,"8792001","Clarendon Heights","MARVIEW WY","7","FAIRVIEW CT","PALO ALTO AVE","Marview Way from Fairview Court to Palo Alto Avenue","3-Lump Speed Cushion","1","11","2024","2024/11/01",,"D7 CRT","Complete",,,,"LINESTRING (-122.449575952 37.755883831, -122.449545915 37.755944134, -122.449543269 37.756130815, -122.449588993 37.756291745, -122.449696889 37.756425697, -122.449879659 37.756537449, -122.450385705 37.756750626)","2026/05/23 10:19:56 AM","2026/05/23 10:48:09 AM"
"8001",,"10383000","Excelsior","PERU AVE","11","FELTON ST","BURROWS ST","Peru Avenue from Felton Street to Burrows Street",,,,,,"FY 2024-2025_Q1","App-Based","Pending data collection and evaluation","TBD","Pending design review and approval","TBD","LINESTRING (-122.423325495 37.725138138, -122.422830067 37.723944194)","2026/05/23 10:19:56 AM","2026/05/23 10:48:09 AM"
"8002",,"462000","Inner Richmond","10TH AVE","1","LAKE ST","CALIFORNIA ST","10th Avenue from Lake Street to California Street",,,,,,"FY 2024-2025_Q1","App-Based","Pending data collection and evaluation","TBD","Pending design review and approval","TBD","LINESTRING (-122.468974695 37.786482586, -122.468839738 37.784620906)","2026/05/23 10:19:56 AM","2026/05/23 10:48:09 AM"
"8003",,"2524000","Ingleside","ASHTON AVE","11","HOLLOWAY ST","HEAD ST","Ashton Avenue from Holloway Street to Head Street",,,,,,"FY 2024-2025_Q1","App-Based","Pending data collection and evaluation","TBD","Pending design review and approval","TBD","LINESTRING (-122.462265487 37.721827795, -122.462270801 37.723021082)","2026/05/23 10:19:56 AM","2026/05/23 10:48:09 AM"
"8004",,"2525000","Ingleside","ASHTON AVE","11","HEAD ST","DEMONTFORT AVE","Ashton Avenue from Head Street to Demontfort Avenue",,,,,,"FY 2024-2025_Q1","App-Based","Pending data collection and evaluation","TBD","Pending design review and approval","TBD","LINESTRING (-122.462270801 37.723021082, -122.462273545 37.723637216)","2026/05/23 10:19:56 AM","2026/05/23 10:48:09 AM"
"8005",,"5152000","Glen Park","ELK ST","8","SUSSEX ST","CHENERY ST","Elk Street from Sussex Street to Chenery Street",,,,,,"FY 2024-2025_Q1","App-Based","Pending data collection and evaluation","TBD","Pending design review and approval","TBD","LINESTRING (-122.439690842 37.737197972, -122.439722506 37.735886042)","2026/05/23 10:19:56 AM","2026/05/23 10:48:09 AM"
"8006",,"5153000","Glen Park","ELK ST","8","CHENERY ST","PARADISE AVE","Elk Street from Chenery Street to Paradise Avenue",,,,,,"FY 2024-2025_Q1","App-Based","Pending data collection and evaluation","TBD","Pending design review and approval","TBD","LINESTRING (-122.439723995 37.735531824, -122.439722506 37.735886042)","2026/05/23 10:19:56 AM","2026/05/23 10:48:09 AM"
"8007",,"5607000","Sunnyside","FLOOD AVE","7","DETROIT ST","EDNA ST","Flood Avenue from Detroit Street to Edna Street",,,,,,"FY 2024-2025_Q1","App-Based","Pending data collection and evaluation","TBD","Pending design review and approval","TBD","LINESTRING (-122.444291304 37.729896861, -122.446568802 37.729892488)","2026/05/23 10:19:56 AM","2026/05/23 10:48:09 AM"
"8008",,"4330000","Mission Terrace","CONGDON ST","11","NEY ST","MAYNARD ST","Congdon Street from Ney Street to Maynard Street",,,,,,"FY 2024-2025_Q1","App-Based","Pending data collection and evaluation","TBD","Pending design review and approval","TBD","LINESTRING (-122.426084309 37.730135628, -122.426024705 37.729396982)","2026/05/23 10:19:56 AM","2026/05/23 10:48:09 AM"
"8009",,"4689000","Midtown Terrace","DELLBROOK AVE","7","OLYMPIA WY","OLYMPIA WY","Dellbrook Avenue from Olympia Way to Olympia Way",,,,,,"FY 2024-2025_Q1","App-Based","Pending data collection and evaluation","TBD","Pending design review and approval","TBD","LINESTRING (-122.454392317 37.75127892, -122.454406361 37.751181527, -122.454323786 37.75102466, -122.454119098 37.750823126, -122.454036532 37.750634198, -122.45401689 37.74999928, -122.45404323 37.749769968, -122.45415211 37.749434193, -122.454171657 37.749045487, -122.454080606 37.748972223, -122.453148266 37.748969823, -122.45308501 37.749029165, -122.453077083 37.749344714, -122.453130376 37.74952353, -122.453142514 37.749649443, -122.453157615 37.750335818, -122.45314598 37.750564885, -122.453114381 37.750739118, -122.453011241 37.751148647, -122.45292933 37.751214771)","2026/05/23 10:19:56 AM","2026/05/23 10:48:09 AM"
"8010",,"1735000","Parkside","33RD AVE","4","QUINTARA ST","RIVERA ST","33rd Avenue from Quintara Street to Rivera Street",,,,,,"FY 2024-2025_Q1","App-Based","Pending data collection and evaluation","TBD","Pending design review and approval","TBD","LINESTRING (-122.491081919 37.74798318, -122.490951859 37.74611752)","2026/05/23 10:19:56 AM","2026/05/23 10:48:09 AM"
"8011",,"1858000","Outer Sunset","38TH AVE","4","RIVERA ST","SANTIAGO ST","38th Avenue from Rivera Street to Santiago Street",,,,,,"FY 2024-2025_Q1","App-Based","Pending data collection and evaluation","TBD","Pending design review and approval","TBD","LINESTRING (-122.496309468 37.745880523, -122.496179672 37.744021092)","2026/05/23 10:19:56 AM","2026/05/23 10:48:09 AM"
"8321",,"2372000","Silver Terrace","APOLLO ST","10","THORNTON AVE","WILLIAMS AVE","Apollo Street from Thornton Avenue to Williams Avenue",,,,,,"FY 2024-2025_Q1","App-Based","Pending data collection and evaluation","TBD","Pending design review and approval","TBD","LINESTRING (-122.398582773 37.731562193, -122.39867064 37.731494309, -122.398970458 37.730164614)","2026/05/23 10:19:56 AM","2026/05/23 10:48:09 AM"
"8337",,"4751000","Noe Valley","DIAMOND ST","8","CESAR CHAVEZ ST","27TH ST","Diamond Street from Cesar Chavez Street to 27th Street",,,,,,"FY 2024-2025_Q1","App-Based","Pending data collection and evaluation","TBD","Pending design review and approval","TBD","LINESTRING (-122.435916124 37.747178875, -122.435840859 37.746372673)","2026/05/23 10:19:56 AM","2026/05/23 10:48:09 AM"
"8338",,"2052000","Outer Sunset","47TH AVE","4","QUINTARA ST","RIVERA ST","47th Avenue from Quintara Street to Rivera Street",,,,,,"FY 2024-2025_Q1","App-Based","Pending data collection and evaluation","TBD","Pending design review and approval","TBD","LINESTRING (-122.506086845 37.747319788, -122.505958167 37.745456659)","2026/05/23 10:19:56 AM","2026/05/23 10:48:09 AM"
"8339",,"6840000","Westwood Park","HAZELWOOD AVE","7","MONTEREY BLVD","MONTECITO AVE","Hazelwood Avenue from Monterey Boulevard to Montecito Avenue",,,,,,"FY 2024-2025_Q1","App-Based","Pending data collection and evaluation","TBD","Pending design review and approval","TBD","LINESTRING (-122.454915879 37.731464998, -122.454831961 37.731395401, -122.454511734 37.730921491, -122.45428542 37.73047746)","2026/05/23 10:19:56 AM","2026/05/23 10:48:09 AM"
"8340",,"11431000","Mission District","SAN JOSE AVE","8","25TH ST","JURI ST","San Jose Avenue from 25th Street to Juri Street",,,,,,"FY 2024-2025_Q1","App-Based","Pending data collection and evaluation","TBD","Pending design review and approval","TBD","LINESTRING (-122.421437586 37.750449696, -122.421390934 37.749962465)","2026/05/23 10:19:56 AM","2026/05/23 10:48:09 AM"
"8341",,"11432000","Mission District","SAN JOSE AVE","8","JURI ST","26TH ST","San Jose Avenue from Juri Street to 26th Street",,,,,,"FY 2024-2025_Q1","App-Based","Pending data collection and evaluation","TBD","Pending design review and approval","TBD","LINESTRING (-122.421390934 37.749962465, -122.42128446 37.748850443)","2026/05/23 10:19:56 AM","2026/05/23 10:48:09 AM"
"8342",,"6212000","Mission Terrace","GLADSTONE DR","11","CAMBRIDGE ST","STONEYFORD AVE","Gladstone Drive from Cambridge Street op",,,,,,"FY 2024-2025_Q1","App-Based","Pending data collection and evaluation","TBD","Pending design review and approval","TBD","LINESTRING (-122.42018514 37.731463216, -122.420186402 37.731047486, -122.420219352 37.730512789, -122.420291872 37.730060378, -122.42036625 37.729620607, -122.420467181 37.729455139, -122.420563288 37.729385171, -122.420725791 37.729343943, -122.421440857 37.729310979)","2026/05/23 10:19:56 AM","2026/05/23 10:48:09 AM"
"8343",,"6214000","Mission Terrace","GLADSTONE DR","11","STONEYFORD AVE","STONEYBROOK AVE","Gladstone drive from Stoneyford Drive to Stoneybrook Drive",,,,,,,,,,,,"LINESTRING (-122.421440857 37.729310979, -122.422503353 37.729261991)","2026/05/23 10:19:56 AM","2026/05/23 10:48:09 AM"
"8344",,"6215000","Mission Terrace","GLADSTONE DR","11","STONEYBROOK DR","MAYNARD ST","Gladstone Drive from Stoneybrook Avenue to Maynard Street",,,,,,"FY 2024-2025_Q1","App-Based","Pending data collection and evaluation","TBD","Pending design review and approval","TBD","LINESTRING (-122.422503353 37.729261991, -122.42294267 37.729241734, -122.423797639 37.729509408)","2026/05/23 10:19:56 AM","2026/05/23 10:48:09 AM"
"8345",,"2228000","Noe Valley","ALVARADO ST","8","NOE ST","CASTRO ST","Alvarado Street from Noe Street to Castro Street",,,,,,"FY 2024-2025_Q1","App-Based","Pending data collection and evaluation","TBD","Pending design review and approval","TBD","LINESTRING (-122.434316659 37.753689665, -122.432100234 37.753823308)","2026/05/23 10:19:56 AM","2026/05/23 10:48:09 AM"
"8346",,"695000","West Portal","16TH AVE","7","VICENTE ST","WAWONA ST","16th Avenue from Vicente Street to Wawona Street",,,,,,"FY 2024-2025_Q1","App-Based","Pending data collection and evaluation","TBD","Pending design review and approval","TBD","LINESTRING (-122.472220856 37.73946563, -122.472088826 37.737598477)","2026/05/23 10:19:56 AM","2026/05/23 10:48:09 AM"
"8347",,"1682000","Outer Richmond","31ST AVE","1","CABRILLO ST","FULTON ST","31st Avenue from Cabrillo Street to Fulton Street",,,,,,"FY 2024-2025_Q1","App-Based","Pending data collection and evaluation","TBD","Pending design review and approval","TBD","LINESTRING (-122.490751706 37.774142985, -122.490616897 37.772276345)","2026/05/23 10:19:56 AM","2026/05/23 10:48:09 AM"
"8348",,"2010000","Outer Sunset","45TH AVE","4","TARAVAL ST","ULLOA ST","45th Avenue from Taraval Street to Ulloa Street",,,,,,"FY 2024-2025_Q1","App-Based","Pending data collection and evaluation","TBD","Pending design review and approval","TBD","LINESTRING (-122.503418544 37.73995396, -122.503548964 37.74181319)","2026/05/23 10:19:56 AM","2026/05/23 10:48:09 AM"
"8349",,"1076000","Outer Richmond","21ST AVE","1","ANZA ST","BALBOA ST","21st Avenue from Anza Street to Balboa Street",,,,,,"FY 2024-2025_Q1","App-Based","Pending data collection and evaluation","TBD","Pending design review and approval","TBD","LINESTRING (-122.480310472 37.778359906, -122.480175348 37.776497609)","2026/05/23 10:19:56 AM","2026/05/23 10:48:09 AM"
"8350",,"3805000","Noe Valley","CASTRO ST","8","26TH ST","CESAR CHAVEZ ST","Castro Street from 26th Street to Cesar Chavez Street",,,,,,"FY 2024-2025_Q1","App-Based","Pending data collection and evaluation","TBD","Pending design review and approval","TBD","LINESTRING (-122.433769084 37.748096508, -122.433697304 37.747296999)","2026/05/23 10:19:56 AM","2026/05/23 10:48:09 AM"
"8351",,"3806000","Noe Valley","CASTRO ST","8","CESAR CHAVEZ ST","27TH ST","Castro Street from Cesar Chavez Street to 27th Street",,,,,,"FY 2024-2025_Q1","App-Based","Pending data collection and evaluation","TBD","Pending design review and approval","TBD","LINESTRING (-122.433697304 37.747296999, -122.433642517 37.746676789, -122.433697658 37.746494238)","2026/05/23 10:19:56 AM","2026/05/23 10:48:09 AM"
"8352",,"1975000","Outer Richmond","44TH AVE","1","CABRILLO ST","FULTON ST","44th Avenue from Cabrillo Street to Fulton STreet",,,,,,"FY 2024-2025_Q1","App-Based","Pending data collection and evaluation","TBD","Pending design review and approval","TBD","LINESTRING (-122.50468026 37.773505194, -122.504544349 37.771640387)","2026/05/23 10:19:56 AM","2026/05/23 10:48:09 AM"
"8353",,"11568000","Saint Francis Wood","SANTA CLARA AVE","7","PORTOLA DR","SANTA MONICA WY/YERBA BUENA AVE","Santa Clara Avenue from Portola Drive to Santa Monica Way/Yerba Buena Avenue",,,,,,"FY 2024-2025_Q1","App-Based","Pending data collection and evaluation","TBD","Pending design review and approval","TBD","LINESTRING (-122.466157327 37.739235831, -122.465979033 37.738812269, -122.465844911 37.73849364)","2026/05/23 10:19:56 AM","2026/05/23 10:48:09 AM"
"8354",,"11569000","Saint Francis Wood","SANTA CLARA AVE","7","SANTA MONICA WY/YERBA BUENA AVE","TERRACE DR","Santa Clara Avenue from Santa Monica Way/Yerba Buena Avenue to Terrace Drive",,,,,,"FY 2024-2025_Q1","App-Based","Pending data collection and evaluation","TBD","Pending design review and approval","TBD","LINESTRING (-122.465844911 37.73849364, -122.465744737 37.738247224, -122.465683596 37.737880725, -122.465689865 37.737587347, -122.465715461 37.737392308)","2026/05/23 10:19:56 AM","2026/05/23 10:48:09 AM"
"8641",,"13619000","Bayview District","WHITNEY YOUNG CIR","10","HUDSON AVE","PROGRESS ST","Whitney Young Circle from Hudson Avenue to Progress Street","5-Lump Speed Cushion","1","3","2020","2020/03/01","FY 2018-2019","D11 NTIP","Complete",,,,"LINESTRING (-122.382279349 37.733631794, -122.382504975 37.733459967, -122.383407613 37.733236517)","2026/05/23 10:19:56 AM","2026/05/23 10:48:09 AM"
"8642",,"3464000","Merced Heights","BYXBEE ST","11","SARGENT ST","SHIELDS ST","Byxbee Street from Sargent Street to Shields Street","Speed Hump","1","6","2019","2019/06/01","FY 2018-2019","D11 NTIP","Complete",,,,"LINESTRING (-122.469837627 37.717888158, -122.469818028 37.716093496)","2026/05/23 10:19:56 AM","2026/05/23 10:48:09 AM"
"8643",,"5090000","Excelsior","EDINBURGH ST","11","PERSIA AVE","RUSSIA AVE","Edinburgh Street from Persia Avenue to Russia Avenue","Speed Hump","2","7","2019","2019/07/01","FY 2018-2019","D11 NTIP","Complete",,,,"LINESTRING (-122.432005498 37.721237256, -122.433185143 37.719680637)","2026/05/23 10:19:56 AM","2026/05/23 10:48:09 AM"
"8644",,"5087000","Excelsior","EDINBURGH ST","11","AVALON AVE","EXCELSIOR AVE","Edinburgh Street from Avalon Avenue to Excelsior Avenue","Speed Hump","2","7","2019","2019/07/01","FY 2018-2019","D11 NTIP","Complete",,,,"LINESTRING (-122.428482292 37.725900814, -122.429652126 37.724343337)","2026/05/23 10:19:56 AM","2026/05/23 10:48:09 AM"
"8645",,"8404000","Excelsior","LISBON ST","11","PERU AVE","AVALON AVE","Lisbon Street from Peru Avenue to Avalon Avenue","Speed Hump","2","7","2019","2019/07/01","FY 2018-2019","D11 NTIP","Complete",,,,"LINESTRING (-122.428903047 37.728221712, -122.430079506 37.72666326)","2026/05/23 10:19:56 AM","2026/05/23 10:48:09 AM"
"8646",,"8064000","Oceanview","LAKEVIEW AVE","11","MARGARET AVE","JOSIAH AVE","Lakeview Avenue from Margaret Avenue to Josiah Avenue","3-Lump Speed Cushion","1","4","2022","2022/04/01","FY 2019-2020","D11 NTIP","Complete",,,,"LINESTRING (-122.452641847 37.717375655, -122.45337762 37.717767884)","2026/05/23 10:19:56 AM","2026/05/23 10:48:09 AM"
"8961",,"13618000","Bayview District","WHITNEY YOUNG CIR","10","PROGRESS ST","NEWCOMB AVE","Whitney Young Circle from Progress Street to Newcomb Avenue","Speed Hump","1","6","2020","2020/06/01","FY 2018-2019","D11 NTIP","Complete",,,,"LINESTRING (-122.383407613 37.733236517, -122.383842469 37.733218767, -122.3844258 37.73337593, -122.384547432 37.733473955)","2026/05/23 10:19:56 AM","2026/05/23 10:48:09 AM"
"8962",,"1061000","Mission Dolores","20TH ST","8","DOLORES ST","CHURCH ST","20th Street from Dolores Street to Church Street","Speed Hump","2","3","2020","2020/03/01","FY 2018-2019","D11 NTIP","Complete",,,,"LINESTRING (-122.425766807 37.758226829, -122.428050186 37.758088757)","2026/05/23 10:19:56 AM","2026/05/23 10:48:09 AM"
"8963",,"4022000","Dolores Heights","CHURCH ST","8","21ST ST","HILL ST","Church Street from 21St Street to Hill Street","5-Lump Speed Cushion","1","3","2020","2020/03/01","FY 2018-2019","D11 NTIP","Complete",,,,"LINESTRING (-122.427891609 37.756494074, -122.427813058 37.75569022)","2026/05/23 10:19:56 AM","2026/05/23 10:48:09 AM"
"8964",,"4023000","Dolores Heights","CHURCH ST","8","HILL ST","22ND ST","Church Street from Hill Street to 22nd Street","5-Lump Speed Cushion","1","3","2020","2020/03/01","FY 2018-2019","D11 NTIP","Complete",,,,"LINESTRING (-122.427813058 37.75569022, -122.42773556 37.75489672)","2026/05/23 10:19:56 AM","2026/05/23 10:48:09 AM"
"9282",,"1301000","Outer Sunset","24TH AVE","4","KIRKHAM ST","LAWTON ST","24th Avenue from Kirkham Street to Lawton Street",,,,,,"FY 2023-2024_Q1","App-Based","Pending design review and approval","TBD","Pending construction","TBD","LINESTRING (-122.482221163 37.759595724, -122.482090512 37.757731016)","2026/05/23 10:19:56 AM","2026/05/23 10:48:09 AM"
"9283",,"6665000","Crocker Amazon","HANOVER ST","11","ALLISON ST","CONCORD ST","Hanover Street from Allison Street to Concord Street",,,,,,"FY 2023-2024_Q1","App-Based","Pending design review and approval","TBD","Pending construction","TBD","LINESTRING (-122.440597615 37.709945818, -122.441111829 37.709809405, -122.441435145 37.709723633, -122.441627935 37.709660646)","2026/05/23 10:19:56 AM","2026/05/23 10:48:09 AM"
"9292",,"10011000","Outer Sunset","ORTEGA ST","4","23RD AVE","24TH AVE","Ortega Street from 23rd Avenue to 24th Avenue","3-Lump Speed Cushion","1","1","2025","2025/01/01",,"Sunset Neighborways Ortega TC","Complete",,,,"LINESTRING (-122.480628879 37.752187357, -122.481702108 37.752140004)","2026/05/23 10:19:56 AM","2026/05/23 10:48:09 AM"
"9293",,"10010000","Outer Sunset","ORTEGA ST","4","22ND AVE","23RD AVE","Ortega Street from 22nd Avenue to 23rd Avenue","3-Lump Speed Cushion","1","1","2025","2025/01/01",,"Sunset Neighborways Ortega TC","Complete",,,,"LINESTRING (-122.479557564 37.752234616, -122.480628879 37.752187357)","2026/05/23 10:19:56 AM","2026/05/23 10:48:09 AM"
"9294",,"6864000","Sunnyside","HEARST AVE","7","DETROIT ST","EDNA ST","Hearst Street from Detroit Street to Edna Street","Speed Table","2","1","2025","2025/01/01",,"Hearst Slow St TC","Complete",,,,"LINESTRING (-122.444298409 37.730708221, -122.446573476 37.730699251)","2026/05/23 10:19:56 AM","2026/05/23 10:48:09 AM"
"9295",,"630000","West Portal","15TH AVE","7","VICENTE ST","WAWONA ST","15th Avenue from Vicente Street to Wawona Street","Speed Hump","1","1","2008","2008/01/01","FY 2001-2002","App-Based","Complete",,,,"LINESTRING (-122.471094272 37.739515149, -122.47096273 37.737648905)","2026/05/23 10:19:56 AM","2026/05/23 10:48:09 AM"
"9601",,"10016000","Outer Sunset","ORTEGA ST","4","28TH AVE","29TH AVE","Ortega Street from 28th Avenue to 29th Avenue","3-Lump Speed Cushion","1","1","2025","2025/01/01",,"Sunset Neighborways Ortega TC","Complete",,,,"LINESTRING (-122.485988182 37.751950795, -122.487053067 37.751903269)","2026/05/23 10:19:56 AM","2026/05/23 10:48:09 AM"
"9602",,"5606000","Sunnyside","FLOOD AVE","7","CONGO ST","DETROIT ST","Flood Avenue from Congo Street to Detroit Street","3-Lump Speed Cushion","2","12","2024","2024/12/01",,"Hearst Slow St TC","Complete",,,,"LINESTRING (-122.442010215 37.729910949, -122.444291304 37.729896861)","2026/05/23 10:19:56 AM","2026/05/23 10:48:09 AM"
"9603",,"6863000","Sunnyside","HEARST AVE","7","CONGO ST","DETROIT ST","Herast Avenue from Congo Street to Detroit Street","Speed Table","2","12","2024","2024/12/01",,"Hearst Slow St TC","Complete",,,,"LINESTRING (-122.442015664 37.730721768, -122.444298409 37.730708221)","2026/05/23 10:19:56 AM","2026/05/23 10:48:09 AM"
"9604","28141","5076000","Anza Vista","EDDY ST","5","DIVISADERO ST","BRODERICK ST","Eddy Street from Divisadero Street to Broderick Street","Speed Hump","2","1","2022","2022/01/01","FY 2018-2019","App-Based","Obsolete","<Null>","<Null>","<Null>","LINESTRING (-122.438926755 37.780588487, -122.440589318 37.780372722)","2026/05/23 10:19:56 AM","2026/05/23 10:48:09 AM"
"9605",,"10298000",,"PARQUE DR","10","CIELITO WAY","GENEVA AVE","Parque Drive, from Cielito Drive to Geneva Avenue","Speed Hump","2","10","2024","2024/10/01",,"TC Removal & Replacement","Complete",,,,"LINESTRING (-122.421651627 37.710286203, -122.421943692 37.710368322, -122.422046202 37.710352924, -122.422505509 37.710028187, -122.422893328 37.709162206)","2026/05/23 10:19:56 AM","2026/05/23 10:48:09 AM"
"9606",,"4260000","Bernal Heights","COLERIDGE ST","9","KINGSTON ST","CORTLAND AVE","Coleridge Street from Kingston Street to Cortland Avenue","3-Lump Speed Cushion","1","10","2024","2024/10/01",,"TC Removal & Replacement","Complete",,,,"LINESTRING (-122.421264137 37.741313722, -122.42174168 37.740580733)","2026/05/23 10:19:56 AM","2026/05/23 10:48:09 AM"
"9938",,"11842000","Mission District","SHOTWELL ST","9","24TH ST","25TH ST","Shotwell Street from 24th Street to 25th Street",,,,,,"FY 2024-2025_Q1","App-Based","Pending data collection and evaluation","TBD","Pending design review and approval","TBD","LINESTRING (-122.415172289 37.752439645, -122.415014331 37.750836982)","2026/05/23 10:19:56 AM","2026/05/23 10:48:09 AM"
"9941",,"5293000","Jordan Park - Laurel Heights","EUCLID AVE","2","IRIS AVE","HEATHER AVE","Euclid Avenue from Iris Avenue to Heather Avenue",,,,,,"FY 2024-2025_Q2","App-Based","Pending data collection and evaluation","TBD","Pending design review and approval","TBD","LINESTRING (-122.451875437 37.784126742, -122.451997826 37.784105684, -122.452751736 37.78406546)","2026/05/23 10:19:56 AM","2026/05/23 10:48:09 AM"
"9942",,"5294000","Jordan Park - Laurel Heights","EUCLID AVE","2","HEATHER AVE","SPRUCE ST","Euclid Avenue from Heather Avenue to Spruce Street",,,,,,"FY 2024-2025_Q2","App-Based","Pending data collection and evaluation","TBD","Pending design review and approval","TBD","LINESTRING (-122.452751736 37.78406546, -122.453653499 37.784054481)","2026/05/23 10:19:56 AM","2026/05/23 10:48:09 AM"
"9943",,"5291000","Jordan Park - Laurel Heights","EUCLID AVE","2","COLLINS ST","MANZANITA AVE","Euclid Avenue from Collins Street to Manzanita Avenue",,,,,,"FY 2024-2025_Q2","App-Based","Pending data collection and evaluation","TBD","Pending design review and approval","TBD","LINESTRING (-122.450135686 37.784480902, -122.451012147 37.784275274)","2026/05/23 10:19:56 AM","2026/05/23 10:48:09 AM"
"9944",,"1628000","Bernal Heights","29TH ST","9","MISSION ST","TIFFANY AVE","29th Street from Mission Street to Tiffany avenue",,,,,,"FY 2024-2025_Q2","App-Based","Pending data collection and evaluation","TBD","Pending design review and approval","TBD","LINESTRING (-122.420893659 37.744037632, -122.421976766 37.743979454)","2026/05/23 10:19:56 AM","2026/05/23 10:48:09 AM"
"9945",,"1629000","Bernal Heights","29TH ST","9","TIFFANY ST","SAN JOSE AVE","29th Street from Tiffany Avenue to San Jose Avenue",,,,,,"FY 2024-2025_Q2","App-Based","Pending data collection and evaluation","TBD","Pending design review and approval","TBD","LINESTRING (-122.421976766 37.743979454, -122.422669445 37.743942241)","2026/05/23 10:19:56 AM","2026/05/23 10:48:09 AM"
"9946",,"6965000","Ingleside","HOLLOWAY AVE","11","LEE AVE","BRIGHTON AVE","Holloway Avenue from Lee Avenue to Brighton Avenue",,,,,,"FY 2024-2025_Q2","App-Based","Pending data collection and evaluation","TBD","Pending design review and approval","TBD","LINESTRING (-122.454106552 37.721851371, -122.455127029 37.721848611)","2026/05/23 10:19:56 AM","2026/05/23 10:48:09 AM"
"9947",,"8026000","Lake","LAKE ST","1","17TH AVE","18TH AVE","Lake Street from 17th Avenue to 18th Avenue",,,,,,"FY 2024-2025_Q2","App-Based","Pending data collection and evaluation","TBD","Pending design review and approval","TBD","LINESTRING (-122.476575148 37.786128282, -122.477644057 37.786079795)","2026/05/23 10:19:56 AM","2026/05/23 10:48:09 AM"
"9948",,"8027000","Lake","LAKE ST","1","18TH AVE","19TH AVE","Lake Street from 18th Avenue to 19th Avenue",,,,,,"FY 2024-2025_Q2","App-Based","Pending data collection and evaluation","TBD","Pending design review and approval","TBD","LINESTRING (-122.477644057 37.786079795, -122.478713573 37.78603127)","2026/05/23 10:19:56 AM","2026/05/23 10:48:09 AM"
"9949",,"8028000","Lake","LAKE ST","1","19TH AVE","20TH AVE","Lake Street from 19th Avenue to 20th Avenue",,,,,,"FY 2024-2025_Q2","App-Based","Pending data collection and evaluation","TBD","Pending design review and approval","TBD","LINESTRING (-122.478713573 37.78603127, -122.479785677 37.785982618)","2026/05/23 10:19:56 AM","2026/05/23 10:48:09 AM"
"9953",,"13254000","Parkside","VICENTE ST","4","28TH AVE","29TH AVE","Vicente Street from 28th Avenue to 29th Avenue",,,,,,"FY 2024-2025_Q2","App-Based","Pending data collection and evaluation","TBD","Pending design review and approval","TBD","LINESTRING (-122.485074494 37.738899871, -122.486140768 37.738852674)","2026/05/23 10:19:56 AM","2026/05/23 10:48:09 AM"
"9954",,"13255000","Parkside","VICENTE ST","4","28TH AVE","29TH AVE","Vicente Street from 28th Avenue to 29th Avenue",,,,,,"FY 2024-2025_Q2","App-Based","Pending data collection and evaluation","TBD","Pending design review and approval","TBD","LINESTRING (-122.486140768 37.738852674, -122.487216998 37.738805026)","2026/05/23 10:19:56 AM","2026/05/23 10:48:09 AM"
"9955",,"9789000","Bayview","OAKDALE AVE","10","NEWHALL ST","PHELPS ST","Oakdale Avenue from Newhall Street to Phelps Street",,,,,,"FY 2024-2025_Q2","App-Based","Pending data collection and evaluation","TBD","Pending design review and approval","TBD","LINESTRING (-122.392213661 37.735660959, -122.394092833 37.736728652)","2026/05/23 10:19:56 AM","2026/05/23 10:48:09 AM"
"9956",,"1095000","Merced Manor","21ST AVE","4","OCEAN AVE","EUCALYPTUS DR","21st  Avenue from Ocean Avenue to Eucalyptus Drive",,,,,,"FY 2024-2025_Q2","App-Based","Pending data collection and evaluation","TBD","Pending design review and approval","TBD","LINESTRING (-122.476947114 37.732650988, -122.476839368 37.731113573)","2026/05/23 10:19:56 AM","2026/05/23 10:48:09 AM"
"9957",,"8018000","Presidio Terrace","LAKE ST","1","10TH AVE","11TH AVE","Lake Street from 10th Avenue to 11th Avenue",,,,,,"FY 2024-2025_Q2","App-Based","Pending data collection and evaluation","TBD","Pending design review and approval","TBD","LINESTRING (-122.468974695 37.786482586, -122.470043747 37.786437146)","2026/05/23 10:19:56 AM","2026/05/23 10:48:09 AM"
"9958",,"2909000","Cole Valley","BELVEDERE ST","8","WALLER ST","FREDERICK ST","Belvedere Street from Waller Street to Frederick Street",,,,,,"FY 2024-2025_Q2","App-Based","Pending data collection and evaluation","TBD","Pending design review and approval","TBD","LINESTRING (-122.449454106 37.768728892, -122.449073898 37.766872125)","2026/05/23 10:19:56 AM","2026/05/23 10:48:09 AM"
"9959",,"4621000","Noe Valley","DAY ST","8","SANCHEZ ST","NOE ST","Day Street from Sanchez Street to Noe Street",,,,,,"FY 2024-2025_Q2","App-Based","Pending data collection and evaluation","TBD","Pending design review and approval","TBD","LINESTRING (-122.428805595 37.742764288, -122.431022327 37.742630877)","2026/05/23 10:19:56 AM","2026/05/23 10:48:09 AM"
"9960",,"1702000","Outer Richmond","32ND AVE","1","CLEMENT ST","GEARY BLVD","32nd Avenue from Clement Street to Geary Boulevard",,,,,,"FY 2024-2025_Q2","App-Based","Pending data collection and evaluation","TBD","Pending design review and approval","TBD","LINESTRING (-122.492232287 37.779746951, -122.492375157 37.781676655)","2026/05/23 10:19:56 AM","2026/05/23 10:48:09 AM"
"9961",,"5268000","Stonestown","EUCALYPTUS DR","7","GLADIOLUS LN","19TH AVE","Eucalpytus Drive from Gladiolus Lane to 19th Avenue",,,,,,"FY 2024-2025_Q2","App-Based","Pending data collection and evaluation","TBD","Pending design review and approval","TBD","LINESTRING (-122.472716619 37.731068546, -122.474668274 37.731096301, -122.474856604 37.731065754)","2026/05/23 10:19:56 AM","2026/05/23 10:48:09 AM"
"9962",,"5267000","Stonestown","EUCALYPTUS DR","7","JUNIPERO SERRA BLVD","GLADIOLUS LN","Eucalyptus Drive from Junipero Serra Boulevard to Gladiolus Lane",,,,,,"FY 2024-2025_Q2","App-Based","Pending data collection and evaluation","TBD","Pending design review and approval","TBD","LINESTRING (-122.472132195 37.731060228, -122.472716619 37.731068546)","2026/05/23 10:19:56 AM","2026/05/23 10:48:09 AM"
"9963",,"3784000","Duboce Triangle","CASTRO ST","8","14TH ST","HENRY ST","Castro Street from 14th Street to Henry Street",,,,,,"FY 2024-2025_Q2","App-Based","Pending data collection and evaluation","TBD","Pending design review and approval","TBD","LINESTRING (-122.435624141 37.76732796, -122.435548123 37.766527892)","2026/05/23 10:19:56 AM","2026/05/23 10:48:09 AM"
"9964",,"1954000","Outer Sunset","43RD AVE","4","LINCOLN WY","IRVING ST","43rd Avenue from Lincoln Way to Irving Street",,,,,,"FY 2024-2025_Q2","App-Based","Pending data collection and evaluation","TBD","Pending design review and approval","TBD","LINESTRING (-122.502976414 37.764311128, -122.50284388 37.762427215)","2026/05/23 10:19:56 AM","2026/05/23 10:48:09 AM"
"9965",,"10152000","Pacific Heights","PACIFIC AVE","2","LAGUNA ST","BUCHANAN ST","Pacific Avenue from Laguna Street to Buchanan Street",,,,,,"FY 2024-2025_Q2","App-Based","Pending data collection and evaluation","TBD","Pending design review and approval","TBD","LINESTRING (-122.429803982 37.793977245, -122.431448531 37.793767113)","2026/05/23 10:19:56 AM","2026/05/23 10:48:09 AM"
"9966",,"7512000","Noe Valley","JERSEY ST","8","NOE ST","CASTRO ST","Jersey Street from Noe Street to Castro Street",,,,,,"FY 2024-2025_Q2","App-Based","Pending data collection and evaluation","TBD","Pending design review and approval","TBD","LINESTRING (-122.431793997 37.750628344, -122.434006518 37.750494925)","2026/05/23 10:19:56 AM","2026/05/23 10:48:09 AM"
"9967",,"5199000","Bernal Heights","ELLSWORTH ST","9","TOMPKINS AVE","OGDEN AVE","Ellsworth Street from Tompkins Avenue to Ogden Avenue",,,,,,"FY 2024-2025_Q2","App-Based","Pending data collection and evaluation","TBD","Pending design review and approval","TBD","LINESTRING (-122.414722616 37.737140627, -122.41482888 37.735965167)","2026/05/23 10:19:56 AM","2026/05/23 10:48:09 AM"
"9968",,"2375000","Holly Park","APPLETON AVE","9","GLADYS ST","PATTON ST","Appleton Avenue from Gladys Street to Patton Street",,,,,,"FY 2024-2025_Q2","App-Based","Pending data collection and evaluation","TBD","Pending design review and approval","TBD","LINESTRING (-122.423352658 37.73860149, -122.422852863 37.738398766)","2026/05/23 10:19:56 AM","2026/05/23 10:48:09 AM"
"9969",,"2376000","Holly Park","APPLETON AVE","9","PATTON ST","HOLLY PARK CIR","Appleton Avenue from Patton Street to Holly Park Circle",,,,,,"FY 2024-2025_Q2","App-Based","Pending data collection and evaluation","TBD","Pending design review and approval","TBD","LINESTRING (-122.422852863 37.738398766, -122.420909866 37.737610623)","2026/05/23 10:19:56 AM","2026/05/23 10:48:09 AM"
"9970",,"2197000","Crocker Amazon","ALLISON ST","11","CROSS ST","MORSE ST","Allison Street from Cross Street to Morse Street",,,,,,"FY 2024-2025_Q2","App-Based","Pending data collection and evaluation","TBD","Pending design review and approval","TBD","LINESTRING (-122.442137402 37.713665844, -122.441585091 37.712380776)","2026/05/23 10:19:56 AM","2026/05/23 10:48:09 AM"
"9971",,"1938000","Outer Sunset","42ND AVE","4","NORIEGA ST","ORTEGA ST","42nd Avenue from Noriega Street to Ortega Street",,,,,,"FY 2024-2025_Q2","App-Based","Pending data collection and evaluation","TBD","Pending design review and approval","TBD","LINESTRING (-122.501117921 37.753153652, -122.500987489 37.751286395)","2026/05/23 10:19:56 AM","2026/05/23 10:48:09 AM"
"9972",,"13478000","Parkside","WAWONA ST","4","22ND AVE","23RD AVE","Wawona Street from 22nd Avenue to 23rd Avenue",,,,,,"FY 2024-2025_Q2","App-Based","Pending data collection and evaluation","TBD","Pending design review and approval","TBD","LINESTRING (-122.47850015 37.737313005, -122.47960169 37.737266046)","2026/05/23 10:19:56 AM","2026/05/23 10:48:09 AM"
"9973",,"2323000","Inner Richmond","ANZA ST","1","6TH AVE","7TH AVE","Anza Street from 6th Avenue to 7th Avenue",,,,,,"FY 2024-2025_Q2","App-Based","Pending data collection and evaluation","TBD","Pending design review and approval","TBD","LINESTRING (-122.46414497 37.779090727, -122.465210661 37.779042581)","2026/05/23 10:19:56 AM","2026/05/23 10:48:09 AM"
"9974",,"151000","Presidio Terrace","03RD AVE","1","LAKE ST","CALIFORNIA ST","03rd Avenue from Lake Street to California Street",,,,,,"FY 2024-2025_Q2","App-Based","Pending data collection and evaluation","TBD","Pending design review and approval","TBD","LINESTRING (-122.461470836 37.786816065, -122.461368664 37.785403135)","2026/05/23 10:19:56 AM","2026/05/23 10:48:09 AM"
"9975",,"12583000","Lakeshore","THOMAS MORE WY","7","BROTHERHOOD WY","SAN FRANCISCO GOLF CLUB RD","Thomas More Way from Brotherhood Way to San Francisco Golf Club Road",,,,,,"FY 2024-2025_Q2","App-Based","Pending data collection and evaluation","TBD","Pending design review and approval","TBD","LINESTRING (-122.472737205 37.712927375, -122.47325933 37.71163554)","2026/05/23 10:19:56 AM","2026/05/23 10:48:09 AM"
"9976",,"2391000","Glen Park","ARBOR ST","8","DIAMOND ST","CONRAD ST","Arbor Street from Diamond Street to Conrad Street",,,,,,"FY 2024-2025_Q2","App-Based","Data collection and evaluation","TBD","Pending design review and approval","TBD","LINESTRING (-122.434626449 37.738290069, -122.435089309 37.73790193, -122.435852541 37.737691575, -122.436284483 37.737323901)","2026/05/23 10:19:56 AM","2026/05/23 10:48:09 AM"
"9977",,"9995000","Merced Heights","ORIZABA AVE","11","GRAFTON AVE","HOLLOWAY AVE","Orizaba Avenue from Grafton Avenue to Holloway Avenue",,,,,,"FY 2024-2025_Q2","App-Based","Pending data collection and evaluation","TBD","Pending design review and approval","TBD","LINESTRING (-122.462662917 37.720003746, -122.462682717 37.721692169)","2026/05/23 10:19:56 AM","2026/05/23 10:48:09 AM"
"9978",,"13285000","Merced Heights","VICTORIA ST","11","SARGENT ST","SHIELDS ST","Victoria St from Sargent Street to Shields Street",,,,,,"FY 2024-2025_Q2",,"Pending design review and approval","TBD","Pending Construction","TBD","LINESTRING (-122.465321066 37.716117622, -122.46534206 37.717918111)","2026/05/23 10:19:56 AM","2026/05/23 10:48:09 AM"
"9979",,"4361000","Parkside","CONSTANSO WY","4","SLOAT BLVD","ESCONDIDO AVE","Constanso Way from Sloat Boulevard to Escondido Avenue",,,,,,"FY 2024-2025_Q2","App-Based","Pending data collection and evaluation","TBD","Pending design review and approval","TBD","LINESTRING (-122.488956039 37.734113298, -122.488834077 37.734258271, -122.488816716 37.734386273, -122.488575509 37.734763677)","2026/05/23 10:19:56 AM","2026/05/23 10:48:09 AM"
"9980",,"8909000","Lone Mountain","MCALLISTER ST","1","PARKER AVE","STANYAN ST","McAllister Street from Parker Avenue to Stanyan Street",,,,,,"FY 2024-2025_Q2","App-Based","Pending data collection and evaluation","TBD","Pending design review and approval","TBD","LINESTRING (-122.452963825 37.775750129, -122.45476427 37.7755268)","2026/05/23 10:19:56 AM","2026/05/23 10:48:09 AM"
"9981",,"593000","Mission Dolores","14TH ST","8","DOLORES ST","LANDERS ST","14th Street from Dolores Street to Landers Street",,,,,,"FY 2024-2025_Q3","App-Based","Pending data collection and evaluation","Apr - Aug 2025","Pending design review and approval","TBD","LINESTRING (-122.426693184 37.767869019, -122.427864998 37.767792688)","2026/05/23 10:19:56 AM","2026/05/23 10:48:09 AM"
"9982",,"594000","Mission Dolores","14TH ST","8","LANDERS ST","MARKET ST","14th Street from Landers Street to Market Street",,,,,,"FY 2024-2025_Q3","App-Based","Pending data collection and evaluation","Apr - Aug 2025","Pending design review and approval","TBD","LINESTRING (-122.427864998 37.767792688, -122.428657163 37.767734888)","2026/05/23 10:19:56 AM","2026/05/23 10:48:09 AM"
"9983",,"6918000","Parkmerced","HIGUERA AVE","7","ARBALLO DR","VIDAL DR","Higuera Avenue from Arballo Drive to Vidal Drive",,,,,,"FY 2024-2025_Q3","App-Based","Pending data collection and evaluation","Apr - Aug 2025","Pending design review and approval","TBD","LINESTRING (-122.484781119 37.718322605, -122.483159761 37.718271089)","2026/05/23 10:19:56 AM","2026/05/23 10:48:09 AM"
"9984",,"6914000","Parkmerced","HIGUERA AVE","7","ARBALLO DR","VIDAL DR","Higuera Avenue from Arballo Drive to Vidal Drive",,,,,,"FY 2024-2025_Q3","App-Based","Pending data collection and evaluation","Apr - Aug 2025","Pending design review and approval","TBD","LINESTRING (-122.483143444 37.71851735, -122.484630572 37.718566067)","2026/05/23 10:19:56 AM","2026/05/23 10:48:09 AM"
"9986",,"121000","Inner Richmond","02ND AVE","1","CORNWALL ST","CLEMENT ST","02nd Avenue from Cornwall Street from Clement Street",,,,,,"FY 2024-2025_Q3","App-Based","Pending data collection and evaluation","Apr - Aug 2025","Pending design review and approval","TBD","LINESTRING (-122.460269601 37.785006281, -122.460137199 37.783136488)","2026/05/23 10:19:56 AM","2026/05/23 10:48:09 AM"
"9987",,"4059000","South of Market","CLARA ST","6","05TH ST","06TH ST","Clara Street from 5th Street to 6th Street",,,,,,"FY 2024-2025_Q3","App-Based","Pending data collection and evaluation","Apr - Aug 2025","Pending design review and approval","TBD","LINESTRING (-122.402377492 37.779458716, -122.404605506 37.777699659)","2026/05/23 10:19:56 AM","2026/05/23 10:48:09 AM"
"9988",,"9017000","Lakeshore","MIDDLEFIELD DR","4","OCEAN AVE","EUCALYTPUS DR","Middlefield Drive from Ocean Avenue to Eucalyptus Drive",,,,,,"FY 2024-2025_Q3","App-Based","Pending data collection and evaluation","Apr - Aug 2025","Pending design review and approval","TBD","LINESTRING (-122.486274189 37.732237985, -122.486179325 37.73087918)","2026/05/23 10:19:56 AM","2026/05/23 10:48:09 AM"
"9989",,"497000","Inner Richmond","11TH AVE","1","ANZA ST","BALBOA ST","11th Avenue from Anza Street to Balboa Street",,,,,,"FY 2024-2025_Q3","App-Based","Pending data collection and evaluation","Apr - Aug 2025","Pending design review and approval","TBD","LINESTRING (-122.4694947 37.778849094, -122.469361011 37.776990327)","2026/05/23 10:19:56 AM","2026/05/23 10:48:09 AM"
"9990",,"7489000","Bret Harte","JENNINGS ST","10","HOLLISTER AVE","INGERSON AVE","Jennings Street from Hollister Avenue to Ingerson Avenue",,,,,,"FY 2024-2025_Q3","App-Based","Pending data collection and evaluation","Apr - Aug 2025","Pending design review and approval","TBD","LINESTRING (-122.394301948 37.720783054, -122.394852049 37.720175221)","2026/05/23 10:19:56 AM","2026/05/23 10:48:09 AM"
"9991",,"7490000","Bret Harte","JENNINGS ST","10","INGERSON AVE","JAMESTOWN AVE","Jennings Street from Ingerson Avenue to Jamestown Avenue",,,,,,,,,,,,"LINESTRING (-122.394852049 37.720175221, -122.394927071 37.720118523, -122.395431474 37.719558105)","2026/05/23 10:19:56 AM","2026/05/23 10:48:09 AM"
"9992",,"7491000","Bret Harte","JENNINGS ST","10","JAMESTOWN AVE","KEY AVE","Jennings Street from Jamestown Avenue to Key Avenue",,,,,,"FY 2024-2025_Q3","App-Based","Pending data collection and evaluation","Apr - Aug 2025","Pending design review and approval","TBD","LINESTRING (-122.395431474 37.719558105, -122.39599491 37.71893209)","2026/05/23 10:19:56 AM","2026/05/23 10:48:09 AM"
"9993",,"9866000","Lakeshore","OCEAN AVE","4","EVERGLADE DR","HAVENSIDE DR","Ocean Avenue from Everglade Drive to Havenside Drive",,,,,,"FY 2024-2025_Q3","App-Based","Pending data collection and evaluation","Apr - Aug 2025","Pending design review and approval","TBD","LINESTRING (-122.488899959 37.732121651, -122.489743996 37.732084573)","2026/05/23 10:19:56 AM","2026/05/23 10:48:09 AM"
"9994",,"9867000","Lakeshore","OCEAN AVE","4","HAVENSIDE DR","WESTMOORLAND DR","Ocean Avenue from Havenside Drive to Westmoorland Drive",,,,,,"FY 2024-2025_Q3","App-Based","Pending data collection and evaluation","Apr - Aug 2025","Pending design review and approval","TBD","LINESTRING (-122.489743996 37.732084573, -122.490591226 37.732047348)","2026/05/23 10:19:56 AM","2026/05/23 10:48:09 AM"
"9995",,"9868000","Lakeshore","OCEAN AVE","4","WESTMOORLAND DR","CLEARFIELD DR","Ocean Avenue from Westmoorland Drive to Clearfield Drive",,,,,,"FY 2024-2025_Q3","App-Based","Pending data collection and evaluation","Apr - Aug 2025","Pending design review and approval","TBD","LINESTRING (-122.490591226 37.732047348, -122.49143643 37.732010206)","2026/05/23 10:19:56 AM","2026/05/23 10:48:09 AM"
"9996",,"1638000","Seacliff","30TH AVE","1","LAKE ST","SEA VIEW TER","30th Avenue from Lake Street to Sea View Terrace",,,,,,"FY 2024-2025_Q3","App-Based","Pending data collection and evaluation","Apr - Aug 2025","Pending design review and approval","TBD","LINESTRING (-122.49047449 37.785118745, -122.490417333 37.784350355)","2026/05/23 10:19:56 AM","2026/05/23 10:48:09 AM"
"9997",,"1639000","Seacliff","30TH AVE","1","SEA VIEW TER","CALIFORNIA ST","30th Avenue from Sea View Terrace to California Street",,,,,,"FY 2024-2025_Q3","App-Based","Pending data collection and evaluation","Apr - Aug 2025","Pending design review and approval","TBD","LINESTRING (-122.490417333 37.784350355, -122.49036449 37.783639957)","2026/05/23 10:19:56 AM","2026/05/23 10:48:09 AM"
"9999",,"1459000","Noe Valley","25TH ST","8","HOFFMAN AVE","FOUNTAIN ST","25th Street from Hoffman Avenue to Fountain Street",,,,,,"FY 2024-2025_Q3","App-Based","Pending data collection and evaluation","Apr - Aug 2025","Pending design review and approval","TBD","LINESTRING (-122.440458588 37.749300757, -122.441538077 37.749230817)","2026/05/23 10:19:56 AM","2026/05/23 10:48:09 AM"
"10000",,"1584000","Outer Sunset","28TH AVE","4","IRVING ST","JUDAH ST","28th Avenue from Irving Street to Judah Street",,,,,,"FY 2024-2025_Q3","App-Based","Pending data collection and evaluation","Apr - Aug 2025","Pending design review and approval","TBD","LINESTRING (-122.486770426 37.763136867, -122.486639898 37.761275629)","2026/05/23 10:19:56 AM","2026/05/23 10:48:09 AM"
"10001",,"5371001","Candlestick Point","EXECUTIVE PARK BLVD","10","ALANA WY","BLANKEN AVE","Executive Park Boulevard from Alana Way to Blanken Avenue",,,,,,"FY 2023-2024_Q2","App-Based","Pending design review and approval","TBD","Pending construction","TBD","LINESTRING (-122.394823625 37.711025025, -122.394570679 37.709671796, -122.39451745 37.70951644, -122.394403066 37.708903826)","2026/05/23 10:19:56 AM","2026/05/23 10:48:09 AM"
"10003",,"13749000","Monterey Heights","YERBA BUENA AVE","7","MAYWOOD DR","MIRALOMA DR\ RAVENWOOD DR","Yerba Buena Avenue from Maywood Drive to Miraloma Drive \ Ravenwood Drive","4-Lump Speed Cushion","1","3","2024","2024/03/01","FY 2020-2021","App-Based","Complete",,,,"LINESTRING (-122.460477067 37.735179523, -122.461242338 37.735781715)","2026/05/23 10:19:56 AM","2026/05/23 10:48:09 AM"
"10241",,"812000",,"17TH ST","8","END","DIAMOND ST","17th Street from End to Diamond Street","3-Lump Speed Cushion","1","4","2024","2024/04/01",,"SFFD Request","Complete",,,,"LINESTRING (-122.436437451 37.762408586, -122.437342368 37.762354747)","2026/05/23 10:19:56 AM","2026/05/23 10:48:09 AM"
"10242",,"13524002","Hayes Valley","WEBSTER ST","5","ROSE ST","PAGE ST","Webster Street from Rose Street to Page Street","3-Lump Speed Cushion","1","4","2024","2024/04/01",,"SFFD Request","Complete",,,,"LINESTRING (-122.428990052 37.773247801, -122.4288984 37.772793343)","2026/05/23 10:19:56 AM","2026/05/23 10:48:09 AM"
"10243",,"4317000","Jordan Park - Laurel Heights","COMMONWEALTH AVE","2","EUCLID AVE","GEARY BLVD","Commonwealth Avenue from Euclid Avenue to Geary Boulevard","Speed Hump","2","5","2024","2024/05/01",,"Restoration After Paving","Complete",,,,"LINESTRING (-122.455711327 37.783978891, -122.455523985 37.78143114)","2026/05/23 10:19:56 AM","2026/05/23 10:48:09 AM"
"10244",,"10273000","Jordan Park - Laurel Heights","PARKER AVE","2","CALIFORNIA ST","EUCLID AVE","Parker Avenue from California Street to Euclid Street","Speed Hump","2","9","2016","2016/09/01",,"Laurel Heights/Jordan Park Traffic Calming Project","Complete",,,,"LINESTRING (-122.454774456 37.786243821, -122.454617803 37.784029989)","2026/05/23 10:19:56 AM","2026/05/23 10:48:09 AM"
"10245",,"7616000","Jordan Park - Laurel Heights","JORDAN AVE","2","CALIFORNIA ST","EUCLID AVE","Jordan Avenue from California Street to Euclid Avenue","Speed Hump","2","9","2016","2016/09/01",,"Laurel Heights/Jordan Park Traffic Calming Project","Complete",,,,"LINESTRING (-122.456963372 37.785963787, -122.45681322 37.783928912)","2026/05/23 10:19:56 AM","2026/05/23 10:48:09 AM"
"10246",,"10190000","Jordan Park - Laurel Heights","PALM AVE","2","CALIFORNIA ST","EUCLID AVE","Palm Avenue from California Street to Euclid Avenue","Speed Hump","2","9","2016","2016/09/01",,"Laurel Heights/Jordan Park Traffic Calming Project","Complete",,,,"LINESTRING (-122.458061917 37.785824278, -122.457922818 37.783874311)","2026/05/23 10:19:56 AM","2026/05/23 10:48:09 AM"
"10247",,"1113000","Dolores Heights","21ST ST","9","VALENCIA ST","GUERRERO ST","21St Street from Valencia Street to Guerrero Street","3-Lump Speed Cushion","2","6","2024","2024/06/01",,"TC Removal & Replacement","Complete",,,,"LINESTRING (-122.42111754 37.756902008, -122.423330606 37.756768781)","2026/05/23 10:19:56 AM","2026/05/23 10:48:09 AM"
"10561",,"9610000","Duboce Triangle","NOE ST","8","15TH ST","BEAVER ST","Noe Street from 15th Street to Beaver Street","3-Lump Speed Cushion","1","3","2025","2025/03/01",,"Noe St Slow Street TC","Complete",,,,"LINESTRING (-122.433255473 37.765861628, -122.433178635 37.765060651)","2026/05/23 10:19:56 AM","2026/05/23 10:48:09 AM"
"10562",,"9608000","Duboce Triangle","NOE ST","8","14TH ST","HENRY ST","Noe Street from 14th Street to Henry Street","3-Lump Speed Cushion","1","3","2025","2025/03/01",,"Noe St Slow Street TC","Complete",,,,"LINESTRING (-122.433408259 37.767461583, -122.433331905 37.76666203)","2026/05/23 10:19:56 AM","2026/05/23 10:48:09 AM"
"10563",,"10029000","Outer Sunset","ORTEGA ST","4","40TH AVE","41ST AVE","Ortega Street from 40th Avenue to 41st Avenue","3-Lump Speed Cushion","1","2","2025","2025/02/01",,"Sunset Neighborways Ortega TC","Complete",,,,"LINESTRING (-122.498842249 37.751381161, -122.499914457 37.751333766)","2026/05/23 10:19:56 AM","2026/05/23 10:48:09 AM"
"10564",,"10028000","Outer Sunset","ORTEGA ST","4","39TH AVE","40TH AVE","Ortega Street from 39th Avenue to 40th Avenue","3-Lump Speed Cushion","1","2","2025","2025/02/01",,"Sunset Neighborways Ortega TC","Complete",,,,"LINESTRING (-122.497770416 37.751426327, -122.498842249 37.751381161)","2026/05/23 10:19:56 AM","2026/05/23 10:48:09 AM"
"10565",,"10023000","Outer Sunset","ORTEGA ST","4","35TH AVE","36TH AVE","Ortega Street from 35th Avenue to 36th Avenue","3-Lump Speed Cushion","1","2","2025","2025/02/01",,"Sunset Neighborways Ortega TC","Complete",,,,"LINESTRING (-122.493488045 37.751613905, -122.494560808 37.751568259)","2026/05/23 10:19:56 AM","2026/05/23 10:48:09 AM"
"10566",,"10019000","Outer Sunset","ORTEGA ST","4","31ST AVE","32ND AVE","Ortega Street from 31st Avenue to 32nd Avenue","3-Lump Speed Cushion","1","2","2025","2025/02/01",,"Sunset Neighborways Ortega TC","Complete",,,,"LINESTRING (-122.489193569 37.751806869, -122.490270382 37.7517585)","2026/05/23 10:19:56 AM","2026/05/23 10:48:09 AM"
"10567",,"10018000","Outer Sunset","ORTEGA ST","4","30TH AVE","31ST AVE","Ortega Street from 30th Avenue to 31st Avenue","3-Lump Speed Cushion","1","2","2025","2025/02/01",,"Sunset Neighborways Ortega TC","Complete",,,,"LINESTRING (-122.488143191 37.751854042, -122.489193569 37.751806869)","2026/05/23 10:19:56 AM","2026/05/23 10:48:09 AM"
"10568",,"10017000","Outer Sunset","ORTEGA ST","4","29TH AVE","30TH AVE","Ortega Street from 29th Avenue to 30th Avenue","3-Lump Speed Cushion","1","2","2025","2025/02/01",,"Sunset Neighborways Ortega TC","Complete",,,,"LINESTRING (-122.487053067 37.751903269, -122.488143191 37.751854042)","2026/05/23 10:19:56 AM","2026/05/23 10:48:09 AM"
"10881",,"9869000","Lakeshore","OCEAN AVE","4","CLEARFIELD DR","MORNINGSIDE DR","Ocean Avenue from Clearfield Drive to Morningside Drive",,,,,,"FY 2024-2025_Q3","App-Based","Pending data collection and evaluation","Apr - Aug 2025","Pending design review and approval","TBD","LINESTRING (-122.49143643 37.732010206, -122.492284318 37.73197294)","2026/05/23 10:19:56 AM","2026/05/23 10:48:09 AM"
"10882",,"3717000","Potrero Hill","CAROLINA ST","10","CORAL RD","CORAL RD","Carolina Street from Coral Road to Coral Road",,,,,,"FY 2024-2025_Q3","App-Based","Pending data collection and evaluation","Apr - Aug 2025","Pending design review and approval","TBD","LINESTRING (-122.399523718 37.753863096, -122.399439006 37.753017521)","2026/05/23 10:19:56 AM","2026/05/23 10:48:09 AM"
"10884",,"3718000","Potrero Hill","CAROLINA ST","10","CORAL RD","CAIRE TER","Carolina Street from Coral Road to Claire Terrace",,,,,,"FY 2024-2025_Q3","App-Based","Pending data collection and evaluation","Apr - Aug 2025","Pending design review and approval","TBD","LINESTRING (-122.399439006 37.753017521, -122.399398373 37.752611929, -122.399362835 37.752524462, -122.399253305 37.752441008, -122.399114708 37.752409476, -122.398969405 37.75243272, -122.398831365 37.75250806)","2026/05/23 10:19:56 AM","2026/05/23 10:48:09 AM"
"10885",,"3719000","Potrero Hill","CAROLINA ST","10","CAIRE TER","WISCONSIN ST","Carolina Street from Caire Terrace to Wisconsin Street",,,,,,"FY 2024-2025_Q3","App-Based","Pending data collection and evaluation","Apr - Aug 2025","Pending design review and approval","TBD","LINESTRING (-122.398831365 37.752508061, -122.398729589 37.752563609, -122.398623017 37.752595875, -122.398491066 37.752603731)","2026/05/23 10:19:56 AM","2026/05/23 10:48:09 AM"
"10886",,"12649000","Silver Terrace","TOPEKA AVE","10","MADDUX AVE","BRIDGEVIEW DR","Topeka Avenue from Maddux Avenue to Bridgeview Drive",,,,,,"FY 2024-2025_Q3","App-Based","Pending data collection and evaluation","Apr - Aug 2025","Pending design review and approval","TBD","LINESTRING (-122.398584636 37.733638848, -122.397689472 37.733278115)","2026/05/23 10:19:56 AM","2026/05/23 10:48:09 AM"
"10887",,"1923000","Outer Sunset","41ST AVE","4","ULLOA ST","VICENTE ST","41st Avenue from Ulloa Street to Vicente Street",,,,,,"FY 2024-2025_Q3","App-Based","Pending data collection and evaluation","Apr - Aug 2025","Pending design review and approval","TBD","LINESTRING (-122.499131506 37.740143479, -122.499001352 37.738285545)","2026/05/23 10:19:56 AM","2026/05/23 10:48:09 AM"
"10888",,"1900000","Outer Sunset","40TH AVE","4","ULLOA ST","VICENTE ST","40th Avenue from Ulloa Street to Vicente Street",,,,,,"FY 2024-2025_Q3","App-Based","Pending data collection and evaluation","Apr - Aug 2025","Pending design review and approval","TBD","LINESTRING (-122.498059035 37.740190866, -122.497928209 37.73833252)","2026/05/23 10:19:56 AM","2026/05/23 10:48:09 AM"
"10891",,"19397001","Bayview District","INNES AVE","10","DONAHUE ST","EARL ST","Innes Avenue from Donahue Street to Earl Street",,,,,,"FY 2024-2025_Q3","App-Based","Pending data collection and evaluation","Apr - Aug 2025","Pending design review and approval","TBD","LINESTRING (-122.370147117 37.728784564, -122.370145384 37.728806145, -122.372005697 37.729873875)","2026/05/23 10:19:56 AM","2026/05/23 10:48:09 AM"
"10892",,"7253000","Bayview District","INNES AVE","10","EARL ST","ARELIOUS WALKER DR","Innes Avenue from Earl Street to Arelious Walker Drive",,,,,,"FY 2024-2025_Q3","App-Based","Pending data collection and evaluation","Apr - Aug 2025","Pending design review and approval","TBD","LINESTRING (-122.372005697 37.729873875, -122.373890365 37.730936071)","2026/05/23 10:19:56 AM","2026/05/23 10:48:09 AM"
"10893",,"7254000","Bayview District","INNES AVE","10","ARELIOUS WALKER DR","GRIFFITH ST","Innes Avenue from Arelious Walker Drive to Griffith Street",,,,,,"FY 2024-2025_Q3","App-Based","Pending data collection and evaluation","Apr - Aug 2025","Pending design review and approval","TBD","LINESTRING (-122.373890365 37.730936071, -122.375758215 37.7319966)","2026/05/23 10:19:56 AM","2026/05/23 10:48:09 AM"
"10894",,"7255000","Bayview District","INNES AVE","10","GRIFFITH ST","HUNTERS POINT BLVD","Innes Avenue from Griffith Street to Hunter Points Boulevard",,,,,,"FY 2024-2025_Q3","App-Based","Pending data collection and evaluation","Apr - Aug 2025","Pending design review and approval","TBD","LINESTRING (-122.375758215 37.7319966, -122.376638036 37.732496125)","2026/05/23 10:19:56 AM","2026/05/23 10:48:09 AM"
"10895",,"9551000","Bayview District","NEWCOMB AVE","10","LANE ST","MENDELL ST","Newcomb Avenue from Lane Street to Mendell Street",,,,,,"FY 2024-2025_Q3","App-Based","Pending data collection and evaluation","Apr - Aug 2025","Pending design review and approval","TBD","LINESTRING (-122.389770837 37.735224883, -122.387909633 37.734170464)","2026/05/23 10:19:56 AM","2026/05/23 10:48:09 AM"
"10896",,"5712000","Bernal Heights","FOLSOM ST","9","JARBOE AVE","TOMPKINS AVE","Folsom Street from Jarboe Avenue to Tompkins Avenue",,,,,,"FY 2024-2025_Q3","App-Based","Pending data collection and evaluation","Apr - Aug 2025","Pending design review and approval","TBD","LINESTRING (-122.413362761 37.738313705, -122.413477597 37.737069911)","2026/05/23 10:19:56 AM","2026/05/23 10:48:09 AM"
"10897",,"5713000","Bernal Heights","FOLSOM ST","9","TOMPKINS AVE","OGDEN AVE","Folsom Street from Tompkins Avenue to Ogden Avenue",,,,,,"FY 2024-2025_Q3","App-Based","Pending data collection and evaluation","Apr - Aug 2025","Pending design review and approval","TBD","LINESTRING (-122.413477597 37.737069911, -122.413583994 37.735893196)","2026/05/23 10:19:56 AM","2026/05/23 10:48:09 AM"
"10898",,"5714000","Bernal Heights","FOLSOM ST","9","OGDEN AVE","CRESCENT AVE","Folsom Street from Ogden Avenue to Crescent Avenue",,,,,,"FY 2024-2025_Q3","App-Based","Pending data collection and evaluation","Apr - Aug 2025","Pending design review and approval","TBD","LINESTRING (-122.413583994 37.735893196, -122.413689019 37.734731615)","2026/05/23 10:19:56 AM","2026/05/23 10:48:09 AM"
"10899",,"1919000",,"41ST AVE","4","QUINTARA ST","RIVERA ST","41st Avenue from Quintara Street to Rivera Street",,,,,,"FY 2024-2025_Q3","App-Based","Pending data collection and evaluation","Apr - Aug 2025","Pending design review and approval","TBD","LINESTRING (-122.499654138 37.747604678, -122.499525445 37.745739003)","2026/05/23 10:19:56 AM","2026/05/23 10:48:09 AM"
"10900",,"7588000","Russian Hill","JONES ST","3","VALLEJO ST","GREEN ST","Jones Street from Vallejo Street to Green Street",,,,,,"FY 2024-2025_Q3","App-Based","Pending data collection and evaluation","Apr - Aug 2025","Pending design review and approval","TBD","LINESTRING (-122.41557232 37.798680127, -122.415384105 37.797749542)","2026/05/23 10:19:56 AM","2026/05/23 10:48:09 AM"
"11201",,"8209000",,"LAWTON ST","4","29th AVE","30TH AVE","Lawton Street from 29th Avenue to 39th Avenue","3-Lump Speed Cushion","1","05","2025","2025/05/01",,"Schools Engineering Walk Audits","Complete",,,,"LINESTRING (-122.487449104 37.7574949, -122.488517234 37.757447801)","2026/05/23 10:19:56 AM","2026/05/23 10:48:09 AM"
"11202",,"8210000","Outer Sunset","LAWTON ST","4","30TH AVE","31ST AVE","Lawton Street from 30th Avenue to 31st Avenue","3-Lump Speed Cushion","1","05","2025","2025/05/01",,"Schools Engineering Walk Audits","Complete",,,,"LINESTRING (-122.488517234 37.757447801, -122.48959133 37.75740043)","2026/05/23 10:19:56 AM","2026/05/23 10:48:09 AM"
"11521",,"9201000","Potrero Hill","MISSISSIPPI ST","10","MARIPOSA ST","18TH ST","Missippi Street from Mariposa Street to 18th Street",,,,,,"FY 2023-2024","App-Based","Pending design review and approval","TBD","Pending Construction","TBD","LINESTRING (-122.394708642 37.763964017, -122.394595443 37.762696216)","2026/05/23 10:19:56 AM","2026/05/23 10:48:09 AM"
"11841",,"837000","Inner Sunset","18TH AVE","7","KIRKHAM ST","LAWTON ST","18th Avenue from Kirkham Street to Lawton Street","3-Lump Speed Cushion","2",,,,"FY 2021-2022","App-Based","Pending construction","TBD","Completion","TBD","LINESTRING (-122.475796563 37.759879434, -122.475665865 37.758013776)","2026/05/23 10:19:56 AM","2026/05/23 10:48:09 AM"
"11842",,"1293000","Outer Richmond","24TH AVE","1","CLEMENT ST","GEARY BLVD","24th Avenue from Clement Street to Geary Boulevard","Speed Hump","2","11","2025","2025/11/01","FY 2021-2022","App-Based","Complete",,,,"LINESTRING (-122.483803727 37.782076639, -122.48366195 37.780143061)","2026/05/23 10:19:56 AM","2026/05/23 10:48:09 AM"
"11843",,"3619000","University Mound","CAMBRIDGE ST","9","WEST VIEW AVE","SWEENY ST","Cambridge Street from West View Avenue to Sweeny Street","3-Lump Speed Cushion","1","12","2025","2025/12/01","FY 2021-2022","App-Based","Complete",,,,"LINESTRING (-122.419281873 37.731164308, -122.419373452 37.730430034)","2026/05/23 10:19:56 AM","2026/05/23 10:48:09 AM"
"11844",,"4975000","Excelsior","DUBLIN ST/ LA GRANDE AVE","11","PERSIA AVE","BRAZIL AVE","Dublin Street/ La Grande Avenue from Persia Avenue to Brazil Avenue","3-Lump Speed Cushion","2","11","2025","2025/11/01","FY 2020-2021","App-Based","Complete",,,,"LINESTRING (-122.426390271 37.718560725, -122.425830006 37.719302107, -122.425479353 37.720232587)","2026/05/23 10:19:56 AM","2026/05/23 10:48:09 AM"
"11845",,"6470000","Pacific Heights","GREEN ST","2","GOUGH ST","OCTAVIA ST","Green Street from Gough Street to Octavia Street","3-Lump Speed Cushion","1","12","2025","2025/12/01","FY 2021-2022","App-Based","Complete",,,,"LINESTRING (-122.427080193 37.797200169, -122.428725403 37.796991725)","2026/05/23 10:19:56 AM","2026/05/23 10:48:09 AM"
"11846",,"6767000","Castro","HARTFORD ST","8","18TH ST","19TH ST","Hartford Street from 18th Street to 19th STreet","3-Lump Speed Cushion","2",,,,"FY 2021-2022","App-Based","Pending construction","TBD","Completion","TBD","LINESTRING (-122.433903579 37.760954739, -122.433744545 37.759356308)","2026/05/23 10:19:56 AM","2026/05/23 10:48:09 AM"
"11848",,"7594000","Russian Hill","JONES ST","3","GREENWICH ST","LOMBARD ST","Jones Street from Greenwich Street to Lombard Street","3-Lump Speed Cushion","1","03","2026","2026/03/01","FY 2021-2022","App-Based","Complete",,,,"LINESTRING (-122.416324356 37.802410832, -122.416132996 37.801480859)","2026/05/23 10:19:56 AM","2026/05/23 10:48:09 AM"
"11849",,"8281000","Ingleside","LEE AVE","11","HOLLOWAY AVE","GRAFTON AVE","Lee Avenue from Holloway Avenue to Grafton Avenue","3-Lump Speed Cushion","2",,,,"FY 2021-2022","App-Based","Pending construction","TBD","Completion","TBD","LINESTRING (-122.454106552 37.721851371, -122.454096162 37.720038193)","2026/05/23 10:19:56 AM","2026/05/23 10:48:09 AM"
"11850",,"8502000","Oceanview","LOUISBURG ST","11","MT VERNON AVE","RIDGE LN","Louisburg Street from Mt Vernon Avenue to Ridge Lane","Speed Hump","1",,,,"FY 2021-2022","App-Based","Pending construction","TBD","Completion","TBD","LINESTRING (-122.450820652 37.719354885, -122.451253351 37.718674294, -122.451585478 37.718577101)","2026/05/23 10:19:56 AM","2026/05/23 10:48:09 AM"
"11851",,"9014000","Bayview District","MIDDLE POINT RD","10","WEST POINT RD","INGALLS ST","Middle Point Road from West Point Road to Ingalls Street","4-Lump Speed Cushion","1","03","2026","2026/03/01","FY 2021-2022","App-Based","Complete",,,,"LINESTRING (-122.379414568 37.735244675, -122.379420493 37.734524611, -122.379420865 37.734479384, -122.379439355 37.734422111, -122.379430744 37.734081617)","2026/05/23 10:19:56 AM","2026/05/23 10:48:09 AM"
"11852",,"10911000","Fairmount","RANDALL ST","8","CHURCH ST","WHITNEY ST","Randall Street from Church Street to Whitney Street","Speed Table","1",,,,"FY 2021-2022","App-Based","Pending construction","TBD","Pending construction","TBD","LINESTRING (-122.426619291 37.739731296, -122.427652222 37.739668399)","2026/05/23 10:19:56 AM","2026/05/23 10:48:09 AM"
"11853",,"11028000","Sunnyside","RIDGEWOOD AVE","7","HEARST AVE","MONTEREY BLVD","Ridgewood Avenue from Hearst Avenue to Monterey Boulevard","3-Lump Speed Cushion","1","01","2026","2026/01/01","FY 2021-2022","App-Based","Complete",,,,"LINESTRING (-122.453408561 37.730672036, -122.453411344 37.731530647)","2026/05/23 10:19:56 AM","2026/05/23 10:48:09 AM"
"11854",,"12654000","South Beach","TOWNSEND ST","6","THE EMBARCADERO","COLIN P KELLY JR ST","Townsend Street from The Embarcadero to Colin P Kelly Jr Street",,,,,,"FY 2022-2023","App-Based","Pending construction","TBD","Completion","TBD","LINESTRING (-122.388306068 37.781798236, -122.388758034 37.78179774, -122.389168449 37.781649458, -122.38975356 37.781220707)","2026/05/23 10:19:56 AM","2026/05/23 10:48:09 AM"
"11855",,"13451000","Presidio Heights","WASHINGTON ST","2","CHERRY ST","MAPLE ST","Washington Street from Cherry Street to Maple Street",,,,,,"FY 2022-2023","App-Based","Pending construction","TBD","Completion","TBD","LINESTRING (-122.457233931 37.788679605, -122.455595137 37.788888367)","2026/05/23 10:19:56 AM","2026/05/23 10:48:09 AM"
"11856",,"13435000","Pacific Heights","WASHINGTON ST","2","GOUGH ST","OCTAVIA ST","Washington Street from Gough Street to Octavia Street","3-Lump Speed Cushion","1","12","2025","2025/12/01","FY 2021-2022","App-Based","Complete",,,,"LINESTRING (-122.426157043 37.792633771, -122.427804232 37.792425078)","2026/05/23 10:19:56 AM","2026/05/23 10:48:09 AM"
"11857",,"13436000","Pacific Heights","WASHINGTON ST","2","OCTAVIA ST","LAGUNA ST","Washington Street from Octavia Street to Laguna Street","3-Lump Speed Cushion","1","05","2026","2026/05/01","FY 2021-2022","App-Based","Complete",,,,"LINESTRING (-122.427804232 37.792425078, -122.429447192 37.792216898)","2026/05/23 10:19:56 AM","2026/05/23 10:48:09 AM"
"11859",,"8292000","Visitacion Valley","LELAND AVE","10","BAYSHORE BLVD","DESMOND ST","Leland Avenue from Bayshore Boulevard to Desmond Street","4-Lump Speed Cushion","1",,,,,,,,,,"LINESTRING (-122.403650108 37.711188573, -122.404803415 37.711610582)","2026/05/23 10:19:56 AM","2026/05/23 10:48:09 AM"
"11860",,"8293000","Visitacion Valley","LELAND AVE","10","DESMOND ST","ALPHA ST","Leland Avenue from Desmond Street to Alpha Street","4-Lump Speed Cushion","1",,,,"FY 2021-2022","App-Based","Pending construction","TBD","Completion","TBD","LINESTRING (-122.404803415 37.711610582, -122.405632131 37.711933472)","2026/05/23 10:19:56 AM","2026/05/23 10:48:09 AM"
"11861",,"8302000","Visitacion Valley","LELAND AVE","10","BRITTON ST","LOEHR ST","Leland Avenue from Britton Street to Loehr Street","3-Lump Speed Cushion","1",,,,"FY 2021-2022","App-Based","Pending construction","TBD","Completion","TBD","LINESTRING (-122.412020243 37.713809322, -122.412960137 37.714063185)","2026/05/23 10:19:56 AM","2026/05/23 10:48:09 AM"
"11862",,"8303000","Visitacion Valley","LELAND AVE","10","LOEHR ST","SAWYER ST","Leland Avenue from Loehr Street to Sawyer Street","3-Lump Speed Cushion","1",,,,"FY 2021-2022","App-Based","Pending construction","TBD","Completion","TBD","LINESTRING (-122.412960137 37.714063185, -122.413892694 37.714315055)","2026/05/23 10:19:56 AM","2026/05/23 10:48:09 AM"
"11863",,"8304000","Visitacion Valley","LELAND AVE","10","SAWYER ST","HAHN ST","Leland Avenue from Sawyer Street to Hahn Street","3-Lump Speed Cushion","1",,,,"FY 2021-2022","App-Based","Pending construction","TBD","Completion","TBD","LINESTRING (-122.413892694 37.714315055, -122.414821825 37.714565992)","2026/05/23 10:19:56 AM","2026/05/23 10:48:09 AM"
"11865",,"1409000","Potrero Hill","25TH ST","10","INDIANA ST","PENNSYLVANIA ST","25th Street from Indiana Street to Pennsylvania Street","3-Lump Speed Cushion","1","03","2026","2026/03/01","FY 2021-2022","App-Based","Complete",,,,"LINESTRING (-122.392639387 37.752544684, -122.390682856 37.752663074)","2026/05/23 10:19:56 AM","2026/05/23 10:48:09 AM"
"11866",,"10815000","Bayview District","QUESADA AVE","10","LANE ST","03RD ST","Quesada Avenue from Lane Street to 3rd Street","3-Lump Speed Cushion","2","03","2026","2026/03/01","FY 2021-2022","App-Based","Complete",,,,"LINESTRING (-122.3896006 37.732289962, -122.391244493 37.733223262)","2026/05/23 10:19:56 AM","2026/05/23 10:48:09 AM"
"11867",,"4768000","Glend Park","DIAMOND ST","8","SURREY ST","CHENERY ST","Diamond Street from Surrey Street to Chenery Street","Speed Table","2","12","2025","2025/12/01","FY 2021-2022","App-Based","Complete",,,,"LINESTRING (-122.434401271 37.736198545, -122.434312837 37.735907634, -122.433721343 37.735084009, -122.43371499 37.735036003, -122.433707823 37.734981846, -122.433879093 37.734507816)","2026/05/23 10:19:56 AM","2026/05/23 10:48:09 AM"
"11868",,"9076201","Westwood Park","MIRAMAR AVE","7","WILDWOOD WY","EASTWOOD/WESTWOOD DR","Miramar Avenue from Wildwood Way to Eastwood/Westwood Drive","Speed Table","2","01","2026","2026/01/01","FY 2021-2022","App-Based","Complete",,,,"LINESTRING (-122.458205132 37.727585271, -122.458152637 37.727467729, -122.45814323 37.725804453, -122.458198541 37.725725619)","2026/05/23 10:19:56 AM","2026/05/23 10:48:09 AM"
"11869",,"9076101","Westwood Park","MIRAMAR AVE","7","WILDWOOD WY","EASTWOOD/WESTWOOD DR","Miramar Avenue from Wildwood Way to Eastwood/Westwood Drive","Speed Table","2","01","2026","2026/01/01","FY 2021-2022","App-Based","Complete",,,,"LINESTRING (-122.458198541 37.725725619, -122.45825388 37.7258051, -122.458261024 37.727462697, -122.458205133 37.727585271)","2026/05/23 10:19:56 AM","2026/05/23 10:48:09 AM"
"11870",,"11948000","Midtown Terrace","SKYVIEW WY","7","AQUAVISTA WY","MARVIEW WY","Skyview Way from Aquavista Way to Marview Way","Speed Table","3","01","2026","2026/01/01","FY 2021-2022","App-Based","Complete",,,,"LINESTRING (-122.450012356 37.753935734, -122.449795746 37.753599487, -122.449712355 37.753339146, -122.449696904 37.753087028, -122.449729532 37.752874601, -122.450016854 37.751491761, -122.450017621 37.751259516)","2026/05/23 10:19:56 AM","2026/05/23 10:48:09 AM"
"11872",,"2915000","Fairmount","BEMIS ST","8","MIGUEL ST","ADDISON ST","Bemis Street from Miguel Street to Addison Street","Speed Table","1",,,,"FY 2021-2022","App-Based","Pending construction","TBD","Completion","TBD","LINESTRING (-122.428725536 37.738325547, -122.429496325 37.737823827)","2026/05/23 10:19:56 AM","2026/05/23 10:48:09 AM"
"12161",,"9036201","Oceanview","MINERVA ST","11","SUMMIT ST","PLYMOUTH AVE","Minerva Street from Summit Street to Plymouth Avenue","Speed Table","1",,,,"FY 2021-2022","App-Based","Pending construction","TBD","Completion","TBD","LINESTRING (-122.453513346 37.715795052, -122.453667804 37.71583689, -122.455975831 37.715822758, -122.456079635 37.715787827)","2026/05/23 10:19:56 AM","2026/05/23 10:48:09 AM"
"12162",,"7931202","Bayview District","LA SALLE AVE","10","NEWCOMB AVE","CASHMERE ST","La Salle Avenue from Newcomb Avenue to Cashmere Street","Speed Table","1",,,,"FY 2020-2021","App-Based","Pending design review and approval","TBD","Pending construction","TBD","LINESTRING (-122.385001539 37.733070821, -122.385054196 37.733176787, -122.38515742 37.733257156, -122.385310308 37.733471618, -122.385614152 37.733977981, -122.385782893 37.734499816, -122.385966197 37.73482943, -122.386067201 37.734933138, -122.386296611 37.735168687, -122.387029463 37.735623066, -122.387175616 37.735661608)","2026/05/23 10:19:56 AM","2026/05/23 10:48:09 AM"
"12163",,"7932201","Bayview District","LA SALLE AVE","10","CASHMERE ST","MENDELL ST","La Salle Avenue from Cashmere Street to Mendell Street","Speed Table","1",,,,"FY 2020-2021","App-Based","Pending construction",,"Completion","TBD","LINESTRING (-122.387175616 37.735661608, -122.38725336 37.735750722, -122.388528991 37.736474664, -122.388652971 37.73648282)","2026/05/23 10:19:56 AM","2026/05/23 10:48:09 AM"
"12481",,"505000","Golden Gate Heights","11TH AVE","7","MORAGA ST","LAWTON ST","11th Avenue from Moraga Street to Lawton Street",,,,,,"FY 2024-2025_Q4","App-Based","Pending data collection and evaluation","TBD","Pending design review and approval","TBD","LINESTRING (-122.467931639 37.756486205, -122.467802599 37.754626366)","2026/05/23 10:19:56 AM","2026/05/23 10:48:09 AM"
"12482",,"2642000","Marina","BAKER ST","2","BEACH ST","JEFFERSON ST","Baker Street from Beach Street to Jefferson Street",,,,,,"FY 2024-2025_Q4","App-Based","Pending data collection and evaluation","TBD","Pending design review and approval","TBD","LINESTRING (-122.446910118 37.803283997, -122.447097519 37.804217193)","2026/05/23 10:19:56 AM","2026/05/23 10:48:09 AM"
"12483",,"2416000","Presidio Heights","ARGUELLO BLVD","1","CLAY ST","SACRAMENTO ST","Arguello Boulevard from Clay Street to Sacramento Street",,,,,,"FY 2024-2025_Q4","App-Based","Pending data collection and evaluation","TBD","Pending design review and approval","TBD","LINESTRING (-122.459255765 37.7866233, -122.459323509 37.787520715)","2026/05/23 10:19:56 AM","2026/05/23 10:48:09 AM"
"12484",,"1862000","Parkside","38TH AVE","4","VICENTE ST","WAWONA ST","38th Avenue from Vicente Street to Wawona Street",,,,,,"FY 2024-2025_Q4","App-Based","Pending data collection and evaluation","TBD","Pending design review and approval","TBD","LINESTRING (-122.49578916 37.738426124, -122.495658793 37.736558142)","2026/05/23 10:19:56 AM","2026/05/23 10:48:09 AM"
"12485",,"10786000","Bernal Heights","PROSPECT AVE","9","ESMERALDA AVE","VIRGINIA AVE","Prospect Avenue from Esmeralda Avenue to Virginia Avenue",,,,,,"FY 2024-2025_Q4","App-Based","Pending data collection and evaluation","TBD","Pending design review and approval","TBD","LINESTRING (-122.41855384 37.743680676, -122.419397157 37.742373226, -122.41949107 37.742317541)","2026/05/23 10:19:56 AM","2026/05/23 10:48:09 AM"
"12486",,"10784000","Bernal Heights","PROSPECT AVE","9","COSO AVE","ESMERALDA AVE","Prospect Avenue from Coso Avenue to Esmeralda Avenue",,,,,,"FY 2024-2025_Q4","App-Based","Pending data collection and evaluation","TBD","Pending design review and approval","TBD","LINESTRING (-122.417239851 37.745717738, -122.41855384 37.743680677)","2026/05/23 10:19:56 AM","2026/05/23 10:48:09 AM"
"12487",,"13513000","University Mound","WAYLAND ST","9","AMHERST ST","YALE ST","Wayland Street from Amherst Street to Yale Street",,,,,,"FY 2024-2025_Q4","App-Based","Pending data collection and evaluation","TBD","Pending design review and approval","TBD","LINESTRING (-122.414935934 37.723343223, -122.415926305 37.723092428)","2026/05/23 10:19:56 AM","2026/05/23 10:48:09 AM"
"12488",,"2000000","Outer Sunset","45TH AVE","4","JUDAH ST","KIRKHAM ST","45th Avenue from Judah Street to Kirkham Street",,,,,,"FY 2024-2025_Q4","App-Based","Pending data collection and evaluation","TBD","Pending design review and approval","TBD","LINESTRING (-122.504856723 37.760471791, -122.504725452 37.7586064)","2026/05/23 10:19:56 AM","2026/05/23 10:48:09 AM"
"12489",,"1060000","Mission Dolores","20TH ST","8","DOLORES ST","GUERRERO ST","20th Street from Guerrero Street to Dolores Street",,,,,,"FY 2024-2025_Q4","App-Based","Pending data collection and evaluation","TBD","Pending design review and approval","TBD","LINESTRING (-122.423488531 37.758364549, -122.425766807 37.758226829)","2026/05/23 10:19:56 AM","2026/05/23 10:48:09 AM"
"12490",,"1809000","Outer Sunset","36TH AVE","4","ORTEGA ST","PACHECO ST","36th Avenue from Ortega Street to Pacheco Street",,,,,,"FY 2024-2025_Q4","App-Based","Pending data collection and evaluation","TBD","Pending design review and approval","TBD","LINESTRING (-122.494560808 37.751568259, -122.494427166 37.749705768)","2026/05/23 10:19:56 AM","2026/05/23 10:48:09 AM"
"12491",,"12448000","Russian Hill","TAYLOR ST","3","PACIFIC AVE","BROADWAY","Taylor Street from Pacific Avenue to Broadway",,,,,,"FY 2024-2025_Q4","App-Based","Pending data collection and evaluation","TBD","Pending design review and approval","TBD","LINESTRING (-122.413366183 37.796083552, -122.413558544 37.797038515)","2026/05/23 10:19:56 AM","2026/05/23 10:48:09 AM"
"12492",,"4104000","Nob Hill","CLAY ST","3","HYDE ST","LARKIN ST","Clay Street from Hyde Street to Larkin Street",,,,,,"FY 2024-2025_Q4","App-Based","Pending data collection and evaluation","TBD","Pending design review and approval","TBD","LINESTRING (-122.417759119 37.792803643, -122.419401784 37.792593083)","2026/05/23 10:19:56 AM","2026/05/23 10:48:09 AM"
"12493",,"1690000","Outer Sunset","31ST AVE","4","ORTEGA ST","PACHECO ST","31st Avenue from Ortega Street to Pacheco Street",,,,,,"FY 2024-2025_Q4","App-Based","Pending data collection and evaluation","TBD","Pending design review and approval","TBD","LINESTRING (-122.489193569 37.751806869, -122.489066409 37.749942786)","2026/05/23 10:19:56 AM","2026/05/23 10:48:09 AM"
"12494",,"4913000","Mt. Davidson Manor","DORADO TER","7","OCEAN AVE","80 DORADO TER","Dorado Terrace from Ocean Avenue to 80 Dorado Terrace",,,,,,"FY 2024-2025_Q4","App-Based","Pending data collection and evaluation","TBD","Pending design review and approval","TBD","LINESTRING (-122.461210548 37.724949701, -122.460786569 37.726065837, -122.460719738 37.726163407, -122.46072347 37.727022116)","2026/05/23 10:19:56 AM","2026/05/23 10:48:09 AM"
"12495",,"8947000","Sunnyside","MELROSE AVE","78","DETROIT ST","TERESITA BLVD","Melrose Avenue from Detroit Street to Teresita Boulevard",,,,,,"FY 2024-2025_Q4","App-Based","Pending data collection and evaluation","TBD","Pending design review and approval","TBD","LINESTRING (-122.444320121 37.733811073, -122.445605378 37.733800711, -122.445782219 37.733850288)","2026/05/23 10:19:56 AM","2026/05/23 10:48:09 AM"
"12496",,"116000","South Beach","DELANCEY ST","6","END","BRANNAN ST","Delancey Street from End to Brannan Street",,,,,,"FY 2024-2025_Q4","App-Based","Pending data collection and evaluation","TBD","Pending design review and approval","TBD","LINESTRING (-122.389846391 37.783609177, -122.390492645 37.784121787, -122.390856721 37.784410569, -122.391142129 37.78463695, -122.391165594 37.784774781)","2026/05/23 10:19:56 AM","2026/05/23 10:48:09 AM"
"12801",,"571000","Golden Gate Heights","14TH AVE","7","RIVERA ST","SANTIAGO ST","14th Avenue from Rivera Street to Santiago Street","Speed Table","1",,,,"FY 2021-2022","App-Based","Pending construction",,"Completion",,"LINESTRING (-122.470511788 37.747019817, -122.470486231 37.746901699, -122.4703653 37.745158994)","2026/05/23 10:19:56 AM","2026/05/23 10:48:09 AM"
"13121",,"4316000","Jordan Park - Laurel Heights","COMMONWEALTH AVE","2","CALIFORNIA ST","EUCLID AVE","Commonwealth Avenue from California Street to Euclid Avenue","Speed Hump","2","9","2016","2016/09/01",,"Laurel Heights/Jordan Park Traffic Calming Project","Complete",,,,"LINESTRING (-122.455711327 37.783978891, -122.455865115 37.786104708)","2026/05/23 10:19:56 AM","2026/05/23 10:48:09 AM"
"13122",,"12064000","Jordan Park - Laurel Heights","SPRUCE ST","2","EUCLID AVE","GEARY BLVD","Spruce Street from Euclid Avenue to Geary Boulevard","Speed Hump","2","9","2016","2016/09/01",,"Laurel Heights/Jordan Park Traffic Calming Project","Complete",,,,"LINESTRING (-122.453653499 37.784054481, -122.453170388 37.781717429)","2026/05/23 10:19:56 AM","2026/05/23 10:48:09 AM"
"13123",,"8175000","Jordan Park - Laurel Heights","LAUREL ST","2","MAYFAIR DR","EUCLID AVE","Laurel Street from Mayfair Drive to Euclid Avenue","Speed Hump","2","9","2016","2016/09/01",,"Laurel Heights/Jordan Park Traffic Calming Project","Complete",,,,"LINESTRING (-122.449269597 37.784688429, -122.449258828 37.784804525, -122.449358191 37.785445939, -122.449468193 37.785894462, -122.449479107 37.785938961, -122.449577605 37.786075439, -122.449800049 37.786142613, -122.449980161 37.786134909)","2026/05/23 10:19:56 AM","2026/05/23 10:48:09 AM"
"13124",,"4275000","Jordan Park - Laurel Heights","COLLINS ST","2","EUCLID AVE","GEARY BLVD","Collins Street from Euclid Avenue to Geary Boulevard","Speed Hump","2","9","2016","2016/09/01",,"Laurel Heights/Jordan Park Traffic Calming Project","Complete",,,,"LINESTRING (-122.450092302 37.782116603, -122.450408867 37.783747289, -122.450376694 37.783929736, -122.450202668 37.78415069, -122.45013389 37.784293194, -122.450135686 37.784480902)","2026/05/23 10:19:56 AM","2026/05/23 10:48:09 AM"
"13125",,"5960000","Inner Richmond","FUNSTON AVE","1","CLEMENT ST","GEARY BLVD","Funston Avenue from Clement Street to Geary Boulevard","Speed Hump","2",,,,"FY 2015-2016","App-Based","Complete",,,,"LINESTRING (-122.47177546 37.780681104, -122.471915031 37.782596214)","2026/05/23 10:19:56 AM","2026/05/23 10:48:09 AM"
"13441",,"3829000","Mission Terrace","CAYUGA AVE","11","SANTA ROSA AVE","SAN JUAN AVE","Cayuga Avenue from Santa Rosa Avenue to San Juan Avenue","3-Lump Speed Cushion","2","03","2025","2025/03/01",,"Cayuga Ave Slow Street TC","Complete",,,,"LINESTRING (-122.437933626 37.725094456, -122.436805493 37.72716839)","2026/05/23 10:19:56 AM","2026/05/23 10:48:09 AM"
"13442",,"5201000","Bernal Heights","ELLSWORTH ST","9","CRESCENT AVE","ELLSWORTH ST","Ellsworth Street from Crescent Avenue to Ellsworth Street","5-Lump Speed Cushion","1","8","2019","2019/08/01",,"Misc Traffic Calming","Complete",,,,"LINESTRING (-122.414934763 37.734793888, -122.414930374 37.734727803, -122.415044467 37.733555675, -122.415125237 37.733405376, -122.415221675 37.733309928, -122.415404561 37.733221348, -122.416026198 37.733103018, -122.416317631 37.733041745, -122.416615116 37.732899611, -122.416866327 37.732856759, -122.417244309 37.732837687, -122.417731025 37.732852949, -122.418562489 37.732905414, -122.418705729 37.732894317, -122.418858383 37.732820258, -122.418952246 37.732678506, -122.418965756 37.732208479)","2026/05/23 10:19:56 AM","2026/05/23 10:48:09 AM"
"13443","28003","5201000","Bernal Heights","ELLSWORTH ST","9","CRESCENT AVE","ALEMANY BLVD \ I-280 S OFF RAMP \ I-280 S ON RAMP","Ellsworth Street from Crescent Avenue to Alemany Boulevard \ I-280 S Off Ramp \ I-280 S On Ramp","5-Lump Speed Cushion","2","4","2021","2021/04/01","FY 2019-2020","App-Based","Complete","<Null>","<Null>","<Null>","LINESTRING (-122.414934763 37.734793888, -122.414930374 37.734727803, -122.415044467 37.733555675, -122.415125237 37.733405376, -122.415221675 37.733309928, -122.415404561 37.733221348, -122.416026198 37.733103018, -122.416317631 37.733041745, -122.416615116 37.732899611, -122.416866327 37.732856759, -122.417244309 37.732837687, -122.417731025 37.732852949, -122.418562489 37.732905414, -122.418705729 37.732894317, -122.418858383 37.732820258, -122.418952246 37.732678506, -122.418965756 37.732208479)","2026/05/23 10:19:56 AM","2026/05/23 10:48:09 AM"
"13444","28003","5201000","Bernal Heights","ELLSWORTH ST","9","CRESCENT AVE","ALEMANY BLVD \ I-280 S OFF RAMP \ I-280 S ON RAMP","Ellsworth Street from Crescent Avenue to Alemany Boulevard \ I-280 S Off Ramp \ I-280 S On Ramp","Choker","1","11","2006","2006/11/01","FY 2006-2007","Site Specific","Complete","<Null>","<Null>","<Null>","LINESTRING (-122.414934763 37.734793888, -122.414930374 37.734727803, -122.415044467 37.733555675, -122.415125237 37.733405376, -122.415221675 37.733309928, -122.415404561 37.733221348, -122.416026198 37.733103018, -122.416317631 37.733041745, -122.416615116 37.732899611, -122.416866327 37.732856759, -122.417244309 37.732837687, -122.417731025 37.732852949, -122.418562489 37.732905414, -122.418705729 37.732894317, -122.418858383 37.732820258, -122.418952246 37.732678506, -122.418965756 37.732208479)","2026/05/23 10:19:56 AM","2026/05/23 10:48:09 AM"
"13761",,"1686000","Outer Sunset","31ST AVE","4","KIRKHAM ST","LAWTON ST","31st Avenue from Kirkham Street to Lawton Street","Speed Table","2","7","2025","2025/07/01",,"Schools Engineering Walk Audits","Complete",,,,"LINESTRING (-122.48972215 37.759264861, -122.48959133 37.757400429)","2026/05/23 10:19:56 AM","2026/05/23 10:48:09 AM"
"13762",,"13771000","Mission District","YORK ST","9","22ND ST","23RD ST","York Street from 22nd Street to 23rd Street","3-Lump Speed Cushion","2","06","2025","2025/06/01","FY 2020-2021","App-Based","Complete",,,,"LINESTRING (-122.408499241 37.756054715, -122.408342784 37.754452871)","2026/05/23 10:19:56 AM","2026/05/23 10:48:09 AM"
"14081",,"3312000","Mission District","BRYANT ST","9","22ND ST","23RD ST","Bryant Street from 22nd Street to 23rd Street","5-Lump Speed Cushion","2","08","2025","2025/08/01",,"SY21-22 Schools Engineering Walk Audits","Complete",,,,"LINESTRING (-122.409433069 37.755998442, -122.409349735 37.75496318, -122.409253357 37.754398421)","2026/05/23 10:19:56 AM","2026/05/23 10:48:09 AM"
"14082",,"9368000","Outer Sunset","MORAGA ST","4","42ND AVE","43RD AVE","Moraga Street from 42nd Avenue to 43rd Avenue",,,,,,"FY 2024-2025_Q4","App-Based",,,,,"LINESTRING (-122.501249242 37.755002793, -122.502318146 37.754953129)","2026/05/23 10:19:56 AM","2026/05/23 10:48:09 AM"
"14083",,"9369000","Outer Sunset","42ND AVE","4","43RD AVE","44TH AVE","Moraga Street from 43rd Avenue to 44th Avenue",,,,,,"FY 2024-2025_Q4","App-Based",,,,,"LINESTRING (-122.502318146 37.754953129, -122.503391951 37.754926134)","2026/05/23 10:19:56 AM","2026/05/23 10:48:09 AM"
"14401",,"1811000","Parkside","36TH AVE","4","QUINTARA ST","RIVERA ST","36th Avenue from Quintara Street to Rivera Street",,,,,,"FY 2023-2024_Q4","App-Based","Pending data collection and evaluation","TBD","Pending design review and approval","TBD","LINESTRING (-122.494297081 37.747840997, -122.494166942 37.745975372)","2026/05/23 10:19:56 AM","2026/05/23 10:48:09 AM"
"14722",,"3830000","Mission Terrace","CAYUGA AVE",,"SAN JUAN AVE","SANTA YNEZ AVE","Cayuga Avenue, from San Juan Avenue to Santa Ynez Avenue","3-Lump Speed Cushion","1","3","2025","2025/03/01",,"Cayuga Ave Slow St","Complete",,,,"LINESTRING (-122.437933626 37.725094455, -122.438684008 37.723809325)","2026/05/23 10:19:56 AM","2026/05/23 10:48:09 AM"
"15361",,,,"JUDAH ST","4","LA PLAYA ST",,"La Playa St at Judah St","Raised Crosswalk","1","08","2019","2019/08/01",,"Misc Traffic Calming","Complete",,,,,"2026/05/23 10:19:56 AM","2026/05/23 10:48:09 AM"
"15362",,"12637000","Bernal Heights","TOMPKINS AVE","9","BANKS ST","PRENTISS ST","Tompkins Avenue, from Banks Street to Prentiss Street","Speed Table","1","05","2026","2026/05/01",,"SY21-22 Schools Engineering Walk Audits","Complete",,,,"LINESTRING (-122.412857572 37.737034689, -122.412239392 37.736999569)","2026/05/23 10:19:56 AM","2026/05/23 10:48:09 AM"
"15363",,"7441000","Bernal Heights","JARBOE AVE","9","FOLSOM ST","PRENTISS ST","Jarbove Avenue, from Folsom Street to Banks Street","3-Lump Speed Cushion","1","05","2026","2026/05/01",,"SY21-22 Schools Engineering Walk Audits","Complete",,,,"LINESTRING (-122.413362761 37.738313705, -122.412745984 37.738279198)","2026/05/23 10:19:56 AM","2026/05/23 10:48:09 AM"
"15364",,"13372000","Haight Ashbury","WALLER ST","5, 8","CENTRAL AVE","MASONIC AVE","Waller Street from Central Avenue to Masonic Avenue","Speed Table","1","05","2026","2026/05/01",,"SY21-22 Schools Engineering Walk Audits","Complete",,,,"LINESTRING (-122.445105982 37.769284229, -122.443461441 37.769496998)","2026/05/23 10:19:56 AM","2026/05/23 10:48:09 AM"
