cnn_key,midblock_rows,midblock_measure_types,midblock_n_measure_types,midblock_units_total,midblock_first_install_dt,midblock_last_install_dt,midblock_complete_rows,midblock_has_complete,midblock_statuses,midblock_neighborhoods,latest_pci_score,latest_pci_change_dt,latest_functional_class,has_latest_pci,midblock_age_days_as_of_latest_pci
116000,1,[],0,,,,0,False,['Pending data collection and evaluation'],['South Beach'],,,,False,
119000,1,['3-Lump Speed Cushion'],1,2.0,2022-10-01,2022-10-01,1,True,['Complete'],['Presidio Terrace'],73.0,2025-07-25 08:20:21,Residential,True,1028.0
121000,1,[],0,,,,0,False,['Pending data collection and evaluation'],['Inner Richmond'],77.0,2025-07-25 08:20:21,Residential,True,
123000,1,['Speed Hump'],1,2.0,2022-01-01,2022-01-01,1,True,['Complete'],['Inner Richmond'],95.0,2024-10-17 11:54:35,Residential,True,1020.0
125000,1,['Speed Hump'],1,2.0,2022-01-01,2022-01-01,1,True,['Complete'],['Inner Richmond'],75.0,2025-07-25 08:20:21,Residential,True,1301.0
151000,1,[],0,,,,0,False,['Pending data collection and evaluation'],['Presidio Terrace'],63.0,2025-07-25 08:20:22,Residential,True,
155000,1,['Speed Cushion'],1,,,,0,False,['Pending design review and approval'],['Inner Richmond'],76.0,2025-07-25 08:20:22,Residential,True,
156000,1,['Speed Hump'],1,2.0,2015-06-01,2015-06-01,1,True,['Complete'],['Inner Richmond'],95.0,2024-10-17 11:54:35,Residential,True,3426.0
158000,1,['3-Lump Speed Cushion'],1,2.0,2023-07-01,2023-07-01,1,True,['Complete'],['Inner Richmond'],80.0,2025-07-25 08:20:22,Residential,True,755.0
244000,1,['3-Lump Speed Cushion'],1,2.0,2021-03-01,2021-03-01,1,True,['Complete'],['Inner Richmond'],77.0,2025-07-25 08:20:24,Residential,True,1607.0
245000,1,['3-Lump Speed Cushion'],1,2.0,2021-03-01,2021-03-01,1,True,['Complete'],['Inner Richmond'],73.0,2025-07-25 08:20:24,Residential,True,1607.0
275000,1,['Speed Hump'],1,1.0,2016-08-01,2016-08-01,1,True,['Complete'],['Presidio Terrace'],73.0,2025-07-25 08:20:24,Residential,True,3280.0
281000,1,[],0,,,,0,False,['Pending design review and approval'],['Inner Richmond'],75.0,2025-07-25 08:20:24,Residential,True,
282000,1,[],0,,,,0,False,['Pending design review and approval'],['Inner Richmond'],73.0,2025-07-25 08:20:24,Residential,True,
313000,1,['Speed Hump'],1,2.0,2021-06-01,2021-06-01,1,True,['Complete'],['Presidio Terrace'],90.0,2025-09-23 08:20:26,Residential,True,1575.0
314000,1,['5-Lump Speed Cushion'],1,2.0,2024-06-01,2024-06-01,1,True,['Complete'],['Inner Richmond'],100.0,2024-01-22 13:34:28,Residential,True,-131.0
323000,1,['Speed Hump'],1,1.0,2007-06-01,2007-06-01,1,True,['Complete'],['Inner Sunset'],100.0,2025-01-31 11:16:38,Arterial,True,6454.0
324000,1,['Speed Hump'],1,1.0,2007-06-01,2007-06-01,1,True,['Complete'],['Inner Sunset'],59.0,2025-09-05 09:10:34,Arterial,True,6671.0
349000,1,['Speed Hump'],1,1.0,2020-01-01,2020-01-01,1,True,['Complete'],['Presidio Terrace'],83.0,2025-07-25 08:20:28,Residential,True,2032.0
350000,1,['Speed Hump'],1,2.0,2021-08-01,2021-08-01,1,True,['Complete'],['Presidio Terrace'],73.0,2025-07-25 08:20:28,Residential,True,1454.0
351000,1,['Speed Hump'],1,2.0,2020-01-01,2020-01-01,1,True,['Complete'],['Inner Richmond'],80.0,2025-07-25 08:20:28,Residential,True,2032.0
353000,1,['Speed Hump'],1,2.0,2019-09-01,2019-09-01,1,True,['Complete'],['Inner Richmond'],79.0,2024-06-03 10:47:24,Residential,True,1737.0
355000,1,['Speed Hump'],1,2.0,2020-01-01,2020-01-01,1,True,['Complete'],['Inner Richmond'],77.0,2025-07-25 08:20:28,Residential,True,2032.0
387000,1,['Speed Hump'],1,2.0,2020-02-01,2020-02-01,1,True,['Complete'],['Lake'],80.0,2025-07-25 08:20:29,Residential,True,2001.0
388000,1,['5-Lump Speed Cushion'],1,2.0,2020-02-01,2020-02-01,1,True,['Complete'],['Inner Richmond'],61.0,2025-07-25 08:20:29,Residential,True,2001.0
389000,1,['3-Lump Speed Cushion'],1,2.0,2023-02-01,2023-02-01,1,True,['Complete'],['Inner Richmond'],75.0,2025-07-25 08:20:29,Residential,True,905.0
390000,1,['Speed Hump'],1,2.0,2020-02-01,2020-02-01,1,True,['Complete'],['Inner Richmond'],95.0,2024-10-17 11:54:37,Residential,True,1720.0
391000,1,['Speed Hump'],1,2.0,2020-02-01,2020-02-01,1,True,['Complete'],['Inner Richmond'],78.0,2025-07-25 08:20:29,Residential,True,2001.0
392000,1,['Speed Hump'],1,2.0,2020-02-01,2020-02-01,1,True,['Complete'],['Inner Richmond'],79.0,2025-07-25 08:20:29,Residential,True,2001.0
393000,1,['5-Lump Speed Cushion'],1,2.0,2020-01-01,2020-01-01,1,True,['Complete'],['Inner Richmond'],100.0,2025-10-03 15:08:17,Residential,True,2102.0
395000,1,['Speed Hump'],1,2.0,2016-05-01,2016-05-01,1,True,['Complete'],['Inner Sunset'],100.0,2025-07-23 14:44:00,Residential,True,3370.0
398000,1,['3-Lump Speed Cushion'],1,2.0,2019-09-01,2019-09-01,1,True,['Complete'],['Inner Sunset'],67.0,2025-09-02 09:10:35,Residential,True,2193.0
399000,1,['3-Lump Speed Cushion'],1,2.0,2017-12-01,2017-12-01,1,True,['Complete'],['Golden Gate Heights'],36.0,2025-09-02 09:10:35,Residential,True,2832.0
400000,1,['Speed Hump'],1,2.0,2014-01-01,2014-01-01,1,True,['Complete'],['Inner Sunset'],79.0,2025-09-02 09:10:35,Residential,True,4262.0
424000,1,['Speed Hump'],1,2.0,2020-01-01,2020-01-01,1,True,['Complete'],['Inner Richmond'],82.0,2025-07-25 08:20:30,Residential,True,2032.0
426000,1,['Speed Hump'],1,2.0,2020-01-01,2020-01-01,1,True,['Complete'],['Inner Richmond'],85.0,2025-07-25 08:20:30,Residential,True,2032.0
427000,1,[],0,,,,0,False,['Pending data collection and evaluation'],['Inner Richmond'],81.0,2025-07-25 08:20:30,Residential,True,
428000,1,[],0,,,,0,False,['Pending design review and approval'],['Inner Richmond'],89.0,2025-07-25 08:20:30,Residential,True,
429000,1,[],0,,,,0,False,['Pending design review and approval'],['Inner Richmond'],83.0,2025-07-25 08:20:30,Residential,True,
433000,1,['5-Lump Speed Cushion'],1,2.0,2023-08-01,2023-08-01,1,True,['Complete'],['Inner Sunset'],60.0,2025-09-02 09:10:35,Collector,True,763.0
436000,1,['5-Lump Speed Cushion'],1,2.0,,,1,True,['Complete'],['Inner Sunset'],41.0,2025-09-05 09:10:36,Collector,True,
438000,1,['Speed Hump'],1,2.0,2014-01-01,2014-01-01,1,True,['Complete'],['Golden Gate Heights'],86.0,2025-09-05 09:10:36,Collector,True,4265.0
462000,1,[],0,,,,0,False,['Pending data collection and evaluation'],['Inner Richmond'],95.0,2024-10-23 11:54:38,Residential,True,
464000,1,['Speed Hump'],1,2.0,2017-12-01,2017-12-01,1,True,['Complete'],['Inner Richmond'],81.0,2025-07-25 08:20:31,Residential,True,2793.0
468000,1,['3-Lump Speed Cushion'],1,2.0,2023-07-01,2023-07-01,1,True,['Complete'],['Inner Richmond'],83.0,2025-07-25 08:20:31,Residential,True,755.0
470000,1,['Speed Hump'],1,2.0,2016-05-01,2016-05-01,1,True,['Complete'],['Inner Sunset'],86.0,2025-09-02 09:10:36,Residential,True,3411.0
471000,1,['Speed Hump'],1,2.0,2022-03-01,2022-03-01,1,True,['Complete'],['Inner Sunset'],81.0,2025-09-02 09:10:36,Residential,True,1281.0
472000,1,['Speed Hump'],1,2.0,2022-02-01,2022-02-01,1,True,['Complete'],['Inner Sunset'],81.0,2025-09-02 09:10:36,Residential,True,1309.0
473000,1,['Speed Hump'],1,2.0,2021-02-01,2021-02-01,1,True,['Complete'],['Inner Sunset'],88.0,2025-09-02 09:10:36,Residential,True,1674.0
474000,1,['Speed Hump'],1,2.0,2022-02-01,2022-02-01,1,True,['Complete'],['Golden Gate Heights'],86.0,2025-09-02 09:10:36,Residential,True,1309.0
475000,1,['Speed Hump'],1,2.0,2022-03-01,2022-03-01,1,True,['Complete'],['Golden Gate Heights'],79.0,2025-09-02 09:10:36,Residential,True,1281.0
477000,1,['5-Lump Speed Cushion'],1,2.0,,,0,False,['Pending construction'],['Golden Gate Heights'],65.0,2025-09-02 09:10:37,Residential,True,
478000,1,['5-Lump Speed Cushion'],1,2.0,,,0,False,['Pending construction'],['Golden Gate Heights'],60.0,2025-09-02 09:10:37,Residential,True,
496000,1,['3-Lump Speed Cushion'],1,2.0,2025-11-01,2025-11-01,1,True,['Complete'],['Inner Richmond'],69.0,2025-07-25 08:20:32,Residential,True,-99.0
497000,1,[],0,,,,0,False,['Pending data collection and evaluation'],['Inner Richmond'],84.0,2025-07-25 08:20:32,Residential,True,
499000,1,['3-Lump Speed Cushion'],1,2.0,2022-01-01,2022-01-01,1,True,['Complete'],['Inner Richmond'],78.0,2025-07-25 08:20:32,Residential,True,1301.0
501000,1,[],0,,,,0,False,['Pending design review and approval'],['Inner Sunset'],85.0,2025-09-16 09:10:37,Residential,True,
505000,1,[],0,,,,0,False,['Pending data collection and evaluation'],['Golden Gate Heights'],93.0,2025-09-02 09:10:37,Residential,True,
506000,1,[],0,,,,0,False,['Pending data collection and evaluation'],['Golden Gate Heights'],84.0,2025-09-02 09:10:37,Residential,True,
520000,1,['Speed Hump'],1,2.0,2017-03-01,2017-03-01,1,True,['Complete'],['Inner Richmond'],85.0,2024-12-03 07:21:02,Residential,True,2834.0
524000,1,['3-Lump Speed Cushion'],1,2.0,2020-07-01,2020-07-01,1,True,['Complete'],['Inner Richmond'],79.0,2025-07-25 08:20:32,Residential,True,1850.0
525000,1,['Speed Hump'],1,2.0,2019-05-01,2019-05-01,1,True,['Complete'],['Inner Richmond'],79.0,2025-07-25 08:20:32,Residential,True,2277.0
526000,1,['5-Lump Speed Cushion'],1,2.0,2016-06-01,2016-06-01,1,True,['Complete'],['Inner Richmond'],80.0,2025-09-23 08:20:32,Residential,True,3401.0
527000,1,['3-Lump Speed Cushion'],1,2.0,2022-03-01,2022-03-01,1,True,['Complete'],['Inner Sunset'],80.0,2025-09-05 09:10:37,Residential,True,1284.0
528000,1,['3-Lump Speed Cushion'],1,2.0,2022-12-01,2022-12-01,1,True,['Complete'],['Inner Sunset'],83.0,2025-09-05 09:10:37,Residential,True,1009.0
529000,1,['3-Lump Speed Cushion'],1,2.0,2022-03-01,2022-03-01,1,True,['Complete'],['Inner Sunset'],84.0,2025-09-05 09:10:37,Residential,True,1284.0
533000,1,['Speed Hump'],1,2.0,2022-02-01,2022-02-01,1,True,['Complete'],['Golden Gate Heights'],84.0,2025-09-02 09:10:37,Residential,True,1309.0
539000,1,['Speed Hump'],1,1.0,2021-03-01,2021-03-01,1,True,['Complete'],['Forest  Hill'],87.0,2025-09-02 09:10:37,Residential,True,1646.0
558000,1,['Speed Hump'],1,2.0,2018-06-01,2018-06-01,1,True,['Complete'],['Inner Richmond'],85.0,2025-08-17 08:20:33,Collector,True,2634.0
565000,1,['Speed Table'],1,1.0,2023-04-01,2023-04-01,1,True,['Complete'],['Golden Gate Heights'],100.0,2023-04-03 09:04:29,,True,2.0
567000,1,['Speed Hump'],1,1.0,2016-03-01,2016-03-01,1,True,['Complete'],['Golden Gate Heights'],84.0,2025-09-02 09:10:38,Residential,True,3472.0
571000,2,['Speed Table'],1,2.0,,,0,False,['Pending construction'],['Golden Gate Heights'],74.0,2025-09-16 09:10:38,Residential,True,
572000,1,['5-Lump Speed Cushion'],1,2.0,2015-07-01,2015-07-01,1,True,['Complete'],['Golden Gate Heights'],84.0,2024-09-01 07:46:02,Residential,True,3350.0
573000,1,['5-Lump Speed Cushion'],1,2.0,2021-03-01,2021-03-01,1,True,['Complete'],['West Portal'],77.0,2025-09-16 09:10:38,Residential,True,1660.0
574000,2,"['3-Lump Speed Cushion', 'Traffic Island']",2,2.0,2023-09-01,2023-09-01,2,True,['Complete'],['West Portal'],64.0,2025-09-16 09:10:38,Residential,True,746.0
593000,1,[],0,,,,0,False,['Pending data collection and evaluation'],['Mission Dolores'],63.0,2025-09-17 09:10:38,Arterial,True,
594000,1,[],0,,,,0,False,['Pending data collection and evaluation'],['Mission Dolores'],70.0,2025-09-17 09:10:38,Arterial,True,
601000,1,['5-Lump Speed Cushion'],1,1.0,2022-04-01,2022-04-01,1,True,['Complete'],['Corona Heights'],100.0,2025-12-10 09:43:29,Collector,True,1349.0
602000,1,['5-Lump Speed Cushion'],1,1.0,2022-04-01,2022-04-01,1,True,['Complete'],['Corona Heights'],100.0,2025-12-10 09:33:41,Collector,True,1349.0
607000,1,['Speed Hump'],1,1.0,2015-06-01,2015-06-01,1,True,['Complete'],['Central Richmond'],79.0,2025-08-12 08:20:33,Residential,True,3725.0
608000,1,['Speed Hump'],1,1.0,2015-06-01,2015-06-01,1,True,['Complete'],['Central Richmond'],75.0,2025-08-12 08:20:33,Residential,True,3725.0
609000,1,['3-Lump Speed Cushion'],1,2.0,2023-02-01,2023-02-01,1,True,['Complete'],['Inner Richmond'],80.0,2025-08-12 08:20:33,Residential,True,923.0
610000,1,['Speed Hump'],1,2.0,2017-06-01,2017-06-01,1,True,['Complete'],['Inner Richmond'],76.0,2025-08-12 08:20:33,Residential,True,2994.0
612000,1,['3-Lump Speed Cushion'],1,2.0,2025-11-01,2025-11-01,1,True,['Complete'],['Inner Richmond'],79.0,2025-08-12 08:20:33,Residential,True,-81.0
626000,1,['Speed Hump'],1,2.0,2023-09-01,2023-09-01,1,True,['Complete'],['Golden Gate Heights'],83.0,2025-09-05 09:10:39,Residential,True,735.0
629000,1,['3-Lump Speed Cushion'],1,1.0,2023-09-01,2023-09-01,1,True,['Complete'],['West Portal'],84.0,2025-09-05 09:10:39,Residential,True,735.0
630000,1,['Speed Hump'],1,1.0,2008-01-01,2008-01-01,1,True,['Complete'],['West Portal'],90.0,2025-09-05 09:10:39,Residential,True,6457.0
664000,1,['Speed Hump'],1,2.0,2020-06-01,2020-06-01,1,True,['Complete'],['Duboce Triangle'],70.0,2025-10-06 09:10:23,Residential,True,1953.0
665000,1,['Speed Hump'],1,2.0,2019-12-01,2019-12-01,1,True,['Complete'],['Duboce Triangle'],61.0,2025-10-06 09:10:40,Residential,True,2136.0
667000,1,['Speed Hump'],1,2.0,2022-05-01,2022-05-01,1,True,['Complete'],['Corona Heights'],73.0,2025-09-28 09:10:40,Residential,True,1246.0
673000,1,['3-Lump Speed Cushion'],1,2.0,2025-11-01,2025-11-01,1,True,['Complete'],['Inner Richmond'],80.0,2025-08-12 08:20:33,Residential,True,-81.0
674000,1,[],0,,,,0,False,['Pending design review and approval'],['Inner Richmond'],79.0,2025-08-12 08:20:33,Residential,True,
676000,1,['Speed Hump'],1,2.0,2020-07-01,2020-07-01,1,True,['Complete'],['Inner Richmond'],83.0,2025-08-12 08:20:33,Residential,True,1868.0
683000,1,['Speed Hump'],1,1.0,,,0,False,['Pending construction'],['Golden Gate Heights'],70.0,2025-09-02 09:10:40,Residential,True,
689000,1,['3-Lump Speed Cushion'],1,2.0,2025-12-01,2025-12-01,1,True,['Complete'],['Golden Gate Heights'],95.0,2025-09-04 16:20:04,Residential,True,-88.0
690000,1,['3-Lump Speed Cushion'],1,2.0,2023-09-01,2023-09-01,1,True,['Complete'],['Golden Gate Heights'],83.0,2025-09-04 16:20:04,Residential,True,734.0
691000,1,[],0,,,,0,False,['Pending design review and approval'],['Golden Gate Heights'],79.0,2025-09-02 09:10:40,Residential,True,
695000,1,[],0,,,,0,False,['Pending data collection and evaluation'],['West Portal'],82.0,2025-09-02 09:10:40,Residential,True,
753000,1,['Speed Hump'],1,1.0,,,1,True,['Complete'],['Central Richmond'],68.0,2025-08-01 08:20:35,Residential,True,
755000,1,['Speed Hump'],1,2.0,2020-07-01,2020-07-01,1,True,['Complete'],['Inner Richmond'],82.0,2024-06-03 10:47:24,Residential,True,1433.0
757000,1,['Speed Hump'],1,1.0,,,1,True,['Complete'],['Inner Sunset'],83.0,2025-09-02 09:10:41,Residential,True,
758000,1,['Speed Hump'],1,1.0,2007-06-01,2007-06-01,1,True,['Complete'],['Inner Sunset'],71.0,2025-09-02 09:10:41,Residential,True,6668.0
759000,1,['3-Lump Speed Cushion'],1,2.0,2026-02-01,2026-02-01,1,True,['Complete'],['Inner Sunset'],87.0,2025-09-02 09:10:41,Residential,True,-152.0
760000,1,['Speed Hump'],1,1.0,2015-09-01,2015-09-01,1,True,['Complete'],['Inner Sunset'],78.0,2025-09-02 09:10:41,Residential,True,3654.0
761000,2,['Speed Hump'],1,3.0,2015-04-01,2024-10-01,1,True,"['Complete', 'Obsolete']","['Golden Gate Heights', 'Inner Sunset']",86.0,2025-09-02 09:10:41,Residential,True,3807.0
762000,1,['Speed Hump'],1,2.0,2015-07-01,2015-07-01,1,True,['Complete'],['Inner Sunset'],83.0,2025-09-02 09:10:42,Residential,True,3716.0
763000,1,['3-Lump Speed Cushion'],1,2.0,2025-12-01,2025-12-01,1,True,['Complete'],['Golden Gate Heights'],93.0,2025-09-02 09:10:42,Residential,True,-90.0
764000,1,[],0,,,,0,False,['Pending data collection and evaluation'],['Golden Gate Heights'],87.0,2025-09-02 09:10:42,Residential,True,
765000,1,['3-Lump Speed Cushion'],1,2.0,2021-02-01,2021-02-01,1,True,['Complete'],['Golden Gate Heights'],90.0,2025-09-02 09:10:42,Residential,True,1674.0
766000,1,[],0,,,,0,False,['Pending design review and approval'],['Golden Gate Heights'],70.0,2025-09-02 09:10:42,Residential,True,
769000,1,['3-Lump Speed Cushion'],1,2.0,2021-02-01,2021-02-01,1,True,['Complete'],['West Portal'],85.0,2025-09-02 09:10:42,Residential,True,1674.0
770000,1,[],0,,,,0,False,['Pending design review and approval'],['West Portal'],87.0,2025-09-02 09:10:42,Residential,True,
771000,1,['Speed Hump'],1,1.0,2017-11-01,2017-11-01,1,True,['Complete'],['West Portal'],84.0,2025-09-02 09:10:42,Residential,True,2862.0
799000,1,[],0,,,,0,False,['Pending design review and approval'],['Mission Dolores'],84.0,2025-09-15 08:45:46,Collector,True,
800000,1,[],0,,,,0,False,[],['The Mission'],73.0,2025-09-15 08:45:46,Collector,True,
801000,1,[],0,,,,0,False,['Pending design review and approval'],['Mission Dolores'],63.0,2025-09-15 08:45:46,Collector,True,
811000,1,['Speed Table'],1,1.0,2021-02-01,2021-02-01,1,True,['Complete'],['Corona Heights'],67.0,2025-09-30 09:10:43,Arterial,True,1702.0
812000,2,"['3-Lump Speed Cushion', 'Speed Table']",2,2.0,2021-02-01,2024-04-01,1,True,"['Complete', 'Obsolete']",['Corona Heights'],75.0,2025-09-30 09:10:43,Arterial,True,1702.0
816000,2,['5-Lump Speed Cushion'],1,2.0,2014-01-01,2014-01-01,0,False,"['Obsolete', 'Pending construction']",['Corona Heights'],90.0,2025-09-16 09:10:43,Arterial,True,4276.0
827000,1,['Speed Hump'],1,2.0,2020-07-01,2020-07-01,1,True,['Complete'],['Lake'],76.0,2025-08-01 08:20:35,Residential,True,1857.0
828000,1,['Speed Hump'],1,2.0,2020-07-01,2020-07-01,1,True,['Complete'],['Inner Richmond'],78.0,2025-08-01 08:20:35,Residential,True,1857.0
829000,1,['Speed Hump'],1,2.0,2020-07-01,2020-07-01,1,True,['Complete'],['Inner Richmond'],81.0,2025-08-01 08:20:35,Residential,True,1857.0
830000,1,['Speed Hump'],1,2.0,2020-07-01,2020-07-01,1,True,['Complete'],['Inner Richmond'],80.0,2025-08-01 08:20:35,Residential,True,1857.0
832000,1,['Speed Hump'],1,2.0,2020-01-01,2020-01-01,1,True,['Complete'],['Inner Richmond'],80.0,2025-08-01 08:20:35,Residential,True,2039.0
833000,1,['Speed Hump'],1,2.0,2017-06-01,2017-06-01,1,True,['Complete'],['Inner Richmond'],72.0,2025-08-01 08:20:35,Residential,True,2983.0
834000,1,['Speed Hump'],1,1.0,2010-01-01,2010-01-01,1,True,['Complete'],['Inner Sunset'],75.0,2025-09-02 09:10:43,Residential,True,5723.0
835000,1,['Speed Hump'],1,1.0,2007-06-01,2007-06-01,1,True,['Complete'],['Inner Sunset'],65.0,2025-09-02 09:10:43,Residential,True,6668.0
837000,1,['3-Lump Speed Cushion'],1,2.0,,,0,False,['Pending construction'],['Inner Sunset'],87.0,2025-09-02 09:10:43,Residential,True,
838000,1,['3-Lump Speed Cushion'],1,2.0,2021-02-01,2021-02-01,1,True,['Complete'],['Golden Gate Heights'],90.0,2025-09-02 09:10:43,Residential,True,1674.0
839000,1,['3-Lump Speed Cushion'],1,2.0,2021-02-01,2021-02-01,1,True,['Complete'],['Golden Gate Heights'],86.0,2025-09-02 09:10:44,Residential,True,1674.0
842000,1,['3-Lump Speed Cushion'],1,2.0,,,0,False,['Pending construction'],['Golden Gate Heights'],90.0,2025-09-02 09:10:44,Residential,True,
844000,1,['3-Lump Speed Cushion'],1,2.0,2018-11-01,2018-11-01,1,True,['Complete'],['Golden Gate Heights'],83.0,2025-09-02 09:10:44,Residential,True,2497.0
845000,1,[],0,,,,0,False,['Pending design review and approval'],['Golden Gate Heights'],63.0,2025-09-02 09:10:44,Residential,True,
846000,1,[],0,,,,0,False,['Pending design review and approval'],['West Portal'],87.0,2025-09-02 09:10:44,Residential,True,
847000,1,['Speed Hump'],1,2.0,2022-03-01,2022-03-01,1,True,['Complete'],['West Portal'],66.0,2025-09-02 09:10:44,Residential,True,1281.0
848000,1,['Speed Hump'],1,2.0,2021-02-01,2021-02-01,1,True,['Complete'],['West Portal'],85.0,2025-09-02 09:10:44,Residential,True,1674.0
858000,2,['Speed Hump'],1,2.0,2021-03-01,2021-03-01,1,True,"['Complete', 'Pending construction']",['Potrero Hill'],34.0,2025-10-06 09:10:44,Residential,True,1680.0
887000,1,['5-Lump Speed Cushion'],1,2.0,2020-09-01,2020-09-01,1,True,['Complete'],['Mission Dolores'],66.0,2025-09-16 09:10:45,Collector,True,1841.0
900000,1,['3-Lump Speed Cushion'],1,1.0,2023-09-01,2023-09-01,1,True,['Complete'],['Eureka Valley'],59.0,2025-09-16 09:10:45,Collector,True,746.0
902000,1,['Speed Hump'],1,2.0,2020-07-01,2020-07-01,1,True,['Complete'],['Lake'],79.0,2025-08-12 08:20:35,Residential,True,1868.0
903000,1,['Speed Hump'],1,2.0,2020-07-01,2020-07-01,1,True,['Complete'],['Outer Richmond'],77.0,2025-08-12 08:20:35,Residential,True,1868.0
905000,1,['Speed Hump'],1,2.0,2020-07-01,2020-07-01,1,True,['Complete'],['Outer Richmond'],83.0,2025-08-01 08:20:35,Residential,True,1857.0
906000,1,['3-Lump Speed Cushion'],1,2.0,2019-06-01,2019-06-01,1,True,['Complete'],['Inner Richmond'],91.0,2025-08-01 08:20:35,Residential,True,2253.0
908000,1,['3-Lump Speed Cushion'],1,2.0,2023-07-01,2023-07-01,1,True,['Complete'],['Inner Richmond'],77.0,2025-08-01 08:20:35,Residential,True,762.0
932000,1,['Road Diet'],1,0.0,,,1,True,['Complete'],['Ingleside Heights'],43.0,2025-09-15 08:45:46,Collector,True,
933000,1,['Road Diet'],1,0.0,,,1,True,['Complete'],['Ingleside Heights'],51.0,2025-09-15 08:45:46,Collector,True,
934000,1,['Road Diet'],1,0.0,,,1,True,['Complete'],['Ingleside Heights'],38.0,2025-09-15 08:45:46,Collector,True,
950000,1,['Speed Hump'],1,1.0,,,1,True,['Complete'],['Potrero Hill'],80.0,2024-09-01 07:46:07,Residential,True,
978000,2,['Speed Hump'],1,4.0,2022-05-01,2022-05-01,1,True,"['Complete', 'Pending design review and approval']",['Mission Dolores'],83.0,2025-09-21 09:10:46,Residential,True,1239.0
979000,1,['Speed Hump'],1,2.0,2022-05-01,2022-05-01,1,True,['Complete'],['Mission Dolores'],74.0,2025-09-21 09:10:46,Residential,True,1239.0
987000,1,['3-Lump Speed Cushion'],1,1.0,,,0,False,['Pending construction'],['Eureka Valley'],85.0,2025-09-16 09:10:46,Residential,True,
991000,1,['Speed Cushion'],1,2.0,,,1,True,['Complete'],['Eureka Valley'],100.0,2024-04-16 14:22:26,Residential,True,
992000,1,['3-Lump Speed Cushion'],1,2.0,2021-02-01,2021-02-01,1,True,['Complete'],['Eureka Valley'],100.0,2024-04-16 14:22:26,Residential,True,1170.0
1005000,1,['3-Lump Speed Cushion'],1,2.0,2021-03-01,2021-03-01,1,True,['Complete'],['Outer Sunset'],69.0,2025-09-06 09:10:46,Residential,True,1650.0
1006000,1,['3-Lump Speed Cushion'],1,2.0,2021-03-01,2021-03-01,1,True,['Complete'],['Outer Sunset'],70.0,2025-09-06 09:10:46,Residential,True,1650.0
1007000,1,['3-Lump Speed Cushion'],1,2.0,2021-03-01,2021-03-01,1,True,['Complete'],['Outer Sunset'],82.0,2025-09-06 09:10:46,Residential,True,1650.0
1008000,1,['3-Lump Speed Cushion'],1,2.0,2021-03-01,2021-03-01,1,True,['Complete'],['Outer Sunset'],83.0,2025-09-06 09:10:46,Residential,True,1650.0
1011000,1,['3-Lump Speed Cushion'],1,2.0,2021-03-01,2021-03-01,1,True,['Complete'],['Outer Sunset'],100.0,2024-12-03 07:21:02,Residential,True,1373.0
1012000,1,['3-Lump Speed Cushion'],1,2.0,2021-03-01,2021-03-01,1,True,['Complete'],['Outer Sunset'],79.0,2025-09-06 09:10:46,Residential,True,1650.0
1013000,1,['3-Lump Speed Cushion'],1,2.0,2021-03-01,2021-03-01,1,True,['Complete'],['Outer Sunset'],81.0,2025-09-06 09:10:47,Residential,True,1650.0
1014000,1,['3-Lump Speed Cushion'],1,2.0,2021-03-01,2021-03-01,1,True,['Complete'],['Parkside'],81.0,2025-09-06 09:10:47,Residential,True,1650.0
1015000,1,['3-Lump Speed Cushion'],1,2.0,2021-03-01,2021-03-01,1,True,['Complete'],['Parkside'],81.0,2025-09-06 09:10:47,Residential,True,1650.0
1016000,1,['3-Lump Speed Cushion'],1,2.0,2021-04-01,2021-04-01,1,True,['Complete'],['Parkside'],81.0,2025-09-06 09:10:47,Residential,True,1619.0
1017000,1,['Speed Hump'],1,1.0,2015-07-01,2015-07-01,1,True,['Complete'],['Parkside'],79.0,2025-09-06 09:10:47,Residential,True,3720.0
1018000,1,['3-Lump Speed Cushion'],1,2.0,2021-04-01,2021-04-01,1,True,['Complete'],['Parkside'],82.0,2025-09-06 09:10:47,Residential,True,1619.0
1019000,1,['Speed Hump'],1,2.0,2015-11-01,2015-11-01,1,True,['Complete'],['Parkside'],80.0,2025-09-23 09:10:47,Residential,True,3614.0
1050000,1,['Speed Hump'],1,2.0,2024-09-01,2024-09-01,1,True,['Complete'],['Mission District'],77.0,2025-09-15 08:45:47,Residential,True,379.0
1051000,1,['Speed Hump'],1,1.0,2024-06-01,2024-06-01,1,True,['Complete'],['Mission District'],68.0,2025-09-15 08:45:47,Residential,True,471.0
1060000,1,[],0,,,,0,False,['Pending data collection and evaluation'],['Mission Dolores'],82.0,2025-09-29 09:10:47,Residential,True,
1061000,2,['Speed Hump'],1,4.0,2020-03-01,2020-06-01,1,True,"['Complete', 'Obsolete']",['Mission Dolores'],82.0,2025-09-16 09:10:48,Residential,True,2025.0
1071000,1,['Speed Bump'],1,1.0,,,1,True,['Complete'],['Lake'],90.0,2025-07-24 08:20:35,Residential,True,
1076000,1,[],0,,,,0,False,['Pending data collection and evaluation'],['Outer Richmond'],80.0,2025-07-24 08:20:35,Residential,True,
1078000,1,['3-Lump Speed Cushion'],1,2.0,2023-07-01,2023-07-01,1,True,['Complete'],['Outer Richmond'],78.0,2025-07-24 08:20:36,Residential,True,754.0
1095000,1,[],0,,,,0,False,['Pending data collection and evaluation'],['Merced Manor'],81.0,2025-09-22 09:10:49,Residential,True,
1102000,1,['3-Lump Speed Cushion'],1,1.0,2025-12-01,2025-12-01,1,True,['Complete'],['Mission District'],86.0,2025-09-15 08:45:48,Residential,True,-77.0
1113000,2,"['3-Lump Speed Cushion', 'Speed Bump']",2,4.0,2024-06-01,2024-06-01,1,True,"['Complete', 'Obsolete']",['Dolores Heights'],36.0,2025-09-15 08:45:48,Residential,True,471.0
1121000,1,['Speed Hump'],1,1.0,2008-04-01,2008-04-01,1,True,['Complete'],['Eureka Valley - Dolores Height'],89.0,2025-09-16 09:10:49,Residential,True,6377.0
1122000,1,['Speed Hump'],1,1.0,2008-04-01,2008-04-01,1,True,['Complete'],['Eureka Valley - Dolores Height'],91.0,2025-09-16 09:10:49,Residential,True,6377.0
1123000,1,['Speed Hump'],1,2.0,2021-01-01,2021-01-01,1,True,['Complete'],['Eureka Valley'],92.0,2025-09-16 09:10:49,Residential,True,1719.0
1133000,1,['Speed Hump'],1,2.0,2016-06-01,2016-06-01,1,True,['Complete'],['Central Richmond'],77.0,2024-06-03 10:47:24,Residential,True,2924.0
1151000,1,['3-Lump Speed Cushion'],1,2.0,2023-07-01,2023-07-01,1,True,['Complete'],['Parkside'],75.0,2025-09-06 09:10:50,Residential,True,798.0
1152000,1,['Speed Hump'],1,2.0,2018-06-01,2018-06-01,1,True,['Complete'],['Parkside'],83.0,2025-09-06 09:10:50,Residential,True,2654.0
1195000,1,['Speed Hump'],1,1.0,2021-02-01,2021-02-01,1,True,['Complete'],['Dolores Heights'],100.0,2024-07-17 10:06:46,Residential,True,1262.0
1198000,1,['Speed Hump'],1,1.0,,,1,True,['Complete'],['Dolores Heights'],100.0,2024-07-17 10:06:46,Residential,True,
1199000,2,['Speed Hump'],1,2.0,2023-09-01,2023-09-01,2,True,['Complete'],['Dolores Heights'],100.0,2024-07-17 10:06:46,Residential,True,320.0
1203000,1,['Speed Hump'],1,2.0,2017-06-01,2017-06-01,1,True,['Complete'],['Dolores Heights'],79.0,2025-09-29 09:10:50,Residential,True,3042.0
1204000,1,['Speed Hump'],1,2.0,2017-06-01,2017-06-01,1,True,['Complete'],['Eureka Valley'],81.0,2025-09-29 09:10:50,Residential,True,3042.0
1212000,1,['Speed Hump'],1,1.0,2016-06-01,2016-06-01,1,True,['Complete'],['Central Richmond'],72.0,2025-07-24 08:20:36,Residential,True,3340.0
1213000,1,['Speed Hump'],1,2.0,2020-07-01,2020-07-01,1,True,['Complete'],['Outer Richmond'],77.0,2025-07-24 08:20:36,Residential,True,1849.0
1224000,1,[],0,,,,0,False,['Pending design review and approval'],['Outer Sunset'],69.0,2025-09-06 09:10:51,Residential,True,
1265000,1,['Speed Table'],1,2.0,2025-12-01,2025-12-01,1,True,['Complete'],['Mission District'],70.0,2025-09-15 08:45:49,Residential,True,-77.0
1269000,1,['Speed Table'],1,1.0,,,0,False,['Pending design review and approval'],['Dolores Heights'],100.0,2025-01-23 00:00:00,Residential,True,
1270000,1,['Speed Table'],1,1.0,,,0,False,['Pending design review and approval'],['Dolores Heights'],100.0,2025-01-23 00:00:00,Residential,True,
1271000,1,['Speed Table'],1,1.0,,,0,False,['Pending construction'],['Dolores Heights'],100.0,2025-01-23 00:00:00,Residential,True,
1272000,1,['Speed Table'],1,1.0,,,0,False,['Pending construction'],['Dolores Heights'],100.0,2025-01-23 00:00:00,Residential,True,
1281000,1,['3-Lump Speed Cushion'],1,2.0,2022-04-01,2022-04-01,1,True,['Complete'],['Noe Valley'],70.0,2025-09-25 09:10:52,Residential,True,1273.0
1282000,1,['3-Lump Speed Cushion'],1,2.0,2023-09-01,2023-09-01,1,True,['Complete'],['Noe Valley'],64.0,2025-09-25 09:10:52,Residential,True,755.0
1283000,1,['5-Lump Speed Cushion'],1,2.0,2021-02-01,2021-02-01,1,True,['Complete'],['Noe Valley'],83.0,2025-09-25 09:10:52,Residential,True,1697.0
1286000,1,['3-Lump Speed Cushion'],1,2.0,2026-03-01,2026-03-01,1,True,['Complete'],['Noe Valley'],79.0,2025-09-25 09:10:52,Residential,True,-157.0
1291000,1,['Speed Hump'],1,2.0,2020-07-01,2020-07-01,1,True,['Complete'],['Lake'],81.0,2025-07-24 08:20:36,Residential,True,1849.0
1293000,1,['Speed Hump'],1,2.0,2025-11-01,2025-11-01,1,True,['Complete'],['Outer Richmond'],79.0,2025-07-24 08:20:36,Residential,True,-100.0
1294000,1,['Speed Hump'],1,2.0,2021-03-01,2021-03-01,1,True,['Complete'],['Outer Richmond'],100.0,2024-03-20 13:37:35,Residential,True,1115.0
1297000,1,['3-Lump Speed Cushion'],1,2.0,2025-11-01,2025-11-01,1,True,['Complete'],['Outer Richmond'],80.0,2025-07-24 08:20:36,Residential,True,-100.0
1300000,1,[],0,,,,0,False,['Pending design review and approval'],['Outer Sunset'],70.0,2025-09-06 09:10:52,Residential,True,
1301000,1,[],0,,,,0,False,['Pending design review and approval'],['Outer Sunset'],84.0,2025-09-06 09:10:52,Residential,True,
1302000,1,['3-Lump Speed Cushion'],1,2.0,2026-02-01,2026-02-01,1,True,['Complete'],['Outer Sunset'],83.0,2025-09-06 09:10:52,Residential,True,-148.0
1381000,1,['3-Lump Speed Cushion'],1,2.0,2026-02-01,2026-02-01,1,True,['Complete'],['Outer Sunset'],80.0,2025-09-06 09:10:53,Residential,True,-148.0
1383000,1,[],0,,,,0,False,['Pending data collection and evaluation'],['Outer Sunset'],71.0,2025-09-06 09:10:54,Residential,True,
1392000,1,['Speed Hump'],1,2.0,2021-03-01,2021-03-01,1,True,['Complete'],['Parkside'],82.0,2025-09-06 09:10:54,Residential,True,1650.0
1406000,1,['3-Lump Speed Cushion'],1,1.0,2026-03-01,2026-03-01,1,True,['Complete'],['Central Waterfront'],80.0,2025-09-29 09:10:54,Residential,True,-153.0
1409000,1,['3-Lump Speed Cushion'],1,1.0,2026-03-01,2026-03-01,1,True,['Complete'],['Potrero Hill'],81.0,2025-09-24 09:10:54,Residential,True,-158.0
1412000,1,['4-Lump Speed Cushion'],1,1.0,2022-04-01,2022-04-01,1,True,['Complete'],['Potrero Hill'],77.0,2025-09-23 09:10:54,Residential,True,1271.0
1450000,1,['3-Lump Speed Cushion'],1,2.0,2020-11-01,2020-11-01,1,True,['Complete'],['Dolores Heights'],90.0,2025-09-29 09:10:55,Residential,True,1793.0
1451000,1,['3-Lump Speed Cushion'],1,1.0,2021-02-01,2021-02-01,1,True,['Complete'],['Noe Valley'],68.0,2025-09-29 09:10:55,Residential,True,1701.0
1452000,1,['3-Lump Speed Cushion'],1,1.0,2021-02-01,2021-02-01,1,True,['Complete'],['Noe Valley'],71.0,2025-09-29 09:10:55,Residential,True,1701.0
1453000,1,['3-Lump Speed Cushion'],1,2.0,2020-11-01,2020-11-01,1,True,['Complete'],['Noe Valley'],75.0,2025-09-29 09:10:55,Residential,True,1793.0
1455000,1,['Speed Hump'],1,1.0,2015-07-01,2015-07-01,1,True,['Complete'],['Noe Valley'],83.0,2025-09-29 09:10:55,Residential,True,3743.0
1459000,1,[],0,,,,0,False,['Pending data collection and evaluation'],['Noe Valley'],76.0,2025-09-29 09:10:55,Residential,True,
1470000,1,[],0,,,,0,False,['Pending design review and approval'],['Lake'],79.0,2025-07-24 08:20:38,Residential,True,
1506000,1,['Chicane'],1,0.0,,,1,True,['Complete'],['Potrero Hill'],83.0,2024-09-01 07:46:09,Residential,True,
1507000,1,['Chicane'],1,0.0,,,1,True,['Complete'],['Potrero Hill'],80.0,2025-09-25 09:10:56,Residential,True,
1510000,1,['Speed Hump'],1,1.0,2017-04-01,2017-04-01,1,True,['Complete'],['The Mission'],93.0,2025-09-15 08:45:51,Residential,True,3089.0
1536000,1,['3-Lump Speed Cushion'],1,2.0,2022-11-01,2022-11-01,1,True,['Complete'],['Noe Valley'],83.0,2025-09-18 09:10:56,Residential,True,1052.0
1543000,2,['Speed Hump'],1,4.0,2021-03-01,2021-12-01,2,True,['Complete'],['Seacliff'],83.0,2025-08-12 08:20:38,Residential,True,1625.0
1547000,1,['3-Lump Speed Cushion'],1,2.0,2022-01-01,2022-01-01,1,True,['Complete'],['Outer Richmond'],76.0,2025-07-23 08:20:38,Residential,True,1299.0
1548000,1,['3-Lump Speed Cushion'],1,2.0,2022-02-01,2022-02-01,1,True,['Complete'],['Outer Richmond'],100.0,2025-07-23 08:20:38,Residential,True,1268.0
1550000,1,['3-Lump Speed Cushion'],1,2.0,2023-07-01,2023-07-01,1,True,['Complete'],['Outer Richmond'],81.0,2025-08-01 08:20:38,Residential,True,762.0
1561000,1,[],0,,,,0,False,['Pending design review and approval'],['Parkside'],76.0,2025-09-06 09:10:57,Residential,True,
1562000,1,['3-Lump Speed Cushion'],1,2.0,2026-02-01,2026-02-01,1,True,['Complete'],['Parkside'],78.0,2025-09-06 09:10:57,Residential,True,-148.0
1564000,1,['Speed Hump'],1,2.0,2019-08-01,2019-08-01,1,True,['Complete'],['Noe Valley'],69.0,2025-09-29 09:10:57,Residential,True,2251.0
1565000,1,[],0,,,,0,False,['Pending data collection and evaluation'],['Noe Valley'],69.0,2025-09-29 09:10:57,Residential,True,
1566000,1,['3-Lump Speed Cushion'],1,2.0,2022-04-01,2022-04-01,1,True,['Complete'],['Noe Valley'],77.0,2025-09-29 09:10:57,Residential,True,1277.0
1582000,1,['Speed Hump'],1,2.0,2022-02-01,2022-02-01,1,True,['Complete'],['Outer Richmond'],89.0,2024-06-03 10:47:24,Residential,True,853.0
1584000,1,[],0,,,,0,False,['Pending data collection and evaluation'],['Outer Sunset'],80.0,2025-09-06 09:10:57,Arterial,True,
1588000,1,['Speed Hump'],1,2.0,,,0,False,['Pending construction'],['Outer Sunset'],82.0,2025-09-06 09:10:57,Arterial,True,
1592000,1,[],0,,,,0,False,['Pending data collection and evaluation'],['Parkside'],84.0,2025-09-06 09:10:57,Arterial,True,
1599000,1,['Speed Hump'],1,1.0,2014-12-01,2014-12-01,1,True,['Complete'],['Noe Valley'],76.0,2025-09-16 09:10:58,Residential,True,3942.0
1600000,1,['Speed Hump'],1,2.0,,,1,True,['Complete'],['Noe Valley'],77.0,2025-09-16 09:10:58,Residential,True,
1601000,1,['Speed Hump'],1,2.0,2022-04-01,2022-04-01,1,True,['Complete'],['Noe Valley'],80.0,2025-09-16 09:10:58,Residential,True,1264.0
1614000,1,['Speed Hump'],1,2.0,2015-06-01,2015-06-01,1,True,['Complete'],['Central Sunset'],80.0,2025-09-16 09:10:58,Residential,True,3760.0
1623000,1,['5-Lump Speed Cushion'],1,2.0,,,1,True,['Complete'],['Parkside'],88.0,2025-09-06 09:10:58,Residential,True,
1628000,1,[],0,,,,0,False,['Pending data collection and evaluation'],['Bernal Heights'],56.0,2025-09-15 08:45:51,Residential,True,
1629000,1,[],0,,,,0,False,['Pending data collection and evaluation'],['Bernal Heights'],100.0,2025-12-10 10:02:27,Residential,True,
1631000,1,['3-Lump Speed Cushion'],1,2.0,,,0,False,['Pending construction'],['Noe Valley'],85.0,2025-09-21 09:10:59,Residential,True,
1632000,1,['Speed Hump'],1,1.0,2015-10-01,2015-10-01,1,True,['Complete'],['Noe Valley'],86.0,2025-09-21 09:10:59,Residential,True,3643.0
1633000,1,['3-Lump Speed Cushion'],1,2.0,2019-04-01,2019-04-01,1,True,['Complete'],['Noe Valley'],88.0,2025-09-21 09:10:59,Residential,True,2365.0
1634000,1,['3-Lump Speed Cushion'],1,2.0,2018-12-01,2018-12-01,1,True,['Complete'],['Noe Valley'],85.0,2025-09-21 09:10:59,Residential,True,2486.0
1638000,1,[],0,,,,0,False,['Pending data collection and evaluation'],['Seacliff'],77.0,2025-08-02 08:20:39,Residential,True,
1639000,1,[],0,,,,0,False,['Pending data collection and evaluation'],['Seacliff'],82.0,2025-08-02 08:20:39,Residential,True,
1640000,1,['3-Lump Speed Cushion'],1,2.0,,,0,False,['Pending construction'],['Outer Richmond'],77.0,2025-08-02 08:20:39,Residential,True,
1641000,1,['3-Lump Speed Cushion'],1,2.0,2021-03-01,2021-03-01,1,True,['Complete'],['Outer Richmond'],90.0,2025-08-02 08:20:39,Residential,True,1615.0
1644000,1,['Speed Hump'],1,2.0,2017-03-01,2017-03-01,1,True,['Complete'],['Inner Richmond'],85.0,2025-08-02 08:20:39,Residential,True,3076.0
1645000,1,['3-Lump Speed Cushion'],1,2.0,2023-07-01,2023-07-01,1,True,['Complete'],['Outer Richmond'],76.0,2025-08-02 08:20:39,Residential,True,763.0
1651000,1,['Speed Hump'],1,2.0,2015-04-01,2015-04-01,1,True,['Complete'],['Central Sunset'],81.0,2025-09-16 09:10:59,Residential,True,3821.0
1652000,1,['Speed Hump'],1,2.0,2021-02-01,2021-02-01,1,True,['Complete'],['Outer Sunset'],84.0,2025-09-16 09:10:59,Residential,True,1688.0
1679000,1,[],0,,,,0,False,['Pending design review and approval'],['Outer Richmond'],81.0,2025-08-02 08:20:39,Residential,True,
1682000,1,[],0,,,,0,False,['Pending data collection and evaluation'],['Outer Richmond'],74.0,2025-08-01 08:20:39,Residential,True,
1683000,1,['3-Lump Speed Cushion'],1,2.0,2026-02-01,2026-02-01,1,True,['Complete'],['Outer Sunset'],79.0,2025-09-16 09:11:00,Residential,True,-138.0
1686000,1,['Speed Table'],1,2.0,2025-07-01,2025-07-01,1,True,['Complete'],['Outer Sunset'],72.0,2025-09-16 09:11:00,Residential,True,77.0
1690000,1,[],0,,,,0,False,['Pending data collection and evaluation'],['Outer Sunset'],84.0,2025-09-16 09:11:00,Residential,True,
1699000,1,['Speed Hump'],1,2.0,2019-04-01,2019-04-01,1,True,['Complete'],['Seacliff'],85.0,2025-08-12 08:20:39,Residential,True,2325.0
1702000,1,[],0,,,,0,False,['Pending data collection and evaluation'],['Outer Richmond'],65.0,2025-08-17 08:20:39,Collector,True,
1704000,1,['3-Lump Speed Cushion'],1,2.0,2020-11-01,2020-11-01,1,True,['Complete'],['Outer Richmond'],83.0,2025-08-02 08:20:39,Residential,True,1735.0
1725000,1,['3-Lump Speed Cushion'],1,2.0,2025-12-01,2025-12-01,1,True,['Complete'],['Outer Richmond'],71.0,2025-08-01 08:20:39,Residential,True,-122.0
1726000,1,['Speed Hump'],1,1.0,2015-04-01,2015-04-01,1,True,['Complete'],['Central Sunset'],91.0,2025-09-16 09:11:01,Residential,True,3821.0
1735000,1,[],0,,,,0,False,['Pending data collection and evaluation'],['Parkside'],100.0,2024-10-17 13:27:35,Residential,True,
1739000,1,['Speed Hump'],1,2.0,2022-02-01,2022-02-01,1,True,['Complete'],['Parkside'],75.0,2025-09-06 09:11:02,Residential,True,1313.0
1743000,1,['3-Lump Speed Cushion'],1,2.0,2023-07-01,2023-07-01,1,True,['Complete'],['Outer Richmond'],76.0,2025-08-01 08:20:40,Residential,True,762.0
1744000,1,['3-Lump Speed Cushion'],1,2.0,2023-07-01,2023-07-01,1,True,['Complete'],['Outer Richmond'],77.0,2025-08-01 08:20:40,Residential,True,762.0
1745000,1,['3-Lump Speed Cushion'],1,2.0,2023-07-01,2023-07-01,1,True,['Complete'],['Outer Richmond'],74.0,2025-08-01 08:20:40,Residential,True,762.0
1746000,1,['3-Lump Speed Cushion'],1,2.0,2026-02-01,2026-02-01,1,True,['Complete'],['Outer Sunset'],78.0,2025-09-17 09:11:02,Residential,True,-137.0
1749000,1,['Speed Hump'],1,2.0,2017-09-01,2017-09-01,1,True,['Complete'],['Outer Sunset'],89.0,2025-09-17 09:11:02,Residential,True,2938.0
1754000,1,['Speed Hump'],1,2.0,2024-07-01,2024-07-01,1,True,['Complete'],['Outer Sunset'],92.0,2025-09-17 09:11:02,Residential,True,443.0
1755000,1,['3-Lump Speed Cushion'],1,2.0,2023-07-01,2023-07-01,1,True,['Complete'],['Parkside'],82.0,2025-09-17 09:11:02,Residential,True,809.0
1761000,1,['Speed Hump'],1,1.0,,,1,True,['Complete'],['Pine Lake Park'],77.0,2025-09-02 09:11:03,Residential,True,
1769000,1,['3-Lump Speed Cushion'],1,2.0,2023-08-01,2023-08-01,1,True,['Complete'],['Outer Sunset'],79.0,2025-09-01 09:11:03,Residential,True,762.0
1772000,1,['3-Lump Speed Cushion'],1,2.0,2023-08-01,2023-08-01,1,True,['Complete'],['Outer Sunset'],73.0,2025-09-01 09:11:03,Residential,True,762.0
1776000,1,['3-Lump Speed Cushion'],1,2.0,2023-08-01,2023-08-01,1,True,['Complete'],['Outer Sunset'],58.0,2025-09-01 09:11:03,Residential,True,762.0
1781000,1,['3-Lump Speed Cushion'],1,2.0,2026-03-01,2026-03-01,1,True,['Complete'],['Parkside'],80.0,2025-09-01 09:11:03,Residential,True,-181.0
1783000,1,['Speed Hump'],1,1.0,,,1,True,['Complete'],['Parkside'],83.0,2025-09-02 09:11:03,Residential,True,
1792000,1,['Speed Hump'],1,2.0,2021-01-01,2021-01-01,1,True,['Complete'],['Outer Richmond'],73.0,2025-08-17 08:20:41,Arterial,True,1689.0
1801000,1,['Speed Table'],1,1.0,2026-03-01,2026-03-01,1,True,['Complete'],['Outer Sunset'],65.0,2025-09-06 09:11:03,Residential,True,-176.0
1804000,1,['Speed Hump'],1,2.0,2017-08-01,2017-08-01,1,True,['Complete'],['Outer Sunset'],82.0,2025-09-06 09:11:03,Residential,True,2958.0
1809000,1,[],0,,,,0,False,['Pending data collection and evaluation'],['Outer Sunset'],79.0,2025-09-06 09:11:04,Residential,True,
1811000,1,[],0,,,,0,False,['Pending data collection and evaluation'],['Parkside'],76.0,2025-09-06 09:11:04,Residential,True,
1812000,1,[],0,,,,0,False,['Pending design review and approval'],['Parkside'],79.0,2025-09-06 09:11:04,Residential,True,
1813000,1,['Speed Hump'],1,2.0,2019-05-01,2019-05-01,1,True,['Complete'],['Parkside'],78.0,2025-09-06 09:11:04,Residential,True,2320.0
1816000,1,['Speed Hump'],1,1.0,,,1,True,['Complete'],['Parkside'],79.0,2025-09-02 09:11:04,Residential,True,
1817000,1,['Speed Hump'],1,1.0,,,1,True,['Complete'],['Parkside'],82.0,2025-09-02 09:11:04,Residential,True,
1821000,1,['3-Lump Speed Cushion'],1,2.0,2025-12-01,2025-12-01,1,True,['Complete'],['Outer Richmond'],84.0,2025-07-31 08:20:41,Residential,True,-123.0
1822000,1,['Speed Hump'],1,2.0,2021-01-01,2021-01-01,1,True,['Complete'],['Outer Richmond'],85.0,2025-07-31 08:20:41,Residential,True,1672.0
1823000,1,['3-Lump Speed Cushion'],1,2.0,2021-01-01,2021-01-01,1,True,['Complete'],['Outer Richmond'],78.0,2025-07-31 08:20:41,Residential,True,1672.0
1824000,1,['3-Lump Speed Cushion'],1,2.0,2023-10-01,2023-10-01,1,True,['Complete'],['Outer Richmond'],78.0,2025-07-31 08:20:41,Residential,True,669.0
1828000,1,['3-Lump Speed Cushion'],1,2.0,2026-03-01,2026-03-01,1,True,['Complete'],['Outer Sunset'],75.0,2025-09-17 09:11:04,Residential,True,-165.0
1830000,1,['3-Lump Speed Cushion'],1,2.0,2026-03-01,2026-03-01,1,True,['Complete'],['Outer Sunset'],83.0,2025-09-17 09:11:04,Residential,True,-165.0
1835000,1,['Speed Hump'],1,2.0,2024-07-01,2024-07-01,1,True,['Complete'],['Outer Sunset'],82.0,2025-09-08 09:11:05,Residential,True,434.0
1836000,1,['Speed Hump'],1,2.0,2022-02-01,2022-02-01,1,True,['Complete'],['Outer Sunset'],100.0,2025-01-15 00:00:00,Residential,True,1079.0
1837000,1,['Speed Hump'],1,1.0,2014-12-01,2014-12-01,1,True,['Complete'],['Outer Parkside'],55.0,2025-09-08 09:11:05,Residential,True,3934.0
1840000,1,['Speed Hump'],1,2.0,2022-02-01,2022-02-01,1,True,['Complete'],['Parkside'],82.0,2025-09-08 09:11:05,Residential,True,1315.0
1850000,1,['Speed Hump'],1,2.0,2018-10-01,2018-10-01,1,True,['Complete'],['Outer Richmond'],80.0,2025-07-31 08:20:42,Residential,True,2495.0
1853000,1,['3-Lump Speed Cushion'],1,2.0,2026-03-01,2026-03-01,1,True,['Complete'],['Outer Sunset'],100.0,2025-01-31 16:13:28,Residential,True,-394.0
1858000,1,[],0,,,,0,False,['Pending data collection and evaluation'],['Outer Sunset'],83.0,2025-09-08 09:11:05,Residential,True,
1862000,1,[],0,,,,0,False,['Pending data collection and evaluation'],['Parkside'],59.0,2025-09-08 09:11:05,Residential,True,
1868000,1,['Speed Hump'],1,2.0,2018-11-01,2018-11-01,1,True,['Complete'],['Outer Richmond'],82.0,2025-07-31 08:20:42,Residential,True,2464.0
1874000,1,[],0,,,,0,False,['Pending design review and approval'],['Outer Sunset'],84.0,2025-09-17 09:11:05,Residential,True,
1876000,1,['5-Lump Speed Cushion'],1,2.0,2017-05-01,2017-05-01,1,True,['Complete'],['Outer Sunset'],56.0,2025-09-01 09:11:06,Residential,True,3045.0
1896000,1,[],0,,,,0,False,['Pending design review and approval'],['Outer Sunset'],83.0,2025-09-01 09:11:06,Residential,True,
1900000,1,[],0,,,,0,False,['Pending data collection and evaluation'],['Outer Sunset'],83.0,2025-09-08 09:11:06,Residential,True,
1910000,1,['3-Lump Speed Cushion'],1,2.0,2017-12-01,2017-12-01,1,True,['Complete'],['Outer Sunset'],95.0,2025-09-17 09:11:06,Residential,True,2847.0
1912000,2,[],0,,,,0,False,['Pending design review and approval'],['Outer Sunset'],94.0,2025-09-17 09:11:06,Residential,True,
1917000,1,['3-Lump Speed Cushion'],1,2.0,2024-06-01,2024-06-01,1,True,['Complete'],['Outer Sunset'],79.0,2025-09-17 09:11:07,Residential,True,473.0
1919000,1,[],0,,,,0,False,['Pending data collection and evaluation'],[],93.0,2025-09-17 09:11:07,Residential,True,
1923000,1,[],0,,,,0,False,['Pending data collection and evaluation'],['Outer Sunset'],87.0,2025-09-08 09:11:07,Residential,True,
1930000,1,['3-Lump Speed Cushion'],1,2.0,2025-12-01,2025-12-01,1,True,['Complete'],['Outer Richmond'],86.0,2024-06-03 10:47:24,Residential,True,-546.0
1931000,1,['Speed Hump'],1,2.0,2017-08-01,2017-08-01,1,True,['Complete'],['Outer Richmond'],69.0,2025-07-31 08:20:43,Residential,True,2921.0
1932000,1,['3-Lump Speed Cushion'],1,2.0,2023-08-01,2023-08-01,1,True,['Complete'],['Outer Sunset'],84.0,2025-09-17 09:11:07,Residential,True,778.0
1934000,1,['Speed Hump'],1,2.0,2022-02-01,2022-02-01,1,True,['Complete'],['Outer Sunset'],81.0,2025-09-17 09:11:07,Residential,True,1324.0
1935000,2,[],0,,,,0,False,['Pending design review and approval'],"['Outer Richmond', 'Outer Sunset']",85.0,2025-09-17 09:11:08,Residential,True,
1938000,1,[],0,,,,0,False,['Pending data collection and evaluation'],['Outer Sunset'],81.0,2025-09-17 09:11:08,Residential,True,
1943000,1,['Speed Hump'],1,2.0,2020-01-01,2020-01-01,1,True,['Complete'],['Outer Sunset'],81.0,2025-09-17 09:11:09,Residential,True,2086.0
1945000,1,['3-Lump Speed Cushion'],1,2.0,2026-03-01,2026-03-01,1,True,['Complete'],['Outer Sunset'],57.0,2025-09-08 09:11:09,Residential,True,-174.0
1946000,1,['Speed Hump'],1,2.0,2024-09-01,2024-09-01,1,True,['Complete'],['Parkside'],79.0,2025-09-08 09:11:09,Residential,True,372.0
1947000,1,[],0,,,,0,False,['Pending data collection and evaluation'],['Parkside'],88.0,2025-09-08 09:11:09,Residential,True,
1950000,1,['Speed Hump'],1,0.0,,,1,True,['Complete'],['Outer Richmond'],82.0,2025-07-31 08:20:43,Residential,True,
1951000,2,"['3-Lump Speed Cushion', 'Speed Hump']",2,2.0,2025-12-01,2025-12-01,1,True,"['Complete', 'Obsolete']",['Outer Richmond'],84.0,2025-07-31 08:20:43,Residential,True,-123.0
1952000,1,['Speed Hump'],1,1.0,2018-07-01,2018-07-01,1,True,['Complete'],['Outer Richmond'],80.0,2025-07-31 08:20:43,Residential,True,2587.0
1953000,1,['Speed Hump'],1,1.0,2018-07-01,2018-07-01,1,True,['Complete'],['Outer Richmond'],79.0,2025-07-31 08:20:43,Residential,True,2587.0
1954000,1,[],0,,,,0,False,['Pending data collection and evaluation'],['Outer Sunset'],78.0,2025-09-01 09:11:09,Residential,True,
1955000,1,['3-Lump Speed Cushion'],1,2.0,,,0,False,['Pending construction'],['Outer Sunset'],80.0,2025-09-01 09:11:09,Residential,True,
1957000,1,['Speed Hump'],1,2.0,2017-06-01,2017-06-01,1,True,['Complete'],['Outer Sunset'],83.0,2025-09-01 09:11:09,Residential,True,3014.0
1958000,1,['3-Lump Speed Cushion'],1,2.0,2026-03-01,2026-03-01,1,True,['Complete'],['Outer Sunset'],80.0,2025-09-01 09:11:09,Residential,True,-181.0
1959000,1,[],0,,,,0,False,['Pending design review and approval'],['Outer Sunset'],80.0,2025-09-01 09:11:09,Residential,True,
1961000,2,[],0,,,,0,False,"['Pending data collection and evaluation', 'Pending design review and approval']","['Midtown Terrace', 'Outer Sunset']",83.0,2025-09-01 09:11:09,Residential,True,
1975000,1,[],0,,,,0,False,['Pending data collection and evaluation'],['Outer Richmond'],77.0,2025-07-31 08:20:43,Residential,True,
1983000,1,['3-Lump Speed Cushion'],1,2.0,2026-03-01,2026-03-01,1,True,['Complete'],['Outer Sunset'],93.0,2025-09-17 09:11:10,Residential,True,-165.0
1986000,1,['Speed Hump'],1,2.0,2017-07-01,2017-07-01,1,True,['Complete'],['Outer Sunset'],92.0,2025-09-17 09:11:10,Residential,True,3000.0
1989000,1,['3-Lump Speed Cushion'],1,2.0,2023-09-01,2023-09-01,1,True,['Complete'],['Outer Sunset'],83.0,2025-09-08 09:11:10,Residential,True,738.0
1998000,1,[],0,,,,0,False,['Pending design review and approval'],['Outer Sunset'],78.0,2025-09-01 09:11:10,Residential,True,
2000000,1,[],0,,,,0,False,['Pending data collection and evaluation'],['Outer Sunset'],83.0,2025-09-01 09:11:10,Residential,True,
2004000,1,['3-Lump Speed Cushion'],1,2.0,2026-03-01,2026-03-01,1,True,['Complete'],['Outer Sunset'],83.0,2025-09-01 09:11:10,Residential,True,-181.0
2006000,1,['3-Lump Speed Cushion'],1,2.0,2023-08-01,2023-08-01,1,True,['Complete'],['Outer Sunset'],82.0,2025-09-01 09:11:10,Residential,True,762.0
2010000,1,[],0,,,,0,False,['Pending data collection and evaluation'],['Outer Sunset'],85.0,2025-09-08 09:11:10,Residential,True,
2012000,1,['Speed Hump'],1,2.0,2018-06-01,2018-06-01,1,True,['Complete'],['Parkside'],92.0,2025-09-08 09:11:11,Residential,True,2656.0
2020000,1,['5-Lump Speed Cushion'],1,2.0,2021-05-01,2021-05-01,1,True,['Complete'],['Outer Sunset'],89.0,2024-09-11 12:04:04,Collector,True,1229.0
2021000,1,['5-Lump Speed Cushion'],1,2.0,2026-03-01,2026-03-01,1,True,['Complete'],['Outer Sunset'],86.0,2025-09-01 09:11:11,Collector,True,-181.0
2031000,1,['5-Lump Speed Cushion'],1,2.0,2017-06-01,2017-06-01,1,True,['Complete'],['Outer Sunset'],78.0,2025-09-01 09:11:11,Collector,True,3014.0
2043000,1,['3-Lump Speed Cushion'],1,1.0,2021-04-01,2021-04-01,1,True,['Complete'],['Outer Sunset'],86.0,2024-07-17 07:04:24,Residential,True,1203.0
2047000,1,[],0,,,,0,False,['Pending design review and approval'],['Outer Sunset'],82.0,2025-09-01 09:11:11,Residential,True,
2052000,1,[],0,,,,0,False,['Pending data collection and evaluation'],['Outer Sunset'],77.0,2025-09-01 09:11:12,Residential,True,
2054000,1,[],0,,,,0,False,['Pending data collection and evaluation'],['Outer Sunset'],81.0,2025-09-01 09:11:12,Residential,True,
2055000,1,['3-Lump Speed Cushion'],1,2.0,2023-08-01,2023-08-01,1,True,['Complete'],['Outer Sunset'],93.0,2025-09-08 09:11:12,Residential,True,769.0
2059000,1,['3-Lump Speed Cushion'],1,1.0,2021-04-01,2021-04-01,1,True,['Complete'],['Parkside'],88.0,2025-09-08 09:11:12,Residential,True,1621.0
2066000,1,['3-Lump Speed Cushion'],1,1.0,2021-04-01,2021-04-01,1,True,['Complete'],['Outer Sunset'],100.0,2024-06-10 08:48:44,Residential,True,1166.0
2076000,1,['3-Lump Speed Cushion'],1,1.0,2021-04-01,2021-04-01,1,True,['Complete'],['Outer Sunset'],74.0,2025-09-01 09:11:12,Residential,True,1614.0
2077000,1,['3-Lump Speed Cushion'],1,1.0,2021-04-01,2021-04-01,1,True,['Complete'],['Outer Sunset'],67.0,2025-09-08 09:11:12,Residential,True,1621.0
2093000,1,['5-Lump Speed Cushion'],1,2.0,,,0,False,['Pending construction'],['Fairmount'],100.0,2025-09-23 11:33:39,Residential,True,
2118000,1,['Raised Crosswalk'],1,1.0,2021-03-01,2021-03-01,1,True,['Complete'],['Mission District'],66.0,2025-09-15 08:45:52,Residential,True,1659.0
2119000,1,[],0,,,,0,False,['Pending design review and approval'],['Mission District'],93.0,2025-09-15 08:45:52,Residential,True,
2124000,1,['Chicane'],1,1.0,2006-12-01,2006-12-01,1,True,['Complete'],['Bernal Heights North'],93.0,2025-09-15 08:45:52,Residential,True,6863.0
2125000,1,[],0,,,,0,False,['Pending design review and approval'],['Bernal Heights'],93.0,2025-09-15 08:45:52,Residential,True,
2126000,1,[],0,,,,0,False,['Pending design review and approval'],['Bernal Heights'],100.0,2026-04-16 10:53:09,Residential,True,
2127000,1,[],0,,,,0,False,['Pending design review and approval'],['Bernal Heights'],95.0,2025-09-15 08:45:52,Residential,True,
2183101,1,['Speed Radar Sign'],1,2.0,2016-07-01,2016-07-01,1,True,['Complete'],['Ingleside Heights'],84.0,2025-09-01 09:11:13,Arterial,True,3349.0
2190000,1,['Speed Hump'],1,2.0,2014-01-01,2014-01-01,1,True,['Complete'],['Marina'],90.0,2025-09-15 08:45:55,Residential,True,4275.0
2197000,1,[],0,,,,0,False,['Pending data collection and evaluation'],['Crocker Amazon'],100.0,2025-09-23 16:43:56,Residential,True,
2199000,1,['3-Lump Speed Cushion'],1,1.0,2022-03-01,2022-03-01,1,True,['Complete'],['Crocker Amazon'],92.0,2025-09-15 08:45:55,Residential,True,1294.0
2210000,1,['Speed Table'],1,1.0,2026-04-01,2026-04-01,1,True,['Complete'],['Visitacion Valley'],36.0,2025-09-23 09:11:13,Residential,True,-190.0
2228000,1,[],0,,,,0,False,['Pending data collection and evaluation'],['Noe Valley'],61.0,2025-09-29 09:11:13,Residential,True,
2232000,1,['Speed Hump'],1,2.0,2021-03-01,2021-03-01,1,True,['Complete'],['Ingleside Terrace'],85.0,2025-09-17 09:11:14,Residential,True,1661.0
2233000,1,['Speed Hump'],1,2.0,2021-03-01,2021-03-01,1,True,['Complete'],['Ingleside Terrace'],90.0,2025-09-17 09:11:14,Residential,True,1661.0
2279000,1,['Speed Hump'],1,1.0,2015-12-01,2015-12-01,1,True,['Complete'],['Bernal Heights South'],66.0,2025-09-15 08:45:56,Residential,True,3576.0
2282000,1,['Speed Hump'],1,1.0,2015-12-01,2015-12-01,1,True,['Complete'],['Bernal Heights South'],82.0,2025-09-15 08:45:56,Residential,True,3576.0
2306000,1,[],0,,,,0,False,['Pending construction'],['Lone Mountain'],86.0,2025-09-15 08:45:56,Collector,True,
2307000,1,['3-Lump Speed Cushion'],1,1.0,2022-05-01,2022-05-01,1,True,['Complete'],['Lone Mountain'],83.0,2025-08-17 08:20:44,Collector,True,1204.0
2308000,1,['3-Lump Speed Cushion'],1,1.0,2022-05-01,2022-05-01,1,True,['Complete'],['Lone Mountain'],57.0,2025-09-15 08:45:56,Collector,True,1233.0
2309000,1,['3-Lump Speed Cushion'],1,1.0,2023-11-01,2023-11-01,1,True,['Complete'],['Lone Mountain'],79.0,2025-08-17 08:20:45,Collector,True,655.0
2310000,1,['3-Lump Speed Cushion'],1,1.0,2023-11-01,2023-11-01,1,True,['Complete'],['Lone Mountain'],81.0,2025-08-17 08:20:45,Collector,True,655.0
2311000,1,['3-Lump Speed Cushion'],1,1.0,2023-11-01,2023-11-01,1,True,['Complete'],['Lone Mountain'],83.0,2025-08-17 08:20:45,Collector,True,655.0
2323000,1,[],0,,,,0,False,['Pending data collection and evaluation'],['Inner Richmond'],74.0,2025-08-02 08:20:45,Residential,True,
2325000,1,['Speed Hump'],1,1.0,2020-01-01,2020-01-01,1,True,['Complete'],['Inner Richmond'],78.0,2025-08-02 08:20:45,Residential,True,2040.0
2368000,1,['Speed Hump'],1,2.0,2021-03-01,2021-03-01,1,True,['Complete'],['Anza Vista'],93.0,2025-09-15 08:45:57,Residential,True,1659.0
2369000,1,['Speed Hump'],1,1.0,,,1,True,['Complete'],['Anza Vista'],93.0,2025-09-15 08:45:57,Residential,True,
2372000,1,[],0,,,,0,False,['Pending data collection and evaluation'],['Silver Terrace'],68.0,2025-09-29 09:11:14,Residential,True,
2375000,1,[],0,,,,0,False,['Pending data collection and evaluation'],['Holly Park'],89.0,2025-09-15 08:45:57,Residential,True,
2376000,1,[],0,,,,0,False,['Pending data collection and evaluation'],['Holly Park'],90.0,2025-09-15 08:45:57,Residential,True,
2378000,1,['3-Lump Speed Cushion'],1,2.0,2024-07-01,2024-07-01,1,True,['Complete'],['Balboa Terrace'],85.0,2025-09-17 09:11:14,Residential,True,443.0
2391000,1,[],0,,,,0,False,['Data collection and evaluation'],['Glen Park'],78.0,2025-09-29 09:11:15,Residential,True,
2396000,1,['Speed Hump'],1,2.0,2021-03-01,2021-03-01,1,True,['Complete'],['Merced Heights'],76.0,2025-09-15 08:45:57,Collector,True,1659.0
2416000,1,[],0,,,,0,False,['Pending data collection and evaluation'],['Presidio Heights'],91.0,2025-08-17 08:20:46,Arterial,True,
2440000,1,['5-Lump Speed Cushion'],1,3.0,2016-07-01,2016-07-01,1,True,['Complete'],['Potrero Hill'],72.0,2025-09-25 09:11:15,Residential,True,3373.0
2459000,1,[],0,,,,0,False,['Pending data collection and evaluation'],['Bayview'],84.0,2025-09-21 09:11:16,Residential,True,
2460000,1,[],0,,,,0,False,['Pending design review and approval'],['Bayview District'],88.0,2024-09-01 07:45:46,Residential,True,
2461000,1,[],0,,,,0,False,['Pending data collection and evaluation'],['Bayview'],82.0,2025-09-21 09:11:16,Residential,True,
2484101,1,['Speed Radar Sign'],1,1.0,,,1,True,['Complete'],['Bernal Heights North'],62.0,2025-09-15 08:46:19,Arterial,True,
2492000,1,['3-Lump Speed Cushion'],1,2.0,2018-04-01,2018-04-01,1,True,['Complete'],['Noe Valley'],100.0,2025-01-23 00:00:00,Residential,True,2489.0
2514000,1,['5-Lump Speed Cushion'],1,2.0,2020-10-01,2020-10-01,1,True,['Complete'],['Haight Ashbury'],57.0,2025-07-09 08:20:47,Residential,True,1742.0
2517000,1,['Striping'],1,1.0,2014-01-01,2014-01-01,1,True,['Complete'],['Parnassus - Ashbury Heights'],86.0,2025-09-28 09:11:16,Residential,True,4288.0
2522000,1,['Speed Hump'],1,1.0,2015-04-01,2015-04-01,1,True,['Complete'],['Merced Heights'],69.0,2025-09-15 08:45:57,Residential,True,3820.0
2524000,1,[],0,,,,0,False,['Pending data collection and evaluation'],['Ingleside'],82.0,2025-09-14 09:11:16,Residential,True,
2525000,1,[],0,,,,0,False,['Pending data collection and evaluation'],['Ingleside'],85.0,2025-09-14 09:11:17,Residential,True,
2531000,2,"['Speed Bump', 'Speed Cushion']",2,3.0,,,0,False,"['Obsolete', 'Pending construction']",['Excelsior'],77.0,2025-09-15 08:45:57,Residential,True,
2536000,1,['Speed Hump'],1,2.0,2020-06-01,2020-06-01,1,True,['Complete'],['Excelsior'],93.0,2025-09-15 08:45:57,Residential,True,1932.0
2539000,1,['Speed Hump'],1,1.0,2007-06-01,2007-06-01,1,True,['Complete'],['Excelsior'],91.0,2025-09-15 08:45:57,Residential,True,6681.0
2543000,1,['3-Lump Speed Cushion'],1,1.0,2022-03-01,2022-03-01,1,True,['Complete'],['Crocker Amazon'],83.0,2025-09-15 08:45:58,Residential,True,1294.0
2556000,1,['3-Lump Speed Cushion'],1,1.0,2023-08-01,2023-08-01,1,True,['Complete'],['Excelsior'],93.0,2025-09-15 08:45:58,Residential,True,776.0
2561000,1,['3-Lump Speed Cushion'],1,1.0,2023-08-01,2023-08-01,1,True,['Complete'],['Excelsior'],83.0,2025-09-15 08:45:58,Residential,True,776.0
2562000,1,['3-Lump Speed Cushion'],1,1.0,2023-08-01,2023-08-01,1,True,['Complete'],['Excelsior'],81.0,2025-09-15 08:45:58,Residential,True,776.0
2581000,1,['5-Lump Speed Cushion'],1,1.0,2025-05-01,2025-05-01,1,True,['Complete'],['Portola'],95.0,2025-09-15 08:45:58,Collector,True,137.0
2582000,1,['5-Lump Speed Cushion'],1,1.0,2025-05-01,2025-05-01,1,True,['Complete'],['Portola'],94.0,2025-09-15 08:45:58,Collector,True,137.0
2583000,1,['5-Lump Speed Cushion'],1,1.0,2024-10-01,2024-10-01,1,True,['Complete'],['Portola'],87.0,2025-09-15 08:45:59,Collector,True,349.0
2614000,1,['Speed Hump'],1,1.0,2021-04-01,2021-04-01,1,True,['Complete'],['Anza Vista'],78.0,2025-09-15 08:45:59,Residential,True,1628.0
2615000,1,['Speed Hump'],1,1.0,2021-04-01,2021-04-01,1,True,['Complete'],['Anza Vista'],92.0,2025-09-15 08:45:59,Residential,True,1628.0
2638000,1,['Speed Hump'],1,1.0,2019-12-01,2019-12-01,1,True,['Complete'],['Marina'],93.0,2025-09-15 08:46:00,Residential,True,2115.0
2642000,1,[],0,,,,0,False,['Pending data collection and evaluation'],['Marina'],94.0,2025-09-15 08:46:00,Residential,True,
2679000,1,[],0,,,,0,False,['Pending data collection and evaluation'],['Outer Richmond'],82.0,2025-08-17 08:20:50,Collector,True,
2696000,1,['Speed Hump'],1,1.0,2014-01-01,2014-01-01,1,True,['Complete'],['Forest Hills Extension'],76.0,2025-09-05 09:11:17,Residential,True,4265.0
2697000,1,['Speed Bump'],1,1.0,,,1,True,['Complete'],['Hunters Point'],83.0,2025-09-22 09:11:17,Residential,True,
2718000,1,['Speed Hump'],1,1.0,2017-05-01,2017-05-01,1,True,['Complete'],['Bernal Heights'],74.0,2025-09-15 08:46:00,Residential,True,3059.0
2743000,1,['Speed Hump'],1,2.0,2017-04-01,2017-04-01,1,True,['Complete'],['The Mission'],82.0,2025-09-15 08:46:01,Residential,True,3089.0
2744000,1,['Speed Hump'],1,1.0,2020-03-01,2020-03-01,1,True,['Complete'],['Mission District'],71.0,2025-09-15 08:46:01,Residential,True,2024.0
2831000,1,['3-Lump Speed Cushion'],1,1.0,2023-09-01,2023-09-01,1,True,['Complete'],['Silver Terrace'],100.0,2025-03-27 10:35:48,Residential,True,573.0
2832000,1,['3-Lump Speed Cushion'],1,1.0,2023-09-01,2023-09-01,1,True,['Complete'],['Silver Terrace'],100.0,2025-03-27 10:35:48,Residential,True,573.0
2833000,1,[],0,,,,0,False,['Pending construction'],['Silver Terrace'],100.0,2025-03-27 10:35:48,Residential,True,
2856000,1,['3-Lump Speed Cushion'],1,1.0,2021-08-01,2021-08-01,1,True,['Complete'],['Marina'],90.0,2025-09-15 08:46:02,Residential,True,1506.0
2859000,1,['3-Lump Speed Cushion'],1,2.0,2023-10-01,2023-10-01,1,True,['Complete'],['Merced Manor'],82.0,2025-09-17 09:11:18,Residential,True,717.0
2861000,1,['Speed Hump'],1,1.0,2016-03-01,2016-03-01,1,True,['Complete'],['Glen Park'],85.0,2025-09-29 09:11:18,Residential,True,3499.0
2862000,1,['Speed Hump'],1,3.0,2016-03-01,2016-03-01,1,True,['Complete'],['Glen Park'],88.0,2025-09-29 09:11:18,Residential,True,3499.0
2872000,1,['3-Lump Speed Cushion'],1,1.0,2025-12-01,2025-12-01,1,True,['Complete'],['Lone Mountain'],47.0,2025-09-15 08:46:02,Residential,True,-77.0
2875000,1,['Speed Hump'],1,2.0,2022-05-01,2022-05-01,1,True,['Complete'],['Duboce Triangle'],70.0,2025-10-06 09:10:28,Residential,True,1254.0
2883000,1,['Speed Bump'],1,0.0,,,1,True,['Complete'],['Duboce Triangle'],81.0,2025-10-06 09:11:19,Residential,True,
2909000,1,[],0,,,,0,False,['Pending data collection and evaluation'],['Cole Valley'],83.0,2025-09-28 09:11:19,Residential,True,
2915000,1,['Speed Table'],1,1.0,,,0,False,['Pending construction'],['Fairmount'],93.0,2025-09-30 09:11:19,Residential,True,
2916000,1,['Speed Table'],1,1.0,,,0,False,['Pending construction'],['Fairmount'],93.0,2025-09-30 09:11:19,Residential,True,
2917000,1,['Speed Table'],1,1.0,,,0,False,['Pending construction'],['Fairmount'],94.0,2025-09-30 09:11:19,Residential,True,
2927000,1,['Speed Table'],1,1.0,,,0,False,['Pending construction'],"[""St. Mary's Park""]",82.0,2025-09-15 08:46:02,Residential,True,
2940000,1,['Speed Hump'],1,1.0,2005-05-01,2005-05-01,1,True,['Complete'],['Bernal Heights South'],100.0,2010-11-30 10:16:08,,True,2039.0
2955000,1,['3-Lump Speed Cushion'],1,4.0,2022-04-01,2022-04-01,1,True,['Complete'],['Mission Bay'],72.0,2025-08-01 08:20:13,Residential,True,1218.0
2958000,1,['Speed Bump'],1,1.0,,,1,True,['Complete'],['Hunters Point'],60.0,2025-09-30 09:11:19,Residential,True,
2969000,1,['Speed Hump'],1,1.0,2014-01-01,2014-01-01,1,True,['Complete'],['Merced Heights'],84.0,2025-09-15 08:46:03,Residential,True,4275.0
2989000,1,['4-Lump Speed Cushion'],1,1.0,,,0,False,['Pending construction'],['Little Hollywood'],67.0,2025-09-22 09:11:20,Collector,True,
2990000,1,['4-Lump Speed Cushion'],1,1.0,,,0,False,['Pending construction'],['Little Hollywood'],68.0,2025-09-22 09:11:20,Collector,True,
2991000,1,['4-Lump Speed Cushion'],1,1.0,,,0,False,['Pending construction'],['Little Hollywood'],61.0,2025-09-22 09:11:20,Collector,True,
3006000,1,['Speed Hump'],1,2.0,2022-06-01,2022-06-01,1,True,['Complete'],['Holly Park'],63.0,2025-09-15 08:46:03,Residential,True,1202.0
3007000,1,['Speed Hump'],1,1.0,,,1,True,['Complete'],['Bernal Heights South'],84.0,2025-09-15 08:46:03,Residential,True,
3025201,1,['5-Lump Speed Cushion'],1,1.0,2021-03-01,2021-03-01,1,True,['Complete'],['Mission Terrace'],46.0,2009-08-10 15:43:09,,True,-4221.0
3050000,1,['Raised Crosswalk'],1,1.0,2018-09-01,2018-09-01,1,True,['Complete'],['Golden Gate Park'],57.0,2008-10-29 13:59:26,,True,-3594.0
3094000,1,['3-Lump Speed Cushion'],1,1.0,2023-08-01,2023-08-01,1,True,['Complete'],['Excelsior'],46.0,2025-09-15 08:46:04,Residential,True,776.0
3096000,1,['3-Lump Speed Cushion'],1,1.0,2023-08-01,2023-08-01,1,True,['Complete'],['Excelsior'],63.0,2025-09-15 08:46:04,Residential,True,776.0
3098000,1,['3-Lump Speed Cushion'],1,1.0,2023-08-01,2023-08-01,1,True,['Complete'],['Excelsior'],74.0,2025-09-15 08:46:04,Residential,True,776.0
3100000,1,['3-Lump Speed Cushion'],1,1.0,2023-08-01,2023-08-01,1,True,['Complete'],['Excelsior'],85.0,2025-09-15 08:46:04,Residential,True,776.0
3105001,1,[],0,,,,0,False,['Pending data collection and evaluation'],['Excelsior'],71.0,2025-09-15 08:45:42,Residential,True,
3111000,1,['3-Lump Speed Cushion'],1,1.0,2018-04-01,2018-04-01,1,True,['Complete'],['Monterey Heights'],82.0,2025-09-18 09:11:21,Residential,True,2727.0
3121000,1,['Speed Hump'],1,2.0,,,1,True,['Complete'],['Silver Terrace'],57.0,2025-09-23 09:11:21,Residential,True,
3122000,1,['Speed Hump'],1,2.0,,,1,True,['Complete'],['Silver Terrace'],74.0,2025-09-23 09:11:21,Residential,True,
3123000,1,['Speed Hump'],1,2.0,,,1,True,['Complete'],['Silver Terrace'],84.0,2025-09-23 09:11:21,Residential,True,
3124000,1,['Speed Hump'],1,2.0,,,1,True,['Complete'],['Silver Terrace'],85.0,2025-09-23 09:11:21,Residential,True,
3128000,1,['3-Lump Speed Cushion'],1,2.0,,,0,False,['Pending construction'],['Merced Heights'],92.0,2025-09-15 08:46:05,Residential,True,
3131000,1,['Speed Hump'],1,1.0,2014-01-01,2014-01-01,1,True,['Complete'],['Merced Heights'],62.0,2025-09-15 08:46:05,Residential,True,4275.0
3137000,1,['Edgeline'],1,0.0,,,1,True,['Complete'],['Oceanview'],42.0,2025-09-15 08:46:05,Collector,True,
3138000,1,['Edgeline'],1,0.0,,,1,True,['Complete'],['Oceanview'],49.0,2025-09-15 08:46:05,Collector,True,
3139000,1,['Edgeline'],1,0.0,,,1,True,['Complete'],['Oceanview'],33.0,2025-09-15 08:46:05,Collector,True,
3157000,1,['Speed Hump'],1,1.0,2024-08-01,2024-08-01,1,True,['Complete'],['Russian Hill'],80.0,2025-08-15 08:20:57,Residential,True,379.0
3205000,1,['Speed Hump'],1,1.0,2024-07-01,2024-07-01,1,True,['Complete'],['Lower Pacific Heights'],90.0,2025-09-15 08:46:06,Residential,True,441.0
3228000,1,['Speed Hump'],1,1.0,2007-05-01,2007-05-01,1,True,['Complete'],['Glen Park'],64.0,2025-09-16 09:11:21,Residential,True,6713.0
3234000,1,['3-Lump Speed Cushion'],1,3.0,2026-03-01,2026-03-01,1,True,['Complete'],['Sunnydale'],72.0,2025-09-23 09:10:29,Residential,True,-159.0
3256000,1,['3-Lump Speed Cushion'],1,1.0,2022-03-01,2022-03-01,1,True,['Complete'],['Crocker Amazon'],82.0,2025-09-15 08:46:08,Residential,True,1294.0
3257000,1,['3-Lump Speed Cushion'],1,2.0,2022-03-01,2022-03-01,1,True,['Complete'],['Crocker Amazon'],93.0,2025-09-15 08:46:08,Residential,True,1294.0
3258000,1,['Speed Hump'],1,1.0,2019-06-01,2019-06-01,1,True,['Complete'],['Crocker Amazon'],79.0,2025-09-15 08:46:08,Residential,True,2298.0
3272000,1,['Edgeline'],1,2.0,2014-01-01,2014-01-01,1,True,['Complete'],['Visitacion Valley'],79.0,2025-09-23 09:11:22,Residential,True,4283.0
3311000,1,[],0,,,,0,False,['Pending data collection and evaluation'],['Mission District'],91.0,2025-09-15 08:46:09,Collector,True,
3312000,1,['5-Lump Speed Cushion'],1,2.0,2025-08-01,2025-08-01,1,True,['Complete'],['Mission District'],89.0,2025-09-15 08:46:09,Collector,True,45.0
3362000,1,['Speed Hump'],1,2.0,2020-07-01,2020-07-01,1,True,['Complete'],['Buena Vista'],89.0,2025-07-09 08:21:00,Residential,True,1834.0
3363000,1,['Speed Hump'],1,2.0,2020-07-01,2020-07-01,1,True,['Complete'],['Buena Vista'],93.0,2025-10-06 09:11:22,Residential,True,1923.0
3364000,1,['Edgeline'],1,1.0,2014-01-01,2014-01-01,1,True,['Complete'],['Buena Vista Park'],95.0,2025-10-06 09:11:23,Residential,True,4296.0
3365000,2,"['5-Lump Speed Cushion', 'Edgeline']",2,4.0,2014-01-01,2026-04-01,2,True,['Complete'],"['Buena Vista', 'Buena Vista Park']",93.0,2025-10-06 09:11:23,Residential,True,4296.0
3367000,1,['Edgeline'],1,1.0,2014-01-01,2014-01-01,1,True,['Complete'],['Buena Vista Park'],93.0,2025-10-06 09:11:23,Residential,True,4296.0
3368000,1,['Edgeline'],1,1.0,2014-01-01,2014-01-01,1,True,['Complete'],['Buena Vista Park'],91.0,2025-10-06 09:11:23,Residential,True,4296.0
3380000,2,[],0,,,,0,False,['Pending design review and approval'],['Twin Peaks'],,,,False,
3408000,1,['Speed Hump'],1,1.0,,,1,True,['Complete'],['Portola'],74.0,2025-09-15 08:46:10,Residential,True,
3464000,2,['Speed Hump'],1,3.0,2019-06-01,2021-02-01,1,True,"['Complete', 'Obsolete']",['Merced Heights'],81.0,2025-09-15 08:46:11,Residential,True,2298.0
3465000,1,['Speed Hump'],1,2.0,,,1,True,['Complete'],['Ingleside'],91.0,2025-09-15 08:46:11,Residential,True,
3484000,1,['Speed Hump'],1,1.0,2020-07-01,2020-07-01,1,True,['Complete'],['Inner Richmond'],80.0,2025-08-02 08:21:02,Residential,True,1858.0
3518099,1,['3-Lump Speed Cushion'],1,2.0,2023-08-01,2023-08-01,1,True,['Complete'],['Oceanview'],85.0,2025-09-15 08:46:09,Residential,True,776.0
3597000,1,['Speed Hump'],1,2.0,2022-01-01,2022-01-01,1,True,['Complete'],['Lake'],46.0,2025-08-17 08:21:06,Arterial,True,1324.0
3619000,1,['3-Lump Speed Cushion'],1,1.0,2025-12-01,2025-12-01,1,True,['Complete'],['University Mound'],94.0,2025-09-15 08:46:14,Residential,True,-77.0
3620000,1,['3-Lump Speed Cushion'],1,2.0,2025-12-01,2025-12-01,1,True,['Complete'],['University Mound'],65.0,2025-09-15 08:46:14,Residential,True,-77.0
3622000,2,['Speed Table'],1,3.0,2025-12-01,2025-12-01,1,True,"['Complete', 'Pending design review and approval']","['Portola', 'University Mound']",76.0,2025-09-15 08:46:14,Residential,True,-77.0
3623000,1,['Speed Table'],1,2.0,2025-12-01,2025-12-01,1,True,['Complete'],['University Mound'],93.0,2025-09-15 08:46:14,Residential,True,-77.0
3624000,1,['Speed Cushion'],1,2.0,2023-09-01,2023-09-01,1,True,['Complete'],['University Mound'],93.0,2025-09-15 08:46:14,Residential,True,745.0
3625000,1,['Speed Hump'],1,1.0,2023-09-01,2023-09-01,1,True,['Complete'],['University Mound'],70.0,2025-09-15 08:46:14,Residential,True,745.0
3626000,1,['3-Lump Speed Cushion'],1,2.0,,,0,False,['Pending construction'],['University Mound'],90.0,2025-09-15 08:46:14,Residential,True,
3633000,1,['Speed Hump'],1,1.0,,,1,True,['Complete'],[],,,,False,
3634000,1,['Speed Bump'],1,1.0,,,1,True,['Complete'],[],,,,False,
3674000,1,['3-Lump Speed Cushion'],1,2.0,2023-07-01,2023-07-01,0,False,['Pending construction'],['Mission District'],50.0,2025-09-15 08:46:16,Residential,True,807.0
3676000,1,['3-Lump Speed Cushion'],1,2.0,2023-07-01,2023-07-01,1,True,['Complete'],['Mission District'],100.0,2025-12-10 09:37:44,Residential,True,893.0
3678000,1,['3-Lump Speed Cushion'],1,2.0,2023-07-01,2023-07-01,0,False,['Pending construction'],['Mission District'],91.0,2025-09-15 08:46:16,Residential,True,807.0
3680000,1,['Speed Hump'],1,2.0,2020-06-01,2020-06-01,1,True,['Complete'],['Mission District'],83.0,2025-09-15 08:46:16,Residential,True,1932.0
3681000,1,['Speed Hump'],1,2.0,2020-06-01,2020-06-01,1,True,['Complete'],['Mission District'],89.0,2025-09-15 08:46:16,Residential,True,1932.0
3717000,1,[],0,,,,0,False,['Pending data collection and evaluation'],['Potrero Hill'],56.0,2025-09-25 09:11:24,Residential,True,
3718000,1,[],0,,,,0,False,['Pending data collection and evaluation'],['Potrero Hill'],92.0,2025-09-25 09:11:24,Residential,True,
3719000,1,[],0,,,,0,False,['Pending data collection and evaluation'],['Potrero Hill'],81.0,2025-09-25 09:11:24,Residential,True,
3733000,1,['3-Lump Speed Cushion'],1,1.0,2023-06-01,2023-06-01,1,True,['Complete'],['Hunters Point'],54.0,2002-11-20 00:00:00,,True,-7498.0
3738000,1,['3-Lump Speed Cushion'],1,2.0,2023-07-01,2023-07-01,0,False,[],['Bayview District'],66.0,2025-09-21 09:11:25,Arterial,True,813.0
3760101,1,['Speed Bump'],1,1.0,,,1,True,['Complete'],['Hunters Point'],85.0,2025-09-30 09:11:25,Residential,True,
3760201,1,['Speed Bump'],1,1.0,,,1,True,['Complete'],['Hunters Point'],84.0,2025-09-30 09:11:25,Residential,True,
3779000,1,['Speed Hump'],1,1.0,2008-04-01,2008-04-01,1,True,['Complete'],['Telegraph Hill'],83.0,2025-08-01 08:21:07,Residential,True,6331.0
3784000,1,[],0,,,,0,False,['Pending data collection and evaluation'],['Duboce Triangle'],58.0,2025-09-21 09:11:26,Arterial,True,
3805000,1,[],0,,,,0,False,['Pending data collection and evaluation'],['Noe Valley'],86.0,2025-09-18 09:11:27,Residential,True,
3806000,1,[],0,,,,0,False,['Pending data collection and evaluation'],['Noe Valley'],82.0,2025-09-18 09:11:27,Residential,True,
3822000,1,['3-Lump Speed Cushion'],1,1.0,2024-09-01,2024-09-01,1,True,['Complete'],['Mission Terrace'],75.0,2025-09-15 08:46:17,Residential,True,379.0
3828000,1,['3-Lump Speed Cushion'],1,1.0,2024-09-01,2024-09-01,1,True,['Complete'],['Mission Terrace'],86.0,2025-09-15 08:46:17,Residential,True,379.0
3829000,1,['3-Lump Speed Cushion'],1,2.0,2025-03-01,2025-03-01,1,True,['Complete'],['Mission Terrace'],83.0,2025-09-15 08:46:17,Residential,True,198.0
3830000,1,['3-Lump Speed Cushion'],1,1.0,2025-03-01,2025-03-01,1,True,['Complete'],['Mission Terrace'],70.0,2025-09-15 08:46:18,Residential,True,198.0
3832000,1,['Speed Hump'],1,1.0,2017-05-01,2017-05-01,1,True,['Complete'],['Cayuga'],88.0,2025-09-15 08:46:18,Residential,True,3059.0
3833000,1,['Speed Hump'],1,1.0,2017-04-01,2017-04-01,1,True,['Complete'],['Cayuga'],92.0,2025-09-15 08:46:18,Residential,True,3089.0
3834000,1,['Speed Hump'],1,1.0,2020-01-01,2020-01-01,1,True,['Complete'],['Cayuga'],85.0,2025-09-15 08:46:18,Residential,True,2084.0
3836000,1,['Speed Hump'],1,1.0,2020-06-01,2020-06-01,1,True,['Complete'],['Cayuga'],91.0,2025-09-15 08:46:18,Residential,True,1932.0
3841000,1,['Speed Hump'],1,1.0,2016-01-01,2016-01-01,1,True,['Complete'],['Outer Mission'],72.0,2025-09-15 08:46:18,Residential,True,3545.0
3852000,1,['3-Lump Speed Cushion'],1,1.0,2022-03-01,2022-03-01,1,True,['Complete'],['Outer Mission'],91.0,2025-09-15 08:46:18,Residential,True,1294.0
3853000,1,['Speed Hump'],1,1.0,2022-01-01,2022-01-01,1,True,['Complete'],['Golden Gate Heights'],90.0,2025-09-02 09:11:27,Residential,True,1340.0
3854000,1,[],0,,,,0,False,['Pending design review and approval'],['Golden Gate Heights'],85.0,2025-09-02 09:11:27,Residential,True,
3857000,1,['Speed Hump'],1,1.0,,,1,True,['Complete'],['Ingleside Terrace'],71.0,2025-09-17 09:11:27,Residential,True,
3871000,1,['Speed Hump'],1,1.0,2018-12-01,2018-12-01,1,True,['Complete'],['Ingleside Terrace'],82.0,2025-09-17 09:11:27,Collector,True,2482.0
3872000,1,['Speed Hump'],1,1.0,2018-12-01,2018-12-01,1,True,['Complete'],['Ingleside Terrace'],79.0,2025-09-17 09:11:27,Collector,True,2482.0
3874000,1,['Speed Hump'],1,1.0,2005-09-01,2005-09-01,1,True,['Complete'],['Marina'],70.0,2025-09-15 08:46:18,Arterial,True,7319.0
3885000,1,['3-Lump Speed Cushion'],1,1.0,2018-10-01,2018-10-01,1,True,['Complete'],['Golden Gate Park'],53.0,2008-10-29 13:59:26,,True,-3624.0
3914000,1,['Speed Bump'],1,1.0,,,1,True,['Complete'],['Miraloma Park'],87.0,2025-09-05 09:11:29,Residential,True,
3917000,1,['3-Lump Speed Cushion'],1,3.0,2022-04-01,2022-04-01,1,True,['Complete'],['Fairmount'],65.0,2025-09-16 09:11:29,Collector,True,1264.0
3926000,1,['Speed Table'],1,2.0,,,0,False,['Pending design review and approval'],['Glen Park'],65.0,2025-09-30 09:11:29,Collector,True,
3929000,1,['Speed Hump'],1,1.0,2021-04-01,2021-04-01,1,True,['Complete'],['Glen Park'],67.0,2025-09-30 09:11:29,Residential,True,1643.0
3930000,2,"['Speed Bump', 'Speed Hump']",2,1.0,2021-04-01,2021-04-01,2,True,['Complete'],['Glen Park'],67.0,2025-09-30 09:11:29,Residential,True,1643.0
3931000,1,['Speed Bump'],1,1.0,2010-01-01,2010-01-01,1,True,['Complete'],['Glen Park'],70.0,2025-09-30 09:11:29,Residential,True,5751.0
3933000,1,['Speed Hump'],1,1.0,2021-04-01,2021-04-01,1,True,['Complete'],['Glen Park'],70.0,2025-09-30 09:11:29,Residential,True,1643.0
3957000,1,['Speed Hump'],1,2.0,2022-01-01,2022-01-01,1,True,['Complete'],['North Beach'],80.0,2025-08-11 08:21:07,Residential,True,1318.0
3999000,1,['Speed Table'],1,1.0,2025-12-01,2025-12-01,1,True,['Complete'],['Forest Knolls'],48.0,2025-09-09 09:11:30,Residential,True,-83.0
4000000,1,['Speed Table'],1,1.0,,,1,True,['Complete'],['Forest Knolls'],51.0,2025-09-09 09:11:30,Residential,True,
4022000,2,['5-Lump Speed Cushion'],1,2.0,2020-03-01,2020-06-01,1,True,"['Complete', 'Obsolete']",['Dolores Heights'],70.0,2025-09-17 09:11:31,Collector,True,2026.0
4023000,2,['5-Lump Speed Cushion'],1,2.0,2020-03-01,2020-06-01,1,True,"['Complete', 'Obsolete']",['Dolores Heights'],69.0,2025-09-17 09:11:31,Collector,True,2026.0
4044000,1,['4-Lump Speed Cushion'],1,1.0,2007-09-01,2007-09-01,1,True,['Complete'],['Sunnyside'],90.0,2025-09-14 09:10:24,Residential,True,6588.0
4046000,1,['Speed Hump'],1,1.0,2007-06-01,2007-06-01,1,True,['Complete'],['Sunnyside'],83.0,2025-09-14 09:10:24,Residential,True,6680.0
4048000,1,['Speed Hump'],1,1.0,2007-06-01,2007-06-01,1,True,['Complete'],['Sunnyside'],70.0,2025-09-02 09:10:24,Residential,True,6668.0
4057000,1,['Speed Hump'],1,1.0,2005-11-01,2005-11-01,1,True,['Complete'],['Financial District South'],85.0,2025-08-01 08:21:08,Residential,True,7213.0
4058000,1,['Speed Hump'],1,1.0,2005-11-01,2005-11-01,1,True,['Complete'],['Financial District South'],85.0,2025-08-01 08:21:08,Residential,True,7213.0
4059000,1,[],0,,,,0,False,['Pending data collection and evaluation'],['South of Market'],77.0,2025-08-01 08:21:08,Residential,True,
4064000,1,['5-Lump Speed Cushion'],1,2.0,2021-04-01,2021-04-01,1,True,['Complete'],['West Portal'],54.0,2025-09-02 09:11:32,Arterial,True,1615.0
4072000,1,['Speed Radar Sign'],1,1.0,2016-07-01,2016-07-01,1,True,['Complete'],['Forest Knolls'],100.0,2026-03-04 16:50:07,Arterial,True,3533.0
4104000,1,[],0,,,,0,False,['Pending data collection and evaluation'],['Nob Hill'],,,,False,
4133000,1,['Speed Hump'],1,2.0,2021-03-01,2021-03-01,1,True,['Complete'],['Haight Ashbury'],74.0,2025-08-17 08:21:09,Arterial,True,1630.0
4134000,1,['5-Lump Speed Cushion'],1,1.0,2020-12-01,2020-12-01,1,True,['Complete'],['Cole Valley'],70.0,2025-09-28 09:11:33,Arterial,True,1762.0
4135000,1,['5-Lump Speed Cushion'],1,1.0,2020-12-01,2020-12-01,1,True,['Complete'],['Cole Valley'],61.0,2025-09-28 09:11:33,Arterial,True,1762.0
4136000,2,"['3-Lump Speed Cushion', 'Edgeline']",2,3.0,,,1,True,"['Complete', 'Pending construction']",['Parnassus - Ashbury Heights'],77.0,2025-09-28 09:11:33,Arterial,True,
4145000,1,['3-Lump Speed Cushion'],1,2.0,2023-08-01,2023-08-01,1,True,['Complete'],['Lakeshore'],60.0,2025-09-01 09:11:33,Residential,True,762.0
4146000,1,['3-Lump Speed Cushion'],1,1.0,2025-12-01,2025-12-01,1,True,['Complete'],['Lakeshore'],83.0,2025-09-01 09:11:33,Residential,True,-91.0
4147000,1,['3-Lump Speed Cushion'],1,1.0,2025-12-01,2025-12-01,1,True,['Complete'],['Lakeshore'],80.0,2025-09-01 09:11:33,Residential,True,-91.0
4178000,1,['3-Lump Speed Cushion'],1,1.0,2023-07-01,2023-07-01,1,True,['Complete'],['Outer Richmond'],73.0,2025-08-12 08:21:10,Residential,True,773.0
4186000,1,['Speed Hump'],1,1.0,2014-01-01,2014-01-01,1,True,['Complete'],['Outer Richmond'],57.0,2025-08-12 08:21:11,Residential,True,4241.0
4187000,1,['Speed Hump'],1,1.0,2014-01-01,2014-01-01,1,True,['Complete'],['Outer Richmond'],55.0,2025-08-12 08:21:11,Residential,True,4241.0
4188000,1,['Speed Hump'],1,1.0,2014-01-01,2014-01-01,1,True,['Complete'],['Outer Richmond'],57.0,2025-08-12 08:21:11,Residential,True,4241.0
4211000,1,['3-Lump Speed Cushion'],1,2.0,,,0,False,['Pending construction'],['Noe Valley'],78.0,2025-09-29 09:11:33,Arterial,True,
4212000,1,['3-Lump Speed Cushion'],1,2.0,2022-02-01,2022-02-01,1,True,['Complete'],['Noe Valley'],81.0,2025-09-29 09:11:33,Arterial,True,1336.0
4214000,1,['3-Lump Speed Cushion'],1,2.0,2020-05-01,2020-05-01,1,True,['Complete'],['Noe Valley'],84.0,2025-09-29 09:11:33,Arterial,True,1977.0
4215000,1,['3-Lump Speed Cushion'],1,2.0,2020-05-01,2020-05-01,1,True,['Complete'],['Noe Valley'],80.0,2025-09-17 09:11:34,Arterial,True,1965.0
4216000,1,['4-Lump Speed Cushion'],1,1.0,2024-01-01,2024-01-01,1,True,['Complete'],['Noe Valley'],72.0,2025-09-17 09:11:34,Arterial,True,625.0
4252000,1,['Speed Bump'],1,1.0,,,1,True,['Complete'],['Bernal Heights North'],95.0,2025-09-15 08:46:22,Residential,True,
4253000,2,['Speed Hump'],1,2.0,2018-07-01,2018-07-01,2,True,['Complete'],['Bernal Heights'],93.0,2025-09-15 08:46:22,Residential,True,2633.0
4254000,1,[],0,,,,0,False,['Pending data collection and evaluation'],['Bernal Heights'],69.0,2025-09-15 08:46:22,Residential,True,
4255000,1,[],0,,,,0,False,['Pending data collection and evaluation'],['Bernal Heights'],86.0,2025-09-15 08:46:23,Residential,True,
4259000,1,['Speed Hump'],1,1.0,,,1,True,['Complete'],['Bernal Heights North'],91.0,2025-09-15 08:46:23,Residential,True,
4260000,1,['3-Lump Speed Cushion'],1,1.0,2024-10-01,2024-10-01,1,True,['Complete'],['Bernal Heights'],91.0,2025-09-15 08:46:23,Residential,True,349.0
4263000,1,['3-Lump Speed Cushion'],1,2.0,2017-10-01,2017-10-01,1,True,['Complete'],"[""St. Mary's Park""]",70.0,2025-09-24 09:11:34,Residential,True,2915.0
4274000,1,['3-Lump Speed Cushion'],1,2.0,2023-03-01,2023-03-01,1,True,['Complete'],['Jordan Park - Laurel Heights'],100.0,2025-09-23 16:43:56,Residential,True,937.0
4275000,1,['Speed Hump'],1,2.0,2016-09-01,2016-09-01,1,True,['Complete'],['Jordan Park - Laurel Heights'],76.0,2025-09-15 08:46:23,Residential,True,3301.0
4276000,1,['Speed Hump'],1,1.0,2022-01-01,2022-01-01,1,True,['Complete'],['Lone Mountain'],73.0,2025-09-15 08:46:23,Residential,True,1353.0
4316000,1,['Speed Hump'],1,2.0,2016-09-01,2016-09-01,1,True,['Complete'],['Jordan Park - Laurel Heights'],92.0,2025-09-15 08:46:23,Residential,True,3301.0
4317000,2,['Speed Hump'],1,3.0,2024-05-01,2024-05-01,1,True,"['Complete', 'Obsolete']",['Jordan Park - Laurel Heights'],85.0,2025-09-15 08:46:23,Residential,True,502.0
4329000,1,['Speed Cushion'],1,1.0,,,0,False,['Pending construction'],['Mission Terrace'],76.0,2025-09-15 08:46:24,Collector,True,
4330000,1,[],0,,,,0,False,['Pending data collection and evaluation'],['Mission Terrace'],85.0,2025-09-15 08:46:24,Collector,True,
4340000,1,[],0,,,,0,False,['Pending data collection and evaluation'],['Sunnyside'],72.0,2022-08-25 10:21:57,Residential,True,
4361000,1,[],0,,,,0,False,['Pending data collection and evaluation'],['Parkside'],76.0,2025-09-02 09:11:35,Residential,True,
4385000,1,['Speed Table'],1,2.0,,,0,False,['Pending construction'],['Twin Peaks'],76.0,2025-09-28 09:11:36,Arterial,True,
4389000,1,['Speed Table'],1,1.0,,,0,False,['Pending construction'],['Twin Peaks'],59.0,2025-09-28 09:11:36,Arterial,True,
4392000,1,['4-Lump Speed Cushion'],1,3.0,,,0,False,['Pending construction'],['Twin Peaks'],74.0,2025-09-28 09:11:36,Arterial,True,
4397000,1,['Speed Hump'],1,1.0,2019-06-01,2019-06-01,1,True,['Complete'],['Crocker Amazon'],74.0,2025-09-15 08:46:24,Residential,True,2298.0
4401000,1,['5-Lump Speed Cushion'],1,1.0,2019-06-01,2019-06-01,1,True,['Complete'],['Crocker Amazon'],84.0,2025-09-15 08:46:24,Residential,True,2298.0
4416000,1,['5-Lump Speed Cushion'],1,1.0,2021-07-01,2021-07-01,1,True,['Complete'],['Bernal Heights'],43.0,2025-09-15 08:46:24,Arterial,True,1537.0
4417000,1,[],0,,,,0,False,['Pending construction'],['Holly Park'],61.0,2025-09-15 08:46:24,Arterial,True,
4418000,1,['5-Lump Speed Cushion'],1,1.0,2021-07-01,2021-07-01,1,True,['Complete'],['Bernal Heights'],81.0,2025-09-15 08:46:24,Arterial,True,1537.0
4419000,1,[],0,,,,0,False,['Pending construction'],['Holly Park'],70.0,2025-09-15 08:46:24,Arterial,True,
4437000,1,['5-Lump Speed Cushion'],1,1.0,2021-07-01,2021-07-01,1,True,['Complete'],['Bernal Heights'],52.0,2025-09-15 08:46:25,Arterial,True,1537.0
4439000,1,['5-Lump Speed Cushion'],1,2.0,2021-08-01,2021-08-01,1,True,['Complete'],['Bernal Heights'],69.0,2024-08-12 14:05:10,Arterial,True,1107.0
4448000,1,['Speed Hump'],1,1.0,2018-12-01,2018-12-01,1,True,['Complete'],['Bernal Heights'],86.0,2025-09-15 08:46:25,Residential,True,2480.0
4450000,1,['Speed Hump'],1,1.0,2018-12-01,2018-12-01,1,True,['Complete'],['Bernal Heights'],49.0,2025-09-15 08:46:25,Residential,True,2480.0
4457000,1,['Speed Hump'],1,1.0,2015-05-01,2015-05-01,1,True,['Complete'],['Bernal Heights North'],100.0,2025-09-15 08:46:25,Residential,True,3790.0
4464000,1,['Speed Hump'],1,2.0,2020-01-01,2020-01-01,1,True,['Complete'],['Mission Terrace'],87.0,2025-09-15 08:45:40,Residential,True,2084.0
4484000,2,"['5-Lump Speed Cushion', 'Speed Table']",2,2.0,2005-01-01,2023-04-01,2,True,['Complete'],"['Bernal Heights South', 'Holly Park']",73.0,2025-09-15 08:46:25,Collector,True,7562.0
4486000,2,['5-Lump Speed Cushion'],1,2.0,2005-01-01,2024-05-01,1,True,"['Complete', 'Obsolete']","['Bernal Heights South', 'Holly Park']",56.0,2025-09-15 08:46:25,Collector,True,7562.0
4487000,1,[],0,,,,0,False,['Pending construction'],['Holly Park'],93.0,2025-09-15 08:46:25,Collector,True,
4488000,1,['5-Lump Speed Cushion'],1,1.0,2005-01-01,2005-01-01,1,True,['Complete'],['Bernal Heights South'],83.0,2025-09-15 08:46:25,Collector,True,7562.0
4489000,1,[],0,,,,0,False,['Pending construction'],['Holly Park'],91.0,2025-09-15 08:46:25,Collector,True,
4490000,1,['5-Lump Speed Cushion'],1,1.0,2005-01-01,2005-01-01,1,True,['Complete'],['Bernal Heights South'],91.0,2025-09-15 08:46:25,Collector,True,7562.0
4520000,1,['Speed Hump'],1,1.0,,,1,True,['Complete'],['Parkside'],81.0,2025-09-02 09:11:37,Residential,True,
4522000,1,['Speed Hump'],1,1.0,,,1,True,['Complete'],['Pine Lake Park'],87.0,2024-06-03 10:47:24,Residential,True,
4542000,1,[],0,,,,0,False,['Pending data collection and evaluation'],['Outer Mission'],46.0,2008-10-29 13:59:26,,True,
4547000,1,['3-Lump Speed Cushion'],1,2.0,2023-10-01,2023-10-01,1,True,['Complete'],['Mission Dolores'],49.0,2025-09-21 09:11:38,Residential,True,721.0
4552000,1,['Speed Hump'],1,2.0,2016-03-01,2016-03-01,1,True,['Complete'],['Crocker Amazon'],90.0,2025-09-15 08:46:26,Residential,True,3485.0
4575000,1,['3-Lump Speed Cushion'],1,3.0,2021-03-01,2021-03-01,1,True,['Complete'],['Potrero Hill'],21.0,2025-09-25 09:11:38,Residential,True,1669.0
4586000,1,['3-Lump Speed Cushion'],1,1.0,2022-01-01,2022-01-01,1,True,['Complete'],['Balboa Terrace'],83.0,2025-09-17 09:11:38,Residential,True,1355.0
4587000,1,['3-Lump Speed Cushion'],1,1.0,2022-01-01,2022-01-01,1,True,['Complete'],['Balboa Terrace'],81.0,2025-09-17 09:11:38,Residential,True,1355.0
4588000,1,['3-Lump Speed Cushion'],1,1.0,2022-01-01,2022-01-01,1,True,['Complete'],['Balboa Terrace'],82.0,2025-09-17 09:11:38,Residential,True,1355.0
4589000,1,['3-Lump Speed Cushion'],1,1.0,2022-01-01,2022-01-01,1,True,['Complete'],['Balboa Terrace'],83.0,2025-09-17 09:11:38,Residential,True,1355.0
4592000,1,['Speed Hump'],1,1.0,2018-12-01,2018-12-01,1,True,['Complete'],['Mount Davidson Manor'],83.0,2025-09-17 09:11:38,Residential,True,2482.0
4593000,1,['Speed Hump'],1,2.0,2019-05-01,2019-05-01,1,True,['Complete'],['Mount Davidson Manor'],81.0,2025-09-17 09:11:38,Residential,True,2331.0
4619000,1,['3-Lump Speed Cushion'],1,2.0,2023-09-01,2023-09-01,1,True,['Complete'],['Noe Valley'],69.0,2025-09-21 09:11:38,Residential,True,751.0
4621000,1,[],0,,,,0,False,['Pending data collection and evaluation'],['Noe Valley'],79.0,2025-09-21 09:11:39,Residential,True,
4637000,1,['5-Lump Speed Cushion'],1,1.0,2021-03-01,2021-03-01,1,True,['Complete'],['Potrero Hill'],81.0,2025-09-30 09:11:39,Residential,True,1674.0
4643000,1,['3-Lump Speed Cushion'],1,2.0,2021-02-01,2021-02-01,1,True,['Complete'],['Outer Mission'],87.0,2025-09-15 08:46:26,Residential,True,1687.0
4644000,1,['3-Lump Speed Cushion'],1,1.0,2021-02-01,2021-02-01,1,True,['Complete'],['Outer Mission'],93.0,2025-09-15 08:46:27,Residential,True,1687.0
4654000,1,['Speed Hump'],1,1.0,2005-02-01,2005-02-01,1,True,['Complete'],['Outer Mission'],100.0,2025-11-10 11:06:05,,True,7587.0
4667101,1,['Speed Bump'],1,1.0,,,1,True,['Complete'],['Bayview District'],84.0,2025-09-30 09:11:39,Residential,True,
4667201,1,['Speed Bump'],1,1.0,,,1,True,['Complete'],['Bayview District'],77.0,2025-09-30 09:11:39,Residential,True,
4672000,1,['Speed Hump'],1,2.0,2016-02-01,2016-02-01,1,True,['Complete'],['Miraloma Park'],76.0,2025-09-18 09:11:39,Residential,True,3517.0
4681000,1,['Speed Hump'],1,1.0,2016-02-01,2016-02-01,1,True,['Complete'],['Outer Mission'],58.0,2025-09-15 08:46:28,Residential,True,3514.0
4689000,1,[],0,,,,0,False,['Pending data collection and evaluation'],['Midtown Terrace'],48.0,2025-09-16 09:11:39,Residential,True,
4700000,1,['Speed Bump'],1,1.0,,,1,True,['Complete'],['Visitacion Valley'],73.0,2025-09-23 09:11:40,Residential,True,
4713000,1,['Speed Bump'],1,0.0,,,1,True,['Complete'],['Corona Heights'],83.0,2025-10-06 09:11:40,Residential,True,
4738000,1,['Speed Hump'],1,1.0,2015-04-01,2015-04-01,1,True,['Complete'],['Eureka Valley - Dolores Height'],100.0,2024-03-04 09:29:36,Residential,True,3260.0
4739000,1,['3-Lump Speed Cushion'],1,2.0,2018-11-01,2018-11-01,1,True,['Complete'],['Eureka Valley'],80.0,2025-09-25 09:11:41,Residential,True,2520.0
4741000,1,['3-Lump Speed Cushion'],1,2.0,,,0,False,['Pending construction'],['Eureka Valley'],64.0,2025-09-25 09:11:41,Residential,True,
4751000,1,[],0,,,,0,False,['Pending data collection and evaluation'],['Noe Valley'],100.0,2025-09-23 11:33:39,Residential,True,
4766000,1,[],0,,,,0,False,['Pending data collection and evaluation'],['Glen Park'],67.0,2025-09-30 09:11:41,Residential,True,
4767000,1,[],0,,,,0,False,['Pending design review and approval'],['Glen Park'],67.0,2025-09-30 09:11:41,Residential,True,
4768000,1,['Speed Table'],1,2.0,2025-12-01,2025-12-01,1,True,['Complete'],['Glend Park'],72.0,2025-09-30 09:11:41,Residential,True,-62.0
4796000,1,['Speed Hump'],1,2.0,2022-05-01,2022-05-01,1,True,['Complete'],['Buena Vista'],86.0,2025-10-06 09:11:43,Residential,True,1254.0
4913000,1,[],0,,,,0,False,['Pending data collection and evaluation'],['Mt. Davidson Manor'],81.0,2025-09-02 09:11:45,Residential,True,
4929000,1,['3-Lump Speed Cushion'],1,2.0,,,1,True,['Complete'],['South of Market'],79.0,2025-08-05 08:21:17,Residential,True,
4934000,1,['Speed Hump'],1,2.0,2017-04-01,2017-04-01,1,True,['Complete'],['Mission Dolores'],100.0,2025-07-23 14:44:00,Residential,True,3035.0
4938000,1,['Speed Hump'],1,2.0,,,1,True,['Complete'],['Hunters Point'],62.0,2025-10-06 09:11:46,Residential,True,
4975000,1,['3-Lump Speed Cushion'],1,2.0,2025-11-01,2025-11-01,1,True,['Complete'],['Excelsior'],,,,False,
4976000,1,['3-Lump Speed Cushion'],1,2.0,,,0,False,['Pending construction'],['Excelsior'],66.0,2025-09-15 08:46:29,Residential,True,
4996101,1,['Speed Bump'],1,1.0,,,1,True,['Complete'],['Bayview District'],84.0,2025-09-30 09:11:47,Residential,True,
4996201,1,['Speed Bump'],1,1.0,,,1,True,['Complete'],['Bayview District'],85.0,2025-09-30 09:11:47,Residential,True,
4999000,1,['3-Lump Speed Cushion'],1,2.0,,,0,False,['Pending design review and approval'],['Noe Valley'],76.0,2025-09-29 09:11:47,Residential,True,
5000000,1,['Speed Hump'],1,2.0,2015-10-01,2015-10-01,1,True,['Complete'],['Noe Valley'],66.0,2025-09-29 09:11:47,Residential,True,3651.0
5009000,1,['Speed Hump'],1,1.0,2010-04-01,2010-04-01,1,True,['Complete'],['Noe Valley'],87.0,2025-09-16 09:11:47,Residential,True,5647.0
5026000,1,[],0,,,,0,False,['Pending design review and approval'],['Portola'],76.0,2025-09-15 08:46:30,Residential,True,
5076000,2,['Speed Hump'],1,3.0,2022-01-01,2024-11-01,1,True,"['Complete', 'Obsolete']",['Anza Vista'],80.0,2025-07-17 08:21:18,Residential,True,1293.0
5085000,1,['Speed Cushion'],1,2.0,,,0,False,['Pending design review and approval'],['Excelsior'],86.0,2025-09-15 08:46:30,Residential,True,
5086000,1,['Speed Hump'],1,2.0,2020-01-01,2020-01-01,1,True,['Complete'],['Excelsior'],100.0,2025-10-29 15:17:46,Residential,True,2128.0
5087000,2,['Speed Hump'],1,4.0,2019-07-01,2019-10-01,2,True,['Complete'],['Excelsior'],76.0,2025-09-15 08:46:30,Residential,True,2268.0
5090000,2,['Speed Hump'],1,4.0,2019-07-01,2019-08-01,1,True,"['Complete', 'Obsolete']",['Excelsior'],82.0,2025-09-15 08:46:30,Residential,True,2268.0
5091000,1,['Speed Cushion'],1,2.0,,,0,False,[],['Excelsior'],76.0,2025-09-15 08:46:31,Residential,True,
5122000,1,[],0,,,,0,False,['Pending data collection and evaluation'],['Seacliff'],94.0,2025-08-17 08:21:19,Arterial,True,
5139000,1,['Chicane'],1,0.0,,,1,True,['Complete'],['Mission Dolores'],100.0,2012-05-25 16:30:02,,True,
5145000,1,['Speed Hump'],1,1.0,2008-03-01,2008-03-01,1,True,['Complete'],['Noe Valley'],69.0,2025-09-17 09:11:49,Residential,True,6409.0
5148000,1,['3-Lump Speed Cushion'],1,2.0,2023-09-01,2023-09-01,1,True,['Complete'],['Noe Valley'],100.0,2026-04-27 14:06:51,Residential,True,969.0
5152000,1,[],0,,,,0,False,['Pending data collection and evaluation'],['Glen Park'],93.0,2025-09-17 09:11:49,Arterial,True,
5153000,1,[],0,,,,0,False,['Pending data collection and evaluation'],['Glen Park'],90.0,2025-09-16 09:11:49,Arterial,True,
5173000,1,['5-Lump Speed Cushion'],1,2.0,2024-07-01,2024-07-01,1,True,['Complete'],['Tenderloin'],39.0,2025-08-17 08:21:19,Collector,True,412.0
5174000,1,['5-Lump Speed Cushion'],1,2.0,2024-07-01,2024-07-01,1,True,['Complete'],['Tenderloin'],62.0,2025-08-17 08:21:20,Collector,True,412.0
5176000,1,['5-Lump Speed Cushion'],1,2.0,2024-08-01,2024-08-01,1,True,['Complete'],['Tenderloin'],,,,False,
5177000,1,['5-Lump Speed Cushion'],1,2.0,2024-09-01,2024-09-01,1,True,['Complete'],['Tenderloin'],72.0,2025-08-17 08:21:20,Collector,True,350.0
5181000,1,['Speed Hump'],1,2.0,2020-06-01,2020-06-01,1,True,['Complete'],['Cathedral Hill'],89.0,2025-09-15 08:46:31,Collector,True,1932.0
5188000,1,['Speed Hump'],1,2.0,2022-06-01,2022-06-01,1,True,['Complete'],['Western Addition'],64.0,2025-07-17 08:21:20,Residential,True,1142.0
5198000,1,['3-Lump Speed Cushion'],1,2.0,2018-07-01,2018-07-01,1,True,['Complete'],['Bernal Heights'],100.0,2026-04-16 11:39:28,Residential,True,2846.0
5199000,2,['Speed Hump'],1,1.0,2020-07-01,2020-07-01,1,True,"['Complete', 'Pending data collection and evaluation']",['Bernal Heights'],71.0,2025-09-15 08:46:32,Residential,True,1902.0
5200000,1,['Speed Hump'],1,2.0,2023-06-01,2023-06-01,1,True,['Complete'],['Bernal Heights'],90.0,2025-09-15 08:46:32,Residential,True,837.0
5201000,5,"['5-Lump Speed Cushion', 'Choker']",2,7.0,2006-11-01,2021-04-01,5,True,['Complete'],"['Bernal Heights', 'Bernal Heights South']",60.0,2025-09-15 08:46:32,Residential,True,6893.0
5202000,1,['Speed Hump'],1,1.0,2020-04-01,2020-04-01,1,True,['Complete'],['Civic Center'],86.0,2025-07-17 08:21:20,Residential,True,1933.0
5220000,1,['Speed Bump'],1,0.0,,,1,True,['Complete'],['Bernal Heights South'],80.0,2025-09-15 08:46:32,Residential,True,
5221000,1,['Speed Table'],1,1.0,2018-06-01,2018-06-01,1,True,['Complete'],['Holly Park'],77.0,2025-09-15 08:46:32,Residential,True,2663.0
5246000,1,['Speed Hump'],1,1.0,,,1,True,['Complete'],['Parkside'],86.0,2025-09-02 09:11:50,Residential,True,
5267000,1,[],0,,,,0,False,['Pending data collection and evaluation'],['Stonestown'],79.0,2025-09-17 09:11:50,Residential,True,
5268000,1,[],0,,,,0,False,['Pending data collection and evaluation'],['Stonestown'],74.0,2025-09-17 09:11:50,Residential,True,
5291000,1,[],0,,,,0,False,['Pending data collection and evaluation'],['Jordan Park - Laurel Heights'],60.0,2025-09-15 08:46:33,Residential,True,
5292000,1,['5-Lump Speed Cushion'],1,1.0,2018-02-01,2018-02-01,1,True,['Complete'],['Jordan Park - Laurel Heights'],55.0,2025-09-15 08:46:33,Residential,True,2783.0
5293000,1,[],0,,,,0,False,['Pending data collection and evaluation'],['Jordan Park - Laurel Heights'],93.0,2025-09-15 08:46:33,Residential,True,
5294000,1,[],0,,,,0,False,['Pending data collection and evaluation'],['Jordan Park - Laurel Heights'],93.0,2025-09-15 08:46:33,Residential,True,
5298000,1,['3-Lump Speed Cushion'],1,1.0,2018-03-01,2018-03-01,1,True,['Complete'],['Jordan Park - Laurel Heights'],91.0,2025-09-15 08:46:33,Residential,True,2755.0
5299000,1,['3-Lump Speed Cushion'],1,1.0,2018-02-01,2018-02-01,1,True,['Complete'],['Jordan Park - Laurel Heights'],76.0,2025-09-15 08:46:33,Residential,True,2783.0
5318000,1,['5-Lump Speed Cushion'],1,2.0,2021-02-01,2021-02-01,1,True,['Complete'],['Eureka Valley'],73.0,2025-09-25 09:11:50,Residential,True,1697.0
5319000,1,['3-Lump Speed Cushion'],1,1.0,2019-05-01,2019-05-01,1,True,['Complete'],['Eureka Valley'],78.0,2025-09-25 09:11:50,Residential,True,2339.0
5320000,1,['5-Lump Speed Cushion'],1,2.0,2021-02-01,2021-02-01,1,True,['Complete'],['Eureka Valley'],79.0,2025-09-25 09:11:51,Residential,True,1697.0
5322000,1,['5-Lump Speed Cushion'],1,1.0,,,0,False,['Pending construction'],['Eureka Valley'],82.0,2025-09-25 09:11:51,Residential,True,
5333101,1,['Speed Hump'],1,1.0,,,0,False,['Pending construction'],['Hunters Point'],71.0,2025-09-22 09:11:51,Arterial,True,
5345000,1,[],0,,,,0,False,['Pending data collection and evaluation'],['Miraloma Park'],78.0,2025-09-18 09:11:51,Residential,True,
5346000,1,[],0,,,,0,False,['Pending data collection and evaluation'],['Miraloma Park'],66.0,2025-09-18 09:11:51,Residential,True,
5361000,1,['4-Lump Speed Cushion'],1,1.0,2019-08-01,2019-08-01,1,True,['Complete'],['Excelsior'],65.0,2025-09-15 08:46:33,Residential,True,2237.0
5364000,1,['4-Lump Speed Cushion'],1,1.0,2019-08-01,2019-08-01,1,True,['Complete'],['Excelsior'],70.0,2025-09-15 08:46:34,Residential,True,2237.0
5371001,1,[],0,,,,0,False,['Pending design review and approval'],['Candlestick Point'],7.0,2025-09-21 09:10:30,Residential,True,
5382000,1,['Speed Hump'],1,2.0,2018-12-01,2018-12-01,1,True,['Complete'],['Dolores Heights'],78.0,2025-09-25 09:11:52,Residential,True,2490.0
5383000,1,['Speed Bump'],1,1.0,,,1,True,['Complete'],['Noe Valley'],83.0,2025-09-25 09:11:52,Residential,True,
5407000,1,['Speed Hump'],1,2.0,2022-04-01,2022-04-01,1,True,['Complete'],['Oceanview'],91.0,2025-09-15 08:46:34,Residential,True,1263.0
5408000,1,[],0,,,,0,False,['Pending design review and approval'],['Oceanview'],91.0,2025-09-15 08:46:34,Residential,True,
5469000,1,['3-Lump Speed Cushion'],1,1.0,2023-11-01,2023-11-01,1,True,['Complete'],['Portola'],54.0,2025-09-15 08:46:35,Residential,True,684.0
5470000,1,['3-Lump Speed Cushion'],1,1.0,2023-11-01,2023-11-01,1,True,['Complete'],['Portola'],80.0,2025-09-15 08:46:35,Residential,True,684.0
5472000,1,['5-Lump Speed Cushion'],1,1.0,2025-12-01,2025-12-01,1,True,['Complete'],['University Mound'],64.0,2025-09-15 08:46:35,Residential,True,-77.0
5473000,1,['5-Lump Speed Cushion'],1,1.0,2025-12-01,2025-12-01,1,True,['Complete'],['University Mound'],53.0,2025-09-15 08:46:35,Residential,True,-77.0
5487000,1,['3-Lump Speed Cushion'],1,1.0,2018-04-01,2018-04-01,1,True,['Complete'],['Monterey Heights'],79.0,2025-09-18 09:11:53,Residential,True,2727.0
5501000,1,['Speed Hump'],1,1.0,2015-04-01,2015-04-01,1,True,['Complete'],['Telegraph Hill'],66.0,2025-08-13 08:21:22,Residential,True,3787.0
5503000,1,['5-Lump Speed Cushion'],1,1.0,,,0,False,['Pending construction'],['North Beach'],83.0,2025-08-13 08:21:22,Residential,True,
5511000,1,['Speed Hump'],1,1.0,,,0,False,['Pending construction'],['Russian Hill'],96.0,2025-08-13 08:21:22,Residential,True,
5526000,1,[],0,,,,0,False,['Pending design review and approval'],['Cow Hollow'],79.0,2025-09-15 08:46:36,Residential,True,
5568101,1,['3-Lump Speed Cushion'],1,2.0,2020-08-01,2020-08-01,1,True,['Complete'],['Marina'],87.0,2025-09-15 08:46:37,Collector,True,1871.0
5587001,1,['3-Lump Speed Cushion'],1,1.0,2023-06-01,2023-06-01,1,True,['Complete'],['Bayview District'],48.0,2002-11-20 00:00:00,,True,-7498.0
5597000,1,['Speed Hump'],1,1.0,,,1,True,['Complete'],[],,,,False,
5599000,1,['3-Lump Speed Cushion'],1,2.0,2020-07-01,2020-07-01,1,True,['Complete'],['Bret Harte'],75.0,2025-09-21 09:11:53,Residential,True,1908.0
5600000,1,['3-Lump Speed Cushion'],1,2.0,2020-07-01,2020-07-01,1,True,['Complete'],['Bret Harte'],78.0,2025-09-21 09:11:53,Residential,True,1908.0
5606000,1,['3-Lump Speed Cushion'],1,2.0,2024-12-01,2024-12-01,1,True,['Complete'],['Sunnyside'],78.0,2025-09-14 09:11:53,Residential,True,287.0
5607000,1,[],0,,,,0,False,['Pending data collection and evaluation'],['Sunnyside'],82.0,2025-09-14 09:11:54,Residential,True,
5608000,1,['Speed Hump'],1,2.0,2025-12-01,2025-12-01,1,True,['Complete'],['Sunnyside'],79.0,2025-09-14 09:11:54,Residential,True,-78.0
5609000,1,['3-Lump Speed Cushion'],1,2.0,2022-04-01,2022-04-01,1,True,['Complete'],['Sunnyside'],83.0,2025-09-14 09:11:54,Residential,True,1262.0
5610000,1,['3-Lump Speed Cushion'],1,1.0,2025-12-01,2025-12-01,1,True,['Complete'],['Sunnyside'],80.0,2025-09-14 09:11:54,Residential,True,-78.0
5611000,1,['3-Lump Speed Cushion'],1,1.0,2025-12-01,2025-12-01,1,True,['Complete'],['Sunnyside'],60.0,2025-09-14 09:11:54,Residential,True,-78.0
5629000,1,['Speed Hump'],1,2.0,2025-12-01,2025-12-01,1,True,['Complete'],['Mission District'],79.0,2025-09-15 08:46:39,Residential,True,-77.0
5630000,1,['Speed Hump'],1,2.0,2023-11-01,2023-11-01,1,True,['Complete'],['Mission District'],89.0,2025-09-15 08:46:39,Residential,True,684.0
5639000,1,[],0,,,,0,False,['Pending data collection and evaluation'],['Sunnyside'],71.0,2025-09-14 09:11:54,Arterial,True,
5640000,1,['Speed Table'],1,1.0,2025-12-01,2025-12-01,1,True,['Complete'],['Sunnyside'],100.0,2025-07-23 14:44:00,Arterial,True,-131.0
5646000,1,[],0,,,,0,False,['Pending design review and approval'],['Miraloma Park'],100.0,2025-10-29 15:17:46,Residential,True,
5695000,1,['5-Lump Speed Cushion'],1,2.0,2023-06-01,2023-06-01,1,True,['Complete'],['Mission District'],67.0,2025-09-15 08:46:40,Arterial,True,837.0
5696000,1,['5-Lump Speed Cushion'],1,2.0,2023-06-01,2023-06-01,1,True,['Complete'],['Mission District'],74.0,2025-09-15 08:46:40,Arterial,True,837.0
5709000,1,['3-Lump Speed Cushion'],1,1.0,2023-11-01,2023-11-01,1,True,['Complete'],['Bernal Heights'],83.0,2025-09-15 08:46:40,Residential,True,684.0
5710000,1,['3-Lump Speed Cushion'],1,1.0,,,0,False,['Pending construction'],['Bernal Heights'],76.0,2025-09-15 08:46:40,Residential,True,
5712000,1,[],0,,,,0,False,['Pending data collection and evaluation'],['Bernal Heights'],67.0,2025-09-15 08:46:40,Residential,True,
5713000,1,[],0,,,,0,False,['Pending data collection and evaluation'],['Bernal Heights'],66.0,2025-09-15 08:46:41,Residential,True,
5714000,1,[],0,,,,0,False,['Pending data collection and evaluation'],['Bernal Heights'],87.0,2025-09-15 08:46:41,Residential,True,
5760000,1,['Speed Hump'],1,2.0,2021-03-01,2021-03-01,1,True,['Complete'],['North Beach'],74.0,2025-07-31 08:21:27,Residential,True,1613.0
5770000,1,['Speed Hump'],1,2.0,2020-06-01,2020-06-01,1,True,['Complete'],['Russian Hill'],74.0,2025-09-15 08:46:41,Residential,True,1932.0
5775000,1,['Speed Hump'],1,1.0,2016-06-01,2016-06-01,1,True,['Complete'],['Marina'],82.0,2025-09-15 08:46:41,Residential,True,3393.0
5788000,1,[],0,,,,0,False,['Pending data collection and evaluation'],['Bernal Heights'],71.0,2008-10-29 13:59:26,,True,
5790000,1,['Speed Hump'],1,2.0,2024-06-01,2024-06-01,1,True,['Complete'],['Lower Nob Hill'],85.0,2025-08-05 08:21:27,Residential,True,430.0
5848000,1,[],0,,,,0,False,['Pending data collection and evaluation'],['Ashbury Heights'],69.0,2025-08-28 08:21:28,Residential,True,
5853000,1,['3-Lump Speed Cushion'],1,1.0,2021-03-01,2021-03-01,1,True,['Complete'],['Cole Valley'],100.0,2024-02-26 08:47:07,Collector,True,1092.0
5855000,1,['Speed Table'],1,2.0,2020-12-01,2020-12-01,1,True,['Complete'],['Parnassus Heights'],61.0,2025-08-17 08:21:28,Collector,True,1720.0
5959000,1,['Speed Hump'],1,1.0,2017-12-01,2017-12-01,1,True,['Complete'],['Inner Richmond'],91.0,2025-08-17 08:21:35,Collector,True,2816.0
5960000,1,['Speed Hump'],1,2.0,,,1,True,['Complete'],['Inner Richmond'],100.0,2024-01-22 13:43:49,Collector,True,
5965000,1,['3-Lump Speed Cushion'],1,2.0,2022-03-01,2022-03-01,1,True,['Complete'],['Inner Sunset'],76.0,2025-09-05 09:11:55,Residential,True,1284.0
5966000,1,['Speed Hump'],1,2.0,2015-04-01,2015-04-01,1,True,['Complete'],['Inner Sunset'],90.0,2024-09-01 07:46:38,Residential,True,3441.0
5967000,1,['3-Lump Speed Cushion'],1,2.0,2025-12-01,2025-12-01,1,True,['Complete'],['Inner Sunset'],79.0,2025-09-05 09:11:56,Residential,True,-87.0
6009000,1,['5-Lump Speed Cushion'],1,1.0,2014-01-01,2014-01-01,1,True,['Complete'],['Merced Heights'],86.0,2025-09-15 08:46:45,Residential,True,4275.0
6012000,1,['5-Lump Speed Cushion'],1,1.0,2014-01-01,2014-01-01,1,True,['Complete'],['Merced Heights'],82.0,2025-09-15 08:46:45,Residential,True,4275.0
6014000,1,['5-Lump Speed Cushion'],1,1.0,2014-01-01,2014-01-01,1,True,['Complete'],['Merced Heights'],83.0,2025-09-15 08:46:45,Residential,True,4275.0
6033000,1,['Speed Hump'],1,2.0,2015-07-01,2015-07-01,1,True,['Complete'],['Portola'],83.0,2025-09-15 08:46:45,Residential,True,3729.0
6036000,1,['Speed Hump'],1,2.0,2018-05-01,2018-05-01,1,True,['Complete'],['Miraloma Park'],75.0,2025-09-18 09:11:57,Residential,True,2697.0
6124000,1,['3-Lump Speed Cushion'],1,2.0,,,0,False,['Pending construction'],"[""St. Mary's Park""]",53.0,2025-09-15 08:46:48,Collector,True,
6184000,1,[],0,,,,0,False,['Pending design review and approval'],['Candlestick Point'],47.0,2025-09-21 09:10:25,Arterial,True,
6185000,1,[],0,,,,0,False,['Pending design review and approval'],['Candlestick Point'],60.0,2009-08-10 15:43:09,,True,
6187000,1,['4-Lump Speed Cushion'],1,2.0,2023-07-01,2023-07-01,1,True,['Complete'],['Bret Harte'],34.0,2025-09-21 09:11:58,Arterial,True,813.0
6188000,3,['5-Lump Speed Cushion'],1,2.0,2021-02-01,2021-03-01,1,True,"['Complete', 'Pending construction', 'Pending design review and approval']",['Bret Harte'],17.0,2025-09-21 09:11:58,Arterial,True,1693.0
6189000,1,['5-Lump Speed Cushion'],1,2.0,2023-07-01,2023-07-01,1,True,['Complete'],['Bret Harte'],13.0,2025-09-21 09:11:58,Arterial,True,813.0
6190000,1,['5-Lump Speed Cushion'],1,2.0,2023-07-01,2023-07-01,1,True,['Complete'],['Bret Harte'],16.0,2025-09-21 09:11:58,Arterial,True,813.0
6191000,1,['5-Lump Speed Cushion'],1,2.0,2023-07-01,2023-07-01,1,True,['Complete'],['Bret Harte'],14.0,2025-09-21 09:11:58,Arterial,True,813.0
6198000,1,['3-Lump Speed Cushion'],1,1.0,,,0,False,['Pending construction'],['Portola'],71.0,2025-09-15 08:46:50,Residential,True,
6203000,1,['3-Lump Speed Cushion'],1,1.0,,,0,False,['Pending construction'],['Portola'],68.0,2025-09-15 08:46:50,Residential,True,
6212000,1,[],0,,,,0,False,['Pending data collection and evaluation'],['Mission Terrace'],58.0,2025-09-15 08:46:50,Residential,True,
6214000,1,[],0,,,,0,False,[],['Mission Terrace'],93.0,2025-09-15 08:46:50,Residential,True,
6215000,1,[],0,,,,0,False,['Pending data collection and evaluation'],['Mission Terrace'],87.0,2025-09-15 08:46:50,Residential,True,
6276000,1,['3-Lump Speed Cushion'],1,1.0,2026-04-01,2026-04-01,1,True,['Complete'],['Western Addition'],55.0,2025-08-17 08:21:43,Arterial,True,-227.0
6279000,1,['Speed Hump'],1,2.0,2021-02-01,2021-02-01,1,True,['Complete'],['Western Addition'],83.0,2025-09-15 08:46:51,Arterial,True,1687.0
6280000,1,['3-Lump Speed Cushion'],1,1.0,2022-10-01,2022-10-01,1,True,['Complete'],['Western Addition'],57.0,2025-09-15 08:46:51,Arterial,True,1080.0
6360000,1,['Speed Cushion'],1,1.0,,,0,False,['Pending design review and approval'],['Ingleside'],73.0,2025-09-15 08:46:52,Residential,True,
6363000,1,['Speed Cushion'],1,1.0,,,0,False,[],['Ingleside'],80.0,2025-09-15 08:46:52,Residential,True,
6364000,1,[],0,,,,0,False,[],['Ingleside'],79.0,2025-09-15 08:46:52,Residential,True,
6421000,1,['Speed Hump'],1,2.0,2023-12-01,2023-12-01,1,True,['Complete'],['Laguna Honda'],49.0,2025-09-05 09:12:00,Residential,True,644.0
6422000,1,['Speed Hump'],1,2.0,2022-01-01,2022-01-01,1,True,['Complete'],['Laguna Honda'],48.0,2025-09-05 09:12:00,Residential,True,1343.0
6469000,1,['Speed Hump'],1,1.0,2024-08-01,2024-08-01,1,True,['Complete'],['Pacific Heights'],86.0,2025-09-15 08:46:53,Residential,True,410.0
6470000,1,['3-Lump Speed Cushion'],1,1.0,2025-12-01,2025-12-01,1,True,['Complete'],['Pacific Heights'],88.0,2025-09-15 08:46:53,Residential,True,-77.0
6546000,1,['Speed Hump'],1,1.0,,,1,True,['Complete'],['Bret Harte'],,,,False,
6561000,1,['Speed Hump'],1,2.0,2021-10-01,2021-10-01,1,True,['Complete'],['Hayes Valley'],83.0,2025-07-10 08:21:48,Residential,True,1378.0
6592000,1,['Speed Hump'],1,1.0,2022-03-01,2022-03-01,1,True,['Complete'],['Crocker Amazon'],60.0,2025-09-15 08:46:55,Residential,True,1294.0
6593000,1,['Speed Hump'],1,1.0,2022-03-01,2022-03-01,1,True,['Complete'],['Crocker Amazon'],73.0,2025-09-15 08:46:55,Residential,True,1294.0
6643000,1,['Speed Hump'],1,1.0,,,1,True,['Complete'],['Visitacion Valley'],33.0,2025-09-25 09:12:02,Residential,True,
6652000,1,['Speed Hump'],1,1.0,2021-03-01,2021-03-01,1,True,['Complete'],['Mission District'],94.0,2025-09-15 08:46:55,Residential,True,1659.0
6653000,1,['Speed Hump'],1,2.0,2018-11-01,2018-11-01,1,True,['Complete'],['Mission District'],88.0,2025-09-15 08:46:56,Residential,True,2510.0
6655000,1,['3-Lump Speed Cushion'],1,2.0,2023-11-01,2023-11-01,1,True,['Complete'],['Mission District'],85.0,2025-09-15 08:46:56,Residential,True,684.0
6656000,1,['3-Lump Speed Cushion'],1,2.0,2026-03-01,2026-03-01,1,True,['Complete'],['Mission District'],91.0,2025-09-15 08:46:56,Residential,True,-167.0
6658000,1,['3-Lump Speed Cushion'],1,2.0,2016-12-01,2016-12-01,1,True,['Complete'],['Inner Mission'],93.0,2025-09-15 08:46:56,Residential,True,3210.0
6659000,1,['3-Lump Speed Cushion'],1,1.0,2016-12-01,2016-12-01,1,True,['Complete'],['Inner Mission'],91.0,2025-09-15 08:46:56,Residential,True,3210.0
6661000,1,['Speed Table'],1,2.0,2022-02-01,2022-02-01,1,True,['Complete'],['Dolores Heights'],87.0,2025-09-21 09:12:02,Residential,True,1328.0
6662000,1,['Speed Table'],1,2.0,2022-02-01,2022-02-01,1,True,['Complete'],['Dolores Heights'],86.0,2025-09-21 09:12:02,Residential,True,1328.0
6664000,1,[],0,,,,0,False,['Pending design review and approval'],['Crocker Amazon'],67.0,2025-09-15 08:46:56,Residential,True,
6665000,1,[],0,,,,0,False,['Pending design review and approval'],['Crocker Amazon'],93.0,2025-09-15 08:46:56,Residential,True,
6668000,1,[],0,,,,0,False,['Pending design review and approval'],['Crocker Amazon'],89.0,2025-09-15 08:46:56,Residential,True,
6671000,1,['3-Lump Speed Cushion'],1,4.0,2022-08-01,2022-08-01,1,True,['Complete'],['Hunters Point'],69.0,2025-09-30 09:12:02,Residential,True,1156.0
6672000,1,['3-Lump Speed Cushion'],1,2.0,2023-02-01,2023-02-01,0,False,['Pending construction'],['Bayview District'],72.0,2025-09-30 09:12:02,Residential,True,972.0
6682000,1,['Speed Hump'],1,2.0,,,1,True,['Complete'],['Visitacion Valley'],84.0,2025-09-23 09:12:02,Residential,True,
6683000,1,['Speed Hump'],1,1.0,,,1,True,['Complete'],['Visitacion Valley'],71.0,2025-09-23 09:12:02,Residential,True,
6684000,1,['Speed Hump'],1,1.0,,,1,True,['Complete'],['Visitacion Valley'],69.0,2025-09-23 09:12:02,Residential,True,
6696000,1,['3-Lump Speed Cushion'],1,2.0,2025-12-01,2025-12-01,1,True,['Complete'],['Ingleside'],76.0,2025-09-15 08:46:56,Collector,True,-77.0
6700000,1,['3-Lump Speed Cushion'],1,2.0,2023-08-01,2023-08-01,1,True,['Complete'],['South of Market'],85.0,2025-07-31 08:21:50,Residential,True,730.0
6767000,1,['3-Lump Speed Cushion'],1,2.0,,,0,False,['Pending construction'],['Castro'],78.0,2025-09-21 09:12:02,Residential,True,
6768000,1,['3-Lump Speed Cushion'],1,2.0,,,0,False,['Pending construction'],['Eureka Valley'],74.0,2025-09-21 09:12:03,Residential,True,
6778000,1,['3-Lump Speed Cushion'],1,2.0,2022-04-01,2022-04-01,1,True,['Complete'],['Mission Terrace'],68.0,2025-09-15 08:46:57,Residential,True,1263.0
6810000,1,['3-Lump Speed Cushion'],1,2.0,,,0,False,['Pending design review and approval'],['South of Market'],88.0,2025-08-17 08:21:52,Collector,True,
6837000,1,['Speed Table'],1,1.0,2026-01-01,2026-01-01,1,True,['Complete'],['Westwood Park'],100.0,2025-10-29 15:17:46,Residential,True,-64.0
6838000,1,['Speed Table'],1,1.0,2025-12-01,2025-12-01,1,True,['Complete'],['Westwood Park'],100.0,2025-10-29 15:17:46,Residential,True,-33.0
6839000,1,['3-Lump Speed Cushion'],1,1.0,,,0,False,['Pending construction'],['Westwood Park'],100.0,2025-10-29 15:17:46,Residential,True,
6840000,1,[],0,,,,0,False,['Pending data collection and evaluation'],['Westwood Park'],80.0,2025-12-31 08:01:46,Residential,True,
6844000,1,['Speed Hump'],1,1.0,2022-01-01,2022-01-01,1,True,['Complete'],['Westwood Highlands'],68.0,2025-09-18 09:12:03,Residential,True,1356.0
6845000,1,['Speed Hump'],1,1.0,2022-05-01,2022-05-01,1,True,['Complete'],['Westwood Highlands'],81.0,2025-09-18 09:12:03,Residential,True,1236.0
6863000,1,['Speed Table'],1,2.0,2024-12-01,2024-12-01,1,True,['Complete'],['Sunnyside'],82.0,2025-09-14 09:12:03,Residential,True,287.0
6864000,1,['Speed Table'],1,2.0,2025-01-01,2025-01-01,1,True,['Complete'],['Sunnyside'],83.0,2025-09-14 09:12:03,Residential,True,256.0
6865000,1,['Speed Hump'],1,2.0,2023-03-01,2023-03-01,1,True,['Complete'],['Sunnyside'],83.0,2025-09-14 09:12:03,Residential,True,928.0
6866000,1,['Speed Hump'],1,1.0,,,1,True,['Complete'],['Sunnyside'],84.0,2025-09-14 09:12:03,Residential,True,
6891000,1,['Speed Hump'],1,1.0,2014-01-01,2014-01-01,1,True,['Complete'],['Forest Hills Extension'],81.0,2025-09-05 09:12:03,Residential,True,4265.0
6894000,1,['Speed Hump'],1,1.0,2020-06-01,2020-06-01,1,True,['Complete'],['Little Hollywood'],,,,False,
6894003,1,['Speed Hump'],1,1.0,,,1,True,['Complete'],['Little Hollywood'],58.0,2008-10-29 13:59:26,,True,
6894004,1,['Speed Hump'],1,1.0,2020-06-01,2020-06-01,1,True,['Complete'],['Little Hollywood'],58.0,2008-10-29 13:59:26,,True,-4233.0
6895000,1,['Speed Hump'],1,1.0,2020-06-01,2020-06-01,1,True,['Complete'],['Little Hollywood'],77.0,2025-09-22 09:10:25,Residential,True,1939.0
6899000,1,['Raised Crosswalk'],1,1.0,2021-04-01,2021-04-01,1,True,['Complete'],['Civic Center'],85.0,2025-07-16 08:21:54,Residential,True,1567.0
6914000,1,[],0,,,,0,False,['Pending data collection and evaluation'],['Parkmerced'],14.0,2025-09-08 09:12:04,Residential,True,
6918000,1,[],0,,,,0,False,['Pending data collection and evaluation'],['Parkmerced'],19.0,2025-09-08 09:12:04,Residential,True,
6935000,1,['Speed Hump'],1,1.0,2005-04-01,2005-04-01,1,True,['Complete'],['Inner Mission'],53.0,2025-09-15 08:46:58,Residential,True,7472.0
6961000,1,['Speed Hump'],1,2.0,2017-12-01,2017-12-01,1,True,['Complete'],['Bret Harte'],84.0,2024-09-01 11:51:17,Residential,True,2466.0
6962000,1,['Speed Hump'],1,2.0,2017-05-01,2017-05-01,1,True,['Complete'],['Bret Harte'],80.0,2024-09-01 11:51:17,Residential,True,2680.0
6965000,1,[],0,,,,0,False,['Pending data collection and evaluation'],['Ingleside'],86.0,2025-09-15 08:46:58,Collector,True,
6974000,1,['Speed Hump'],1,1.0,2013-06-01,2013-06-01,1,True,['Complete'],['Merced Heights'],87.0,2025-09-17 09:12:04,Collector,True,4491.0
6978000,1,['Speed Hump'],1,1.0,2014-01-01,2014-01-01,1,True,['Complete'],['Merced Heights'],78.0,2025-09-17 09:12:04,Collector,True,4277.0
6980000,1,['Speed Hump'],1,1.0,2013-06-01,2013-06-01,1,True,['Complete'],['Merced Heights'],67.0,2025-09-17 09:12:04,Collector,True,4491.0
6985000,1,['Speed Hump'],1,1.0,2013-06-01,2013-06-01,1,True,['Complete'],['Merced Heights'],72.0,2025-09-17 09:12:05,Collector,True,4491.0
6988000,1,['Speed Hump'],1,1.0,2013-06-01,2013-06-01,1,True,['Complete'],['Merced Heights'],74.0,2025-09-17 09:12:05,Collector,True,4491.0
7001000,1,['Speed Bump'],1,0.0,,,1,True,['Complete'],['Bernal Heights South'],63.0,2025-09-15 08:46:59,Residential,True,
7002000,1,['Speed Bump'],1,1.0,,,1,True,['Complete'],['Bernal Heights South'],46.0,2025-09-15 08:46:59,Residential,True,
7003000,1,['Speed Bump'],1,1.0,,,1,True,['Complete'],['Bernal Heights South'],52.0,2025-09-15 08:46:59,Residential,True,
7006000,1,['Speed Bump'],1,1.0,,,1,True,['Complete'],['Bernal Heights South'],94.0,2025-09-15 08:46:59,Residential,True,
7007000,1,['Speed Bump'],1,1.0,,,1,True,['Complete'],['Bernal Heights South'],62.0,2025-09-15 08:46:59,Residential,True,
7019000,1,['Speed Hump'],1,2.0,2021-01-01,2021-01-01,1,True,['Complete'],['Noe Valley'],82.0,2025-09-25 09:12:05,Residential,True,1728.0
7039001,1,['Raised Crosswalk'],1,1.0,2019-07-01,2019-07-01,1,True,['Complete'],['South of Market'],80.0,2025-08-17 08:22:05,Arterial,True,2239.0
7061000,1,['3-Lump Speed Cushion'],1,2.0,2023-08-01,2023-08-01,1,True,['Complete'],['Oceanview'],84.0,2025-09-15 08:47:00,Residential,True,776.0
7070000,1,['Channelization'],1,0.0,2008-01-01,2008-01-01,1,True,['Complete'],['Bayview District'],67.0,2025-09-30 09:12:05,Collector,True,6482.0
7071001,1,['Channelization'],1,0.0,2008-01-01,2008-01-01,1,True,['Complete'],['Bayview District'],56.0,2025-09-30 09:12:06,Collector,True,6482.0
7071002,1,['Channelization'],1,0.0,2008-01-01,2008-01-01,1,True,['Complete'],['Bayview District'],66.0,2025-09-30 09:12:19,Collector,True,6482.0
7072000,1,['Channelization'],1,0.0,2008-01-01,2008-01-01,1,True,['Complete'],['Bayview District'],80.0,2025-09-30 09:12:06,Collector,True,6482.0
7073000,1,['Channelization'],1,0.0,2008-01-01,2008-01-01,1,True,['Complete'],['Bayview District'],63.0,2025-09-30 09:12:06,Collector,True,6482.0
7074000,1,['Channelization'],1,0.0,2008-01-01,2008-01-01,1,True,['Complete'],['Bayview District'],61.0,2025-09-30 09:12:06,Collector,True,6482.0
7077000,1,['5-Lump Speed Cushion'],1,3.0,2019-08-01,2019-08-01,1,True,['Complete'],['Bayview District'],66.0,2025-09-30 09:12:06,Collector,True,2252.0
7078000,1,['Speed Table'],1,2.0,2017-10-01,2017-10-01,1,True,['Complete'],['Bayview District'],66.0,2025-09-30 09:12:06,Collector,True,2921.0
7087000,1,['Speed Hump'],1,1.0,2026-04-01,2026-04-01,1,True,['Complete'],['Inner Sunset'],100.0,2025-10-29 15:17:46,Residential,True,-154.0
7158201,1,['Speed Hump'],1,2.0,2022-04-01,2022-04-01,1,True,['Complete'],['Laguna Honda'],76.0,2025-09-05 09:12:06,Residential,True,1253.0
7194000,1,['3-Lump Speed Cushion'],1,2.0,2023-08-01,2023-08-01,1,True,['Complete'],['Dogpatch'],85.0,2025-09-24 09:12:07,Collector,True,785.0
7195000,1,['3-Lump Speed Cushion'],1,3.0,2026-03-01,2026-03-01,1,True,['Complete'],['Dogpatch'],65.0,2025-09-24 09:12:07,Collector,True,-158.0
7196000,1,['Speed Table'],1,2.0,,,0,False,['Pending construction'],[],91.0,2024-09-01 07:46:48,Collector,True,
7198000,1,['Speed Table'],1,3.0,2021-01-01,2021-01-01,1,True,['Complete'],['Outer Richmond'],80.0,2024-09-01 07:46:48,Collector,True,1339.0
7216000,1,['4-Lump Speed Cushion'],1,1.0,2023-08-01,2023-08-01,1,True,['Complete'],['Bayview District'],81.0,2025-09-22 09:12:07,Arterial,True,783.0
7231000,1,[],0,,,,0,False,['Pending design review and approval'],['Bayview District'],72.0,2025-09-23 09:12:08,Arterial,True,
7232000,1,[],0,,,,0,False,['Pending design review and approval'],['Bayview District'],71.0,2025-09-23 09:12:08,Arterial,True,
7233000,1,[],0,,,,0,False,['Pending design review and approval'],['Bayview District'],71.0,2025-09-23 09:12:08,Arterial,True,
7234000,1,[],0,,,,0,False,['Pending design review and approval'],['Bayview District'],72.0,2025-09-23 09:12:08,Arterial,True,
7245000,1,['4-Lump Speed Cushion'],1,1.0,,,1,True,['Complete'],['Bayview Heights'],51.0,2025-09-21 09:12:08,Residential,True,
7247000,1,['5-Lump Speed Cushion'],1,2.0,,,1,True,['Complete'],['Bayview Heights'],90.0,2024-09-01 11:51:17,Residential,True,
7248000,1,['5-Lump Speed Cushion'],1,1.0,,,1,True,['Complete'],['Bayview Heights'],87.0,2024-09-01 11:51:17,Residential,True,
7249000,1,['Speed Hump'],1,1.0,2017-06-01,2017-06-01,1,True,['Complete'],['Bret Harte'],79.0,2025-09-21 09:12:08,Residential,True,3034.0
7250000,1,['Speed Hump'],1,1.0,2017-06-01,2017-06-01,1,True,['Complete'],['Bret Harte'],77.0,2025-09-21 09:12:08,Residential,True,3034.0
7251000,1,['3-Lump Speed Cushion'],1,2.0,2023-07-01,2023-07-01,1,True,['Complete'],['Bret Harte'],79.0,2025-09-21 09:12:08,Residential,True,813.0
7253000,1,[],0,,,,0,False,['Pending data collection and evaluation'],['Bayview District'],73.0,2025-09-22 09:12:08,Arterial,True,
7254000,1,[],0,,,,0,False,['Pending data collection and evaluation'],['Bayview District'],100.0,2025-03-20 13:37:13,Arterial,True,
7255000,1,[],0,,,,0,False,['Pending data collection and evaluation'],['Bayview District'],100.0,2025-03-20 13:38:49,Arterial,True,
7325000,1,['3-Lump Speed Cushion'],1,1.0,2021-04-01,2021-04-01,1,True,['Complete'],['Outer Sunset'],83.0,2025-09-01 09:12:10,Residential,True,1614.0
7326000,1,['3-Lump Speed Cushion'],1,1.0,2021-04-01,2021-04-01,1,True,['Complete'],['Outer Sunset'],83.0,2025-09-01 09:12:10,Residential,True,1614.0
7344000,1,['Speed Cushion'],1,1.0,,,0,False,[],['Excelsior'],87.0,2025-09-15 08:47:01,Residential,True,
7349000,1,['Speed Hump'],1,1.0,2015-07-01,2015-07-01,1,True,['Complete'],['Van Ness - Civic Center'],83.0,2025-07-16 08:21:58,Residential,True,3668.0
7407000,1,['5-Lump Speed Cushion'],1,1.0,2024-08-01,2024-08-01,1,True,['Complete'],['Pacific Heights'],60.0,2025-09-15 08:47:01,Collector,True,410.0
7431000,1,['Speed Hump'],1,1.0,2018-12-01,2018-12-01,1,True,['Complete'],['Bret Harte'],55.0,2025-09-21 09:12:10,Collector,True,2486.0
7432000,1,['Speed Hump'],1,2.0,2018-12-01,2018-12-01,1,True,['Complete'],['Bret Harte'],73.0,2024-09-01 07:46:51,Collector,True,2101.0
7441000,1,['3-Lump Speed Cushion'],1,1.0,2026-05-01,2026-05-01,1,True,['Complete'],['Bernal Heights'],80.0,2025-09-15 08:47:02,Residential,True,-228.0
7479000,1,[],0,,,,0,False,['Pending data collection and evaluation'],['Bayview'],88.0,2025-09-04 16:20:04,Residential,True,
7480000,1,[],0,,,,0,False,['Pending data collection and evaluation'],['Bayview'],64.0,2024-09-01 11:51:17,Residential,True,
7481000,1,[],0,,,,0,False,['Pending data collection and evaluation'],['Bayview'],63.0,2025-09-23 09:12:11,Residential,True,
7482000,1,[],0,,,,0,False,['Pending data collection and evaluation'],['Bayview'],100.0,2025-07-23 14:44:00,Residential,True,
7485000,1,[],0,,,,0,False,['Pending data collection and evaluation'],['Bret Harte'],68.0,2025-09-23 09:10:26,Residential,True,
7489000,1,[],0,,,,0,False,['Pending data collection and evaluation'],['Bret Harte'],100.0,2024-09-03 12:55:29,Residential,True,
7490000,1,[],0,,,,0,False,[],['Bret Harte'],100.0,2024-09-03 12:55:29,Residential,True,
7491000,1,[],0,,,,0,False,['Pending data collection and evaluation'],['Bret Harte'],39.0,2025-09-21 09:12:11,Residential,True,
7495000,1,['Speed Hump'],1,1.0,,,1,True,['Complete'],['Hunters Point'],67.0,2025-09-30 09:12:11,Residential,True,
7498000,1,['Road Diet'],1,1.0,2014-01-01,2014-01-01,1,True,['Complete'],['Bayview District'],33.0,2020-10-29 14:08:27,Collector,True,2493.0
7501000,1,[],0,,,,0,False,[],['Produce Market'],70.0,2025-09-29 09:12:11,Collector,True,
7512000,1,[],0,,,,0,False,['Pending data collection and evaluation'],['Noe Valley'],78.0,2025-09-29 09:12:11,Residential,True,
7513000,1,['Speed Hump'],1,2.0,2022-04-01,2022-04-01,1,True,['Complete'],['Noe Valley'],55.0,2025-09-29 09:12:11,Residential,True,1277.0
7514000,1,['Speed Hump'],1,2.0,2021-04-01,2021-04-01,1,True,['Complete'],['Noe Valley'],73.0,2025-09-29 09:12:11,Residential,True,1642.0
7525000,1,['Speed Hump'],1,1.0,2017-07-01,2017-07-01,1,True,['Complete'],['South of Market'],94.0,2025-07-23 14:44:00,Residential,True,2944.0
7535000,1,['Raised Crosswalk'],1,1.0,2019-10-01,2019-10-01,1,True,['Complete'],['Golden Gate Park'],100.0,2008-10-29 13:59:26,,True,-3989.0
7539000,1,['Raised Crosswalk'],1,1.0,2018-07-01,2018-07-01,1,True,['Complete'],['Golden Gate Park'],100.0,2008-10-29 13:59:26,,True,-3532.0
7541000,1,['Speed Hump'],1,3.0,2016-12-01,2016-12-01,1,True,['Complete'],['Golden Gate Park'],36.0,2008-10-29 13:59:26,,True,-2955.0
7542000,1,['Speed Hump'],1,1.0,2016-12-01,2016-12-01,1,True,['Complete'],['Golden Gate Park'],44.0,2008-10-29 13:59:26,,True,-2955.0
7544000,1,['Speed Hump'],1,2.0,2016-12-01,2016-12-01,1,True,['Complete'],['Golden Gate Park'],45.0,2008-10-29 13:59:26,,True,-2955.0
7545000,1,['Speed Hump'],1,1.0,2016-12-01,2016-12-01,1,True,['Complete'],['Golden Gate Park'],61.0,2008-10-29 13:59:26,,True,-2955.0
7546000,1,['Raised Crosswalk'],1,1.0,2016-12-01,2016-12-01,1,True,['Complete'],['Golden Gate Park'],45.0,2008-10-29 13:59:26,,True,-2955.0
7547000,1,['Speed Hump'],1,1.0,2016-12-01,2016-12-01,1,True,['Complete'],['Golden Gate Park'],45.0,2008-10-29 13:59:26,,True,-2955.0
7549000,1,['Speed Hump'],1,1.0,2016-12-01,2016-12-01,1,True,['Complete'],['Golden Gate Park'],46.0,2008-10-29 13:59:26,,True,-2955.0
7550000,1,['Raised Crosswalk'],1,1.0,2018-04-01,2018-04-01,1,True,['Complete'],['McLaren Park'],,,,False,
7551000,1,['Raised Crosswalk'],1,2.0,2018-04-01,2018-04-01,1,True,['Complete'],['McLaren Park'],,,,False,
7561000,1,['Speed Hump'],1,1.0,2022-05-01,2022-05-01,1,True,['Complete'],['Nob Hill'],91.0,2025-08-06 08:22:00,Residential,True,1193.0
7588000,1,[],0,,,,0,False,['Pending data collection and evaluation'],['Russian Hill'],66.0,2025-08-18 08:22:01,Residential,True,
7594000,1,['3-Lump Speed Cushion'],1,1.0,2026-03-01,2026-03-01,1,True,['Complete'],['Russian Hill'],100.0,2026-05-15 11:07:02,Residential,True,75.0
7606000,1,[],0,,,,0,False,['Pending data collection and evaluation'],['Sunnyside'],66.0,2025-09-16 09:12:12,Residential,True,
7607000,1,['3-Lump Speed Cushion'],1,2.0,2023-09-01,2023-09-01,1,True,['Complete'],['Sunnyside'],75.0,2025-09-16 09:12:12,Residential,True,746.0
7608000,1,['Speed Hump'],1,2.0,2018-12-01,2018-12-01,1,True,['Complete'],['Sunnyside'],83.0,2025-09-16 09:12:12,Residential,True,2481.0
7609000,1,['3-Lump Speed Cushion'],1,2.0,2022-04-01,2022-04-01,1,True,['Complete'],['Sunnyside'],70.0,2025-09-16 09:12:12,Residential,True,1264.0
7610000,1,['Speed Hump'],1,2.0,2021-01-01,2021-01-01,1,True,['Complete'],['Sunnyside'],77.0,2025-09-16 09:12:12,Residential,True,1719.0
7612000,1,['Speed Hump'],1,1.0,,,1,True,['Complete'],['Sunnyside'],85.0,2025-09-16 09:12:12,Residential,True,
7614000,1,['3-Lump Speed Cushion'],1,2.0,2022-03-01,2022-03-01,1,True,['Complete'],['Sunnyside'],95.0,2025-09-16 09:12:12,Residential,True,1295.0
7616000,1,['Speed Hump'],1,2.0,2016-09-01,2016-09-01,1,True,['Complete'],['Jordan Park - Laurel Heights'],76.0,2025-09-15 08:47:02,Residential,True,3301.0
7617000,1,['Speed Hump'],1,1.0,,,1,True,['Complete'],['Jordan Park - Laurel Heights'],34.0,2025-09-15 08:47:02,Residential,True,
7634000,1,['Speed Hump'],1,2.0,,,1,True,['Complete'],['Miraloma Park'],89.0,2024-09-01 07:46:54,Residential,True,
7635000,1,['Speed Hump'],1,1.0,2021-09-01,2021-09-01,1,True,['Complete'],['Miraloma Park'],88.0,2024-09-01 07:46:54,Residential,True,1096.0
7636000,1,['Speed Hump'],1,2.0,2021-09-01,2021-09-01,1,True,['Complete'],['Miraloma Park'],87.0,2024-09-01 07:46:54,Residential,True,1096.0
7687000,1,['3-Lump Speed Cushion'],1,1.0,2021-04-01,2021-04-01,1,True,['Complete'],['Sunnyside'],82.0,2025-09-02 09:10:26,Residential,True,1615.0
7688000,1,['3-Lump Speed Cushion'],1,2.0,2021-04-01,2021-04-01,1,True,['Complete'],['Sunnyside'],86.0,2025-09-02 09:12:15,Residential,True,1615.0
7693000,1,['Speed Hump'],1,1.0,2022-04-01,2022-04-01,1,True,['Complete'],['Ingleside'],77.0,2025-09-15 08:47:03,Residential,True,1263.0
7728000,1,['3-Lump Speed Cushion'],1,1.0,2023-08-01,2023-08-01,1,True,['Complete'],['Potrero Hill'],85.0,2025-09-25 09:12:17,Residential,True,786.0
7737000,1,['5-Lump Speed Cushion'],1,1.0,2020-11-01,2020-11-01,1,True,['Complete'],['Potrero Hill'],92.0,2025-09-25 09:10:26,Residential,True,1789.0
7738000,1,['5-Lump Speed Cushion'],1,1.0,2020-11-01,2020-11-01,1,True,['Complete'],['Potrero Hill'],62.0,2025-09-25 09:10:26,Residential,True,1789.0
7739000,1,['5-Lump Speed Cushion'],1,1.0,2020-11-01,2020-11-01,1,True,['Complete'],['Potrero Hill'],66.0,2025-09-25 09:12:17,Residential,True,1789.0
7806001,1,['Speed Hump'],1,2.0,2014-01-01,2014-01-01,1,True,['Complete'],['West Portal'],71.0,2025-09-05 09:10:29,Residential,True,4265.0
7806002,1,['Speed Hump'],1,1.0,2014-01-01,2014-01-01,1,True,['Complete'],['West Portal'],74.0,2025-09-05 09:10:29,Residential,True,4265.0
7811000,1,[],0,,,,0,False,['Pending design review and approval'],['Mount Davidson Manor'],76.0,2024-09-01 07:46:59,Residential,True,
7824000,1,['Speed Hump'],1,2.0,2018-11-01,2018-11-01,1,True,['Complete'],['Mount Davidson Manor'],100.0,2025-07-23 14:44:00,Residential,True,2456.0
7838000,1,['Speed Bump'],1,1.0,,,1,True,['Complete'],['Inner Mission'],52.0,2025-09-15 08:47:03,Residential,True,
7872000,1,['Speed Hump'],1,1.0,2020-01-01,2020-01-01,1,True,['Complete'],['Outer Sunset'],82.0,2025-09-01 09:12:19,Residential,True,2070.0
7877000,1,['Speed Hump'],1,1.0,2022-02-01,2022-02-01,1,True,['Complete'],['Outer Sunset'],100.0,2025-05-21 14:14:12,Residential,True,1205.0
7891000,1,['3-Lump Speed Cushion'],1,2.0,2026-03-01,2026-03-01,1,True,['Complete'],['Hunters Point'],70.0,2025-10-06 09:12:19,Residential,True,-146.0
7892000,1,['Speed Bump'],1,1.0,,,1,True,['Complete'],['Bayview District'],81.0,2025-10-06 09:12:19,Residential,True,
7901000,1,['Speed Hump'],1,1.0,,,1,True,['Complete'],['Hunters Point'],77.0,2025-10-06 09:12:19,Residential,True,
7922000,1,['3-Lump Speed Cushion'],1,1.0,2021-04-01,2021-04-01,1,True,['Complete'],['Outer Sunset'],72.0,2025-09-01 09:12:19,Residential,True,1614.0
7923000,1,['3-Lump Speed Cushion'],1,1.0,2021-04-01,2021-04-01,1,True,['Complete'],['Outer Sunset'],79.0,2025-09-01 09:12:20,Residential,True,1614.0
7924000,1,['3-Lump Speed Cushion'],1,1.0,2021-04-01,2021-04-01,1,True,['Complete'],['Outer Sunset'],100.0,2024-03-25 13:32:00,Residential,True,1089.0
7931101,1,['Speed Table'],1,2.0,,,0,False,['Pending design review and approval'],['Bayview District'],,,,False,
7931202,1,['Speed Table'],1,1.0,,,0,False,['Pending design review and approval'],['Bayview District'],84.0,2025-09-30 09:12:20,Collector,True,
7932101,1,['Speed Table'],1,1.0,,,0,False,['Pending construction'],['Bayview District'],78.0,2025-09-22 09:12:20,Collector,True,
7932201,1,['Speed Table'],1,1.0,,,0,False,['Pending construction'],['Bayview District'],67.0,2025-09-30 09:12:20,Collector,True,
7933000,1,[],0,,,,0,False,['Pending data collection and evaluation'],['Bayview District'],78.0,2025-09-23 09:12:20,Collector,True,
7962000,1,[],0,,,,0,False,['Pending design review and approval'],['Western Addition'],92.0,2025-09-15 08:47:04,Collector,True,
7999000,1,['3-Lump Speed Cushion'],1,2.0,2023-10-01,2023-10-01,1,True,['Complete'],['Merced Manor'],85.0,2025-09-17 09:12:21,Residential,True,717.0
8000000,1,['3-Lump Speed Cushion'],1,2.0,2023-10-01,2023-10-01,1,True,['Complete'],['Merced Manor'],76.0,2025-09-17 09:12:21,Residential,True,717.0
8004000,1,[],0,,,,0,False,['Pending design review and approval'],['Fairmount'],94.0,2025-09-30 09:12:21,Residential,True,
8006000,1,['3-Lump Speed Cushion'],1,1.0,,,0,False,['Pending construction'],['Fairmount'],85.0,2025-09-29 09:10:29,Residential,True,
8010000,1,['3-Lump Speed Cushion'],1,1.0,2022-09-01,2022-09-01,1,True,['Complete'],['Presidio Terrace'],81.0,2025-08-17 08:22:05,Collector,True,1081.0
8018000,1,[],0,,,,0,False,['Pending data collection and evaluation'],['Presidio Terrace'],91.0,2025-08-17 08:22:06,Collector,True,
8020000,1,['3-Lump Speed Cushion'],1,1.0,2022-09-01,2022-09-01,1,True,['Complete'],['Presidio Terrace'],100.0,2024-01-22 13:44:29,Collector,True,508.0
8023000,1,['3-Lump Speed Cushion'],1,1.0,2022-09-01,2022-09-01,1,True,['Complete'],['Lake'],67.0,2025-08-12 08:22:06,Residential,True,1076.0
8026000,1,[],0,,,,0,False,['Pending data collection and evaluation'],['Lake'],100.0,2025-09-15 15:09:57,Residential,True,
8027000,1,[],0,,,,0,False,['Pending data collection and evaluation'],['Lake'],100.0,2025-09-15 15:09:58,Residential,True,
8028000,1,[],0,,,,0,False,['Pending data collection and evaluation'],['Lake'],61.0,2025-08-12 08:22:06,Residential,True,
8033000,1,['Speed Table'],1,1.0,2020-01-01,2020-01-01,1,True,['Complete'],['Lake'],63.0,2025-08-12 08:22:06,Residential,True,2050.0
8034000,1,['Speed Table'],1,1.0,2020-01-01,2020-01-01,1,True,['Complete'],['Lake'],71.0,2025-08-12 08:22:06,Residential,True,2050.0
8061000,1,['3-Lump Speed Cushion'],1,1.0,2022-04-01,2022-04-01,1,True,['Complete'],['Oceanview'],77.0,2025-09-15 08:47:04,Residential,True,1263.0
8062000,2,['3-Lump Speed Cushion'],1,2.0,2022-04-01,2022-04-01,2,True,['Complete'],['Oceanview'],50.0,2025-09-15 08:47:04,Residential,True,1263.0
8064000,1,['3-Lump Speed Cushion'],1,1.0,2022-04-01,2022-04-01,1,True,['Complete'],['Oceanview'],69.0,2025-09-15 08:47:04,Residential,True,1263.0
8069000,1,['3-Lump Speed Cushion'],1,1.0,2026-01-01,2026-01-01,1,True,['Complete'],['Oceanview'],84.0,2025-09-15 08:47:05,Residential,True,-108.0
8081000,1,['Speed Hump'],1,2.0,,,1,True,['Complete'],['Mission Dolores'],74.0,2025-09-21 09:12:24,Residential,True,
8118000,1,['Speed Hump'],1,0.0,,,1,True,['Complete'],['Van Ness - Civic Center'],61.0,2025-09-15 08:47:05,Residential,True,
8166000,1,['Speed Hump'],1,1.0,2014-01-01,2014-01-01,1,True,['Complete'],['Bayview District'],100.0,2025-01-31 11:16:38,Residential,True,4048.0
8175000,1,['Speed Hump'],1,2.0,2016-09-01,2016-09-01,1,True,['Complete'],['Jordan Park - Laurel Heights'],82.0,2025-09-15 08:47:06,Residential,True,3301.0
8191000,1,['5-Lump Speed Cushion'],1,1.0,2022-03-01,2022-03-01,1,True,['Complete'],['Inner Sunset'],88.0,2025-09-05 09:12:25,Collector,True,1284.0
8209000,1,['3-Lump Speed Cushion'],1,1.0,2025-05-01,2025-05-01,1,True,['Complete'],[],74.0,2025-09-01 09:12:25,Collector,True,123.0
8210000,1,['3-Lump Speed Cushion'],1,1.0,2025-05-01,2025-05-01,1,True,['Complete'],['Outer Sunset'],83.0,2025-09-01 09:12:25,Collector,True,123.0
8278000,1,['Speed Hump'],1,1.0,2014-01-01,2014-01-01,1,True,['Complete'],['Silver Terrace'],100.0,2025-03-27 10:35:48,Residential,True,4103.0
8280000,1,[],0,,,,0,False,['Pending design review and approval'],['Ocean View'],100.0,2026-01-16 15:56:26,Residential,True,
8281000,1,['3-Lump Speed Cushion'],1,2.0,,,0,False,['Pending construction'],['Ingleside'],89.0,2025-09-15 08:47:06,Residential,True,
8292000,1,['4-Lump Speed Cushion'],1,1.0,,,0,False,[],['Visitacion Valley'],87.0,2025-09-23 09:12:26,Residential,True,
8293000,1,['4-Lump Speed Cushion'],1,1.0,,,0,False,['Pending construction'],['Visitacion Valley'],84.0,2025-09-23 09:12:26,Residential,True,
8294000,1,[],0,,,,0,False,['Pending design review and approval'],['Visitacion Valley'],83.0,2025-09-23 09:12:26,Residential,True,
8297000,1,[],0,,,,0,False,['Pending design review and approval'],['Visitacion Valley'],100.0,2026-01-27 15:07:54,Residential,True,
8300000,1,['3-Lump Speed Cushion'],1,1.0,,,0,False,['Pending design review and approval'],['Visitacion Valley'],90.0,2025-09-23 09:12:26,Residential,True,
8301000,1,[],0,,,,0,False,['Pending design review and approval'],['Visitacion Valley'],90.0,2025-09-23 09:12:26,Residential,True,
8302000,1,['3-Lump Speed Cushion'],1,1.0,,,0,False,['Pending construction'],['Visitacion Valley'],87.0,2025-09-23 09:12:27,Residential,True,
8303000,1,['3-Lump Speed Cushion'],1,1.0,,,0,False,['Pending construction'],['Visitacion Valley'],87.0,2025-09-23 09:12:27,Residential,True,
8304000,1,['3-Lump Speed Cushion'],1,1.0,,,0,False,['Pending construction'],['Visitacion Valley'],87.0,2025-09-23 09:12:27,Residential,True,
8306000,1,['Speed Hump'],1,1.0,2020-01-01,2020-01-01,1,True,['Complete'],['West Portal'],80.0,2025-09-05 09:12:27,Residential,True,2074.0
8307000,1,['Speed Hump'],1,2.0,2020-01-01,2020-01-01,1,True,['Complete'],['West Portal'],81.0,2025-09-05 09:12:27,Residential,True,2074.0
8315000,1,['Speed Hump'],1,1.0,2021-04-01,2021-04-01,1,True,['Complete'],['Corona Heights'],100.0,2024-03-19 15:11:33,Residential,True,1083.0
8316000,1,['Speed Hump'],1,1.0,2021-04-01,2021-04-01,1,True,['Complete'],['Corona Heights'],41.0,2008-10-29 13:59:26,,True,-4537.0
8319000,1,['Speed Hump'],1,1.0,2015-09-01,2015-09-01,1,True,['Complete'],['Inner Mission'],29.0,2025-09-15 08:47:06,Residential,True,3667.0
8320000,1,['Speed Hump'],1,1.0,2005-10-01,2005-10-01,1,True,['Complete'],['Inner Mission'],76.0,2025-09-15 08:47:06,Residential,True,7289.0
8321000,1,['Speed Hump'],1,2.0,2021-05-01,2021-05-01,1,True,['Complete'],['Dolores Heights'],84.0,2025-09-15 08:47:06,Residential,True,1598.0
8330000,1,['3-Lump Speed Cushion'],1,2.0,,,0,False,['Pending construction'],['Outer Mission'],87.0,2025-09-15 08:47:06,Residential,True,
8394000,1,['Speed Hump'],1,2.0,2023-08-01,2023-08-01,1,True,['Complete'],['Hayes Valley'],82.0,2025-07-16 08:22:10,Residential,True,715.0
8401000,1,['Speed Table'],1,1.0,,,0,False,['Pending construction'],['Glen Park'],78.0,2025-09-16 09:12:30,Residential,True,
8402000,1,['3-Lump Speed Cushion'],1,1.0,2007-06-01,2007-06-01,1,True,['Complete'],['Glen Park'],63.0,2025-09-16 09:12:30,Residential,True,6682.0
8404000,2,['Speed Hump'],1,3.0,2007-06-01,2019-07-01,1,True,"['Complete', 'Obsolete']",['Excelsior'],89.0,2025-09-15 08:47:07,Residential,True,6681.0
8406000,1,['3-Lump Speed Cushion'],1,2.0,2019-10-01,2019-10-01,1,True,['Complete'],['Excelsior'],85.0,2025-09-15 08:47:07,Residential,True,2176.0
8407000,1,['Speed Hump'],1,2.0,2019-10-01,2019-10-01,1,True,['Complete'],['Excelsior'],83.0,2025-09-15 08:47:07,Residential,True,2176.0
8408000,1,['3-Lump Speed Cushion'],1,2.0,2023-09-01,2023-09-01,1,True,['Complete'],['Excelsior'],90.0,2025-09-15 08:47:07,Residential,True,745.0
8409000,1,['3-Lump Speed Cushion'],1,2.0,2023-09-01,2023-09-01,1,True,['Complete'],['Excelsior'],84.0,2025-09-15 08:47:07,Residential,True,745.0
8412000,1,['Speed Cushion'],1,2.0,,,0,False,[],['Excelsior'],78.0,2025-09-15 08:47:07,Residential,True,
8416000,1,['3-Lump Speed Cushion'],1,3.0,2023-08-01,2023-08-01,1,True,['Complete'],['Oceanview'],72.0,2025-09-15 08:47:07,Residential,True,776.0
8430000,1,['3-Lump Speed Cushion'],1,1.0,2022-05-01,2022-05-01,1,True,['Complete'],['Buena Vista'],100.0,2025-12-10 10:45:14,Residential,True,1319.0
8468000,1,['Speed Hump'],1,1.0,2022-01-01,2022-01-01,1,True,['Complete'],['Golden Gate Heights'],73.0,2025-09-16 09:12:30,Residential,True,1354.0
8469000,1,['Speed Hump'],1,2.0,2022-01-01,2022-01-01,1,True,['Complete'],['Golden Gate Heights'],76.0,2025-09-02 09:12:30,Residential,True,1340.0
8470000,1,['Speed Hump'],1,1.0,2022-02-01,2022-02-01,1,True,['Complete'],['Excelsior'],73.0,2025-09-15 08:47:08,Residential,True,1322.0
8471000,1,['3-Lump Speed Cushion'],1,2.0,2023-08-01,2023-08-01,1,True,['Complete'],['Excelsior'],82.0,2025-09-15 08:47:08,Residential,True,776.0
8472000,1,['3-Lump Speed Cushion'],1,2.0,2023-08-01,2023-08-01,1,True,['Complete'],['Excelsior'],72.0,2025-09-15 08:47:08,Residential,True,776.0
8473000,1,['3-Lump Speed Cushion'],1,2.0,2023-09-01,2023-09-01,1,True,['Complete'],['Excelsior'],100.0,2025-12-19 10:06:27,Residential,True,840.0
8474000,1,['3-Lump Speed Cushion'],1,2.0,2023-08-01,2023-08-01,1,True,['Complete'],['Excelsior'],89.0,2025-09-15 08:47:08,Residential,True,776.0
8475000,4,"['3-Lump Speed Cushion', 'Speed Cushion']",2,8.0,2023-08-01,2023-08-01,2,True,"['Complete', 'Pending construction']",['Excelsior'],85.0,2025-09-15 08:47:08,Residential,True,776.0
8476000,2,"['3-Lump Speed Cushion', 'Speed Cushion']",2,4.0,2023-08-01,2023-08-01,1,True,['Complete'],['Excelsior'],77.0,2025-09-15 08:47:08,Residential,True,776.0
8500000,1,['3-Lump Speed Cushion'],1,2.0,,,0,False,['Pending construction'],['Oceanview'],94.0,2025-09-15 08:47:08,Residential,True,
8502000,1,['Speed Hump'],1,1.0,,,0,False,['Pending construction'],['Oceanview'],89.0,2025-09-15 08:47:08,Residential,True,
8504000,1,['Speed Hump'],1,1.0,2022-03-01,2022-03-01,1,True,['Complete'],['Crocker Amazon'],89.0,2025-09-15 08:47:09,Residential,True,1294.0
8508000,1,['3-Lump Speed Cushion'],1,1.0,2021-03-01,2021-03-01,1,True,['Complete'],['Outer Sunset'],74.0,2025-09-01 09:12:31,Collector,True,1645.0
8509000,1,['3-Lump Speed Cushion'],1,1.0,2021-03-01,2021-03-01,1,True,['Complete'],['Outer Sunset'],72.0,2025-09-01 09:12:31,Collector,True,1645.0
8510000,1,['3-Lump Speed Cushion'],1,1.0,2021-03-01,2021-03-01,1,True,['Complete'],['Outer Sunset'],67.0,2025-09-01 09:12:31,Collector,True,1645.0
8511000,1,['3-Lump Speed Cushion'],1,1.0,2021-03-01,2021-03-01,1,True,['Complete'],['Outer Sunset'],80.0,2025-09-01 09:12:31,Collector,True,1645.0
8512002,1,['3-Lump Speed Cushion'],1,1.0,2021-03-01,2021-03-01,1,True,['Complete'],['Outer Sunset'],78.0,2025-09-01 09:10:22,Collector,True,1645.0
8513000,1,['3-Lump Speed Cushion'],1,1.0,2021-03-01,2021-03-01,1,True,['Complete'],['Outer Sunset'],83.0,2025-09-01 09:12:31,Collector,True,1645.0
8514000,1,['3-Lump Speed Cushion'],1,1.0,2021-03-01,2021-03-01,1,True,['Complete'],['Outer Sunset'],79.0,2025-09-01 09:12:31,Collector,True,1645.0
8515000,1,['3-Lump Speed Cushion'],1,1.0,2021-03-01,2021-03-01,1,True,['Complete'],['Outer Sunset'],79.0,2025-09-01 09:12:32,Collector,True,1645.0
8516000,1,['3-Lump Speed Cushion'],1,1.0,2021-03-01,2021-03-01,1,True,['Complete'],['Outer Sunset'],76.0,2025-09-01 09:12:32,Collector,True,1645.0
8517000,1,['3-Lump Speed Cushion'],1,1.0,2021-04-01,2021-04-01,1,True,['Complete'],['Outer Sunset'],75.0,2025-09-01 09:12:32,Collector,True,1614.0
8518000,1,['3-Lump Speed Cushion'],1,1.0,2021-04-01,2021-04-01,1,True,['Complete'],['Outer Sunset'],74.0,2025-09-01 09:12:32,Collector,True,1614.0
8520000,1,['3-Lump Speed Cushion'],1,1.0,2021-05-01,2021-05-01,1,True,['Complete'],['Outer Sunset'],68.0,2025-09-01 09:12:32,Collector,True,1584.0
8521000,1,['3-Lump Speed Cushion'],1,1.0,2021-04-01,2021-04-01,1,True,['Complete'],['Outer Sunset'],62.0,2025-09-01 09:12:32,Collector,True,1614.0
8523000,1,['3-Lump Speed Cushion'],1,1.0,2021-04-01,2021-04-01,1,True,['Complete'],['Parkside'],85.0,2025-09-01 09:12:32,Collector,True,1614.0
8538000,2,"['Speed Hump', 'Speed Table']",2,3.0,2014-12-01,2014-12-01,1,True,"['Complete', 'Pending design review and approval']",['Ingleside Terrace'],73.0,2025-09-17 09:12:32,Residential,True,3943.0
8539000,2,['Speed Hump'],1,0.0,,,0,False,['Obsolete'],['Ingleside Terrace'],87.0,2025-09-17 09:12:32,Residential,True,
8549000,1,['3-Lump Speed Cushion'],1,1.0,2021-03-01,2021-03-01,1,True,['Complete'],['Mission Terrace'],34.0,2009-08-10 15:43:09,,True,-4221.0
8594000,1,['Speed Hump'],1,1.0,2014-01-01,2014-01-01,1,True,['Complete'],['Silver Terrace'],91.0,2025-09-04 16:20:04,Residential,True,4264.0
8604000,1,['Speed Hump'],1,1.0,2021-01-01,2021-01-01,1,True,['Complete'],['Excelsior'],89.0,2025-09-15 08:47:10,Residential,True,1718.0
8608000,1,['Speed Hump'],1,1.0,2021-06-01,2021-06-01,1,True,['Complete'],['Excelsior'],86.0,2025-09-15 08:47:10,Residential,True,1567.0
8610000,1,['3-Lump Speed Cushion'],1,2.0,,,0,False,['Pending construction'],['Excelsior'],89.0,2025-09-15 08:47:10,Residential,True,
8614000,1,['Speed Hump'],1,1.0,2014-12-01,2014-12-01,1,True,['Complete'],['West Portal'],83.0,2025-09-05 09:12:32,Residential,True,3931.0
8615000,1,['Speed Hump'],1,1.0,2016-05-01,2016-05-01,1,True,['Complete'],['West Portal'],100.0,2025-10-29 15:17:46,Residential,True,3468.0
8616102,1,['Speed Hump'],1,1.0,,,1,True,['Complete'],['Forest  Hill'],46.0,2025-09-02 09:12:32,Residential,True,
8616201,1,['Speed Hump'],1,1.0,2021-04-01,2021-04-01,1,True,['Complete'],['Forest  Hill'],89.0,2025-09-02 09:12:32,Residential,True,1615.0
8618000,2,"['Speed Hump', 'Speed Table']",2,3.0,2018-01-01,2026-01-01,1,True,"['Complete', 'Obsolete']",['Forest  Hill'],78.0,2025-09-02 09:12:33,Residential,True,2801.0
8621000,1,['Speed Hump'],1,1.0,2018-01-01,2018-01-01,1,True,['Complete'],['Forest  Hill'],89.0,2025-09-02 09:12:33,Residential,True,2801.0
8622000,1,['Speed Hump'],1,1.0,2018-01-01,2018-01-01,1,True,['Complete'],['Forest  Hill'],93.0,2025-09-02 09:12:33,Residential,True,2801.0
8623000,1,['Speed Hump'],1,1.0,2014-12-01,2014-12-01,1,True,['Complete'],['Marina'],86.0,2025-09-15 08:47:11,Residential,True,3941.0
8624000,1,['Speed Hump'],1,1.0,2014-12-01,2014-12-01,1,True,['Complete'],['Marina'],89.0,2025-09-15 08:47:11,Residential,True,3941.0
8640101,1,['Speed Table'],1,2.0,,,0,False,['Pending construction'],['Miraloma Park'],84.0,2025-09-16 09:12:33,Residential,True,
8640201,1,['Speed Table'],1,4.0,2026-01-01,2026-01-01,1,True,['Complete'],['Miraloma Park'],85.0,2025-09-16 09:12:33,Residential,True,-107.0
8648000,1,['Speed Hump'],1,2.0,2022-04-01,2022-04-01,1,True,['Complete'],['Sunnyside'],75.0,2025-09-16 09:12:33,Residential,True,1264.0
8650000,1,['Speed Hump'],1,1.0,2021-06-01,2021-06-01,1,True,['Complete'],['Sunnyside'],86.0,2025-09-16 09:12:33,Residential,True,1568.0
8651000,1,['Speed Hump'],1,1.0,2021-06-01,2021-06-01,1,True,['Complete'],['Sunnyside'],83.0,2025-09-16 09:12:33,Residential,True,1568.0
8652000,1,['Speed Hump'],1,1.0,2021-06-01,2021-06-01,1,True,['Complete'],['Sunnyside'],84.0,2025-09-16 09:12:33,Residential,True,1568.0
8653000,1,['Speed Hump'],1,1.0,2021-06-01,2021-06-01,1,True,['Complete'],['Sunnyside'],86.0,2025-09-16 09:12:33,Residential,True,1568.0
8654000,1,[],0,,,,0,False,['Pending design review and approval'],['Sunnyside'],85.0,2025-09-16 09:12:33,Residential,True,
8661000,1,['Speed Hump'],1,2.0,2021-10-01,2021-10-01,1,True,['Complete'],['Mount Davidson Manor'],80.0,2025-09-17 09:12:33,Residential,True,1447.0
8672101,1,['Speed Table'],1,3.0,2021-03-01,2021-03-01,1,True,['Complete'],['McLaren Park'],36.0,2009-08-10 15:43:09,,True,-4221.0
8687000,1,['Speed Hump'],1,1.0,,,0,False,['Pending construction'],['Oceanview'],88.0,2025-09-15 08:47:12,Residential,True,
8722000,1,['Speed Hump'],1,1.0,2021-01-01,2021-01-01,1,True,['Complete'],['Potrero Hill'],87.0,2024-09-01 07:47:11,Collector,True,1339.0
8771101,1,['Speed Radar Sign'],1,1.0,,,1,True,['Complete'],['Eureka Valley - Dolores Height'],68.0,2025-09-26 09:12:36,Arterial,True,
8773101,1,['Speed Radar Sign'],1,1.0,,,1,True,['Complete'],['Eureka Valley - Dolores Height'],78.0,2025-09-26 09:12:36,Arterial,True,
8776103,1,['Speed Radar Sign'],1,1.0,,,1,True,['Complete'],['Eureka Valley - Dolores Height'],66.0,2025-09-17 09:12:37,Arterial,True,
8776104,1,['Speed Radar Sign'],1,1.0,,,1,True,['Complete'],['Noe Valley'],63.0,2025-09-17 09:12:37,Arterial,True,
8776105,1,['Speed Radar Sign'],1,1.0,,,1,True,['Complete'],['Noe Valley'],70.0,2025-09-27 09:12:37,Arterial,True,
8781000,1,['Speed Hump'],1,1.0,2017-10-01,2017-10-01,1,True,['Complete'],"[""St. Mary's Park""]",84.0,2025-09-17 09:12:37,Residential,True,2908.0
8792001,1,['3-Lump Speed Cushion'],1,1.0,2024-11-01,2024-11-01,1,True,['Complete'],['Clarendon Heights'],,,,False,
8856000,1,['5-Lump Speed Cushion'],1,2.0,2016-03-01,2016-03-01,1,True,['Complete'],['Haight Ashbury'],100.0,2025-11-21 09:35:54,Collector,True,3552.0
8872000,1,['Traffic Island'],1,0.0,,,1,True,['Complete'],['Jordan Park - Laurel Heights'],58.0,2025-09-15 08:47:13,Residential,True,
8880000,1,['3-Lump Speed Cushion'],1,2.0,2026-01-01,2026-01-01,1,True,['Complete'],['Mission Terrace'],87.0,2025-09-15 08:47:14,Residential,True,-108.0
8881000,1,['Speed Hump'],1,1.0,2022-02-01,2022-02-01,1,True,['Complete'],['Mission Terrace'],87.0,2025-09-15 08:47:14,Residential,True,1322.0
8882000,1,['Speed Hump'],1,1.0,2022-02-01,2022-02-01,1,True,['Complete'],['Mission Terrace'],91.0,2025-09-15 08:47:14,Residential,True,1322.0
8883000,2,['Speed Cushion'],1,3.0,,,0,False,[],"['Ingleside', 'Mission Terrace']",91.0,2025-09-15 08:47:14,Residential,True,
8897000,1,['5-Lump Speed Cushion'],1,4.0,,,0,False,['Pending construction'],['Western Addition'],62.0,2025-08-06 08:22:18,Residential,True,
8909000,1,[],0,,,,0,False,['Pending data collection and evaluation'],['Lone Mountain'],79.0,2025-07-25 08:22:19,Residential,True,
8911000,1,['Speed Hump'],1,1.0,2015-06-01,2015-06-01,1,True,['Complete'],['Lone Mountain'],78.0,2025-07-25 08:22:19,Residential,True,3707.0
8915000,1,['3-Lump Speed Cushion'],1,1.0,,,0,False,['Pending construction'],['South of Market'],62.0,2025-08-17 08:22:19,Arterial,True,
8922000,1,['Speed Hump'],1,1.0,,,1,True,['Complete'],['Bayview District'],62.0,2025-09-22 09:12:38,Residential,True,
8947000,1,[],0,,,,0,False,['Pending data collection and evaluation'],['Sunnyside'],85.0,2025-09-16 09:12:38,Residential,True,
8976000,1,['Speed Hump'],1,1.0,2018-02-01,2018-02-01,1,True,['Complete'],['Laguna Honda'],72.0,2025-09-05 09:12:39,Residential,True,2773.0
8979000,1,['Speed Hump'],1,1.0,2018-02-01,2018-02-01,1,True,['Complete'],['Laguna Honda'],82.0,2025-09-05 09:12:39,Residential,True,2773.0
8994000,1,['3-Lump Speed Cushion'],1,1.0,2023-09-01,2023-09-01,1,True,['Complete'],['Eureka Valley'],72.0,2025-09-28 09:12:39,Residential,True,758.0
9009000,1,['Raised Crosswalk'],1,1.0,2018-07-01,2018-07-01,1,True,['Complete'],['Golden Gate Park'],100.0,2008-10-29 13:59:26,,True,-3532.0
9014000,1,['4-Lump Speed Cushion'],1,1.0,2026-03-01,2026-03-01,1,True,['Complete'],['Bayview District'],76.0,2025-09-22 09:12:40,Arterial,True,-160.0
9017000,1,[],0,,,,0,False,['Pending data collection and evaluation'],['Lakeshore'],74.0,2025-09-01 09:12:40,Residential,True,
9018000,1,['Speed Hump'],1,1.0,2020-04-01,2020-04-01,1,True,['Complete'],['Lakeshore'],87.0,2025-09-01 09:12:40,Residential,True,1979.0
9020000,1,[],0,,,,0,False,['Pending design review and approval'],"[""Fisherman's Wharf""]",86.0,2025-07-31 08:22:19,Residential,True,
9021000,1,['Edgeline'],1,1.0,,,1,True,['Complete'],['Glen Park'],95.0,2025-09-30 09:10:29,Residential,True,
9022000,1,['Edgeline'],1,1.0,,,1,True,['Complete'],['Glen Park'],86.0,2025-09-30 09:12:40,Residential,True,
9036101,1,['Speed Table'],1,1.0,,,0,False,['Pending construction'],['Oceanview'],66.0,2025-09-15 08:47:14,Residential,True,
9036201,1,['Speed Table'],1,1.0,,,0,False,['Pending construction'],['Oceanview'],78.0,2025-09-15 08:47:14,Residential,True,
9037000,1,['Speed Hump'],1,3.0,2018-09-01,2018-09-01,1,True,['Complete'],['Oceanview'],78.0,2025-09-15 08:47:14,Residential,True,2571.0
9045000,1,['Chicane'],1,0.0,,,1,True,['Complete'],['South of Market'],60.0,2025-08-01 08:22:19,Residential,True,
9052000,1,['Speed Hump'],1,1.0,2018-06-01,2018-06-01,1,True,['Complete'],['The Mission'],78.0,2025-09-15 08:47:14,Residential,True,2663.0
9067000,1,['Speed Table'],1,1.0,2026-02-01,2026-02-01,1,True,['Complete'],['Miraloma Park'],100.0,2026-03-23 15:00:20,Collector,True,50.0
9068000,1,['Speed Table'],1,1.0,2026-02-01,2026-02-01,1,True,['Complete'],['Sherwood Forest'],100.0,2026-03-23 15:00:20,Collector,True,50.0
9069000,1,['Speed Table'],1,3.0,2026-02-01,2026-02-01,1,True,['Complete'],['Sherwood Forest'],100.0,2026-03-23 15:00:20,Collector,True,50.0
9076101,1,['Speed Table'],1,2.0,2026-01-01,2026-01-01,1,True,['Complete'],['Westwood Park'],72.0,2025-09-16 09:12:41,Residential,True,-107.0
9076201,1,['Speed Table'],1,2.0,2026-01-01,2026-01-01,1,True,['Complete'],['Westwood Park'],66.0,2025-09-16 09:12:41,Residential,True,-107.0
9077101,1,['Speed Table'],1,2.0,2026-01-01,2026-01-01,1,True,['Complete'],['Westwood Park'],77.0,2025-09-14 09:12:41,Residential,True,-109.0
9077201,1,['Speed Table'],1,2.0,2026-01-01,2026-01-01,1,True,['Complete'],['Westwood Park'],73.0,2025-09-14 09:12:41,Residential,True,-109.0
9201000,1,[],0,,,,0,False,['Pending design review and approval'],['Potrero Hill'],100.0,2025-10-29 15:17:46,Residential,True,
9211000,1,['Speed Hump'],1,2.0,2020-04-01,2020-04-01,1,True,['Complete'],['Potrero Hill'],73.0,2025-09-25 09:12:42,Residential,True,2003.0
9212000,1,['Speed Hump'],1,1.0,2019-08-01,2019-08-01,1,True,['Complete'],['Potrero Hill'],76.0,2025-09-25 09:12:42,Residential,True,2247.0
9222000,1,['3-Lump Speed Cushion'],1,2.0,2018-11-01,2018-11-01,1,True,['Complete'],['Glen Park'],84.0,2025-09-30 09:10:29,Residential,True,2525.0
9254000,1,['Speed Hump'],1,1.0,2022-04-01,2022-04-01,1,True,['Complete'],['Oceanview'],85.0,2025-09-15 08:47:22,Residential,True,1263.0
9255000,1,['Speed Hump'],1,1.0,2018-09-01,2018-09-01,1,True,['Complete'],['Oceanview'],75.0,2025-09-15 08:47:22,Residential,True,2571.0
9256000,1,['Speed Hump'],1,1.0,,,1,True,['Complete'],['Oceanview'],80.0,2025-09-15 08:47:22,Residential,True,
9368000,1,[],0,,,,0,False,[],['Outer Sunset'],81.0,2025-09-01 09:12:46,Residential,True,
9369000,1,[],0,,,,0,False,[],['Outer Sunset'],85.0,2025-09-01 09:12:46,Residential,True,
9383000,1,[],0,,,,0,False,['Pending design review and approval'],['Crocker Amazon'],78.0,2025-09-15 08:47:22,Residential,True,
9384000,1,[],0,,,,0,False,['Pending design review and approval'],['Crocker Amazon'],76.0,2025-09-15 08:47:22,Residential,True,
9397000,1,[],0,,,,0,False,['Pending design review and approval'],['Crocker Amazon'],,,,False,
9399000,1,['4-Lump Speed Cushion'],1,2.0,2019-06-01,2019-06-01,1,True,['Complete'],['Excelsior'],86.0,2025-09-15 08:47:23,Residential,True,2298.0
9400000,1,['5-Lump Speed Cushion'],1,2.0,2024-08-01,2024-08-01,1,True,['Complete'],['Excelsior'],89.0,2025-09-15 08:47:23,Residential,True,410.0
9401000,1,['5-Lump Speed Cushion'],1,2.0,2019-08-01,2019-08-01,1,True,['Complete'],['Excelsior'],82.0,2025-09-15 08:47:23,Residential,True,2237.0
9402000,1,['5-Lump Speed Cushion'],1,1.0,2008-02-01,2008-02-01,1,True,['Complete'],['Excelsior'],92.0,2025-09-15 08:47:23,Residential,True,6436.0
9403000,1,['5-Lump Speed Cushion'],1,1.0,2019-08-01,2019-08-01,1,True,['Complete'],['Excelsior'],88.0,2025-09-15 08:47:23,Residential,True,2237.0
9405000,1,['4-Lump Speed Cushion'],1,1.0,2019-08-01,2019-08-01,1,True,['Complete'],['Excelsior'],35.0,2025-09-15 08:47:23,Residential,True,2237.0
9406000,1,['Chicane'],1,0.0,,,1,True,['Complete'],['South of Market'],79.0,2025-08-06 08:22:24,Residential,True,
9423000,1,['Speed Hump'],1,1.0,2022-03-01,2022-03-01,1,True,['Complete'],['Cayuga'],93.0,2025-09-15 08:47:24,Residential,True,1294.0
9428000,1,['3-Lump Speed Cushion'],1,1.0,,,0,False,['Pending construction'],['Cayuga'],85.0,2025-09-15 08:47:24,Residential,True,
9431000,1,['Speed Hump'],1,1.0,2019-06-01,2019-06-01,1,True,['Complete'],['Oceanview'],61.0,2008-10-29 13:59:26,,True,-3867.0
9432000,1,['Speed Hump'],1,1.0,2020-10-01,2020-10-01,1,True,['Complete'],['Oceanview'],86.0,2025-09-15 08:47:24,Residential,True,1810.0
9444000,1,['Speed Hump'],1,1.0,2024-01-01,2024-01-01,1,True,['Complete'],['Bernal Heights'],87.0,2025-09-15 08:47:24,Residential,True,623.0
9445000,1,['Speed Hump'],1,2.0,2024-01-01,2024-01-01,1,True,['Complete'],['Bernal Heights'],73.0,2025-09-15 08:47:24,Residential,True,623.0
9466000,1,['3-Lump Speed Cushion'],1,1.0,2018-08-01,2018-08-01,1,True,['Complete'],['Miraloma Park'],57.0,2025-09-05 09:12:47,Residential,True,2592.0
9467000,1,['3-Lump Speed Cushion'],1,1.0,2018-08-01,2018-08-01,1,True,['Complete'],['Miraloma Park'],71.0,2025-09-05 09:12:47,Residential,True,2592.0
9487000,1,['3-Lump Speed Cushion'],1,2.0,2019-08-01,2019-08-01,1,True,['Complete'],['Excelsior'],89.0,2025-09-15 08:47:25,Collector,True,2237.0
9488000,1,['3-Lump Speed Cushion'],1,2.0,2025-06-01,2025-06-01,1,True,['Complete'],['Excelsior'],92.0,2025-09-15 08:47:25,Collector,True,106.0
9490000,1,['4-Lump Speed Cushion'],1,2.0,2019-10-01,2019-10-01,1,True,['Complete'],['Excelsior'],89.0,2025-09-15 08:47:26,Collector,True,2176.0
9491000,1,['3-Lump Speed Cushion'],1,2.0,2019-08-01,2019-08-01,1,True,['Complete'],['Excelsior'],88.0,2025-09-15 08:47:26,Collector,True,2237.0
9492000,1,['3-Lump Speed Cushion'],1,2.0,2023-09-01,2023-09-01,1,True,['Complete'],['Excelsior'],91.0,2025-09-15 08:47:26,Collector,True,745.0
9498000,1,['5-Lump Speed Cushion'],1,1.0,2019-06-01,2019-06-01,1,True,['Complete'],['Crocker Amazon'],74.0,2025-09-15 08:47:26,Residential,True,2298.0
9505000,1,['Speed Hump'],1,1.0,2017-07-01,2017-07-01,1,True,['Complete'],['Glen Park'],78.0,2025-09-16 09:12:47,Residential,True,2999.0
9512000,1,['Chicane'],1,0.0,,,1,True,['Complete'],['South of Market'],72.0,2025-08-06 08:22:24,Residential,True,
9513000,1,['Chicane'],1,0.0,,,1,True,['Complete'],['South of Market'],69.0,2025-07-31 08:22:25,Residential,True,
9514000,1,['Speed Table'],1,2.0,,,0,False,['Pending construction'],['South of Market'],81.0,2025-08-06 08:22:25,Residential,True,
9519000,1,['Speed Hump'],1,1.0,,,1,True,['Complete'],['Inner Mission'],77.0,2025-09-15 08:47:26,Residential,True,
9522000,1,['Speed Hump'],1,2.0,2018-11-01,2018-11-01,1,True,['Complete'],['Hunters Point'],80.0,2025-09-22 09:12:47,Residential,True,2517.0
9527000,1,['3-Lump Speed Cushion'],1,1.0,,,0,False,['Pending construction'],['Bernal Heights'],58.0,2025-09-15 08:47:26,Residential,True,
9550000,1,['Speed Hump'],1,2.0,2020-11-01,2020-11-01,1,True,['Complete'],['Bayview District'],80.0,2025-09-22 09:12:47,Residential,True,1786.0
9551000,1,[],0,,,,0,False,['Pending data collection and evaluation'],['Bayview District'],81.0,2025-09-22 09:12:47,Residential,True,
9579000,1,[],0,,,,0,False,['Pending design review and approval'],['Silver Terrace'],72.0,2025-09-23 09:12:48,Residential,True,
9588000,1,['Speed Hump'],1,1.0,2019-07-01,2019-07-01,1,True,['Complete'],['Mission Terrace'],84.0,2025-09-15 08:47:27,Residential,True,2268.0
9589000,1,['Speed Hump'],1,2.0,2019-07-01,2019-07-01,1,True,['Complete'],['Mission Terrace'],89.0,2025-09-15 08:47:27,Residential,True,2268.0
9590000,1,['Speed Hump'],1,2.0,2019-07-01,2019-07-01,1,True,['Complete'],['Mission Terrace'],78.0,2025-09-15 08:47:27,Residential,True,2268.0
9591000,1,['3-Lump Speed Cushion'],1,2.0,,,0,False,['Pending construction'],['Cayuga'],71.0,2025-09-15 08:47:27,Residential,True,
9592000,1,['Speed Hump'],1,1.0,2016-01-01,2016-01-01,1,True,['Complete'],['Outer Mission'],83.0,2025-09-15 08:47:27,Residential,True,3545.0
9593000,1,['Speed Hump'],1,1.0,2016-01-01,2016-01-01,1,True,['Complete'],['Outer Mission'],61.0,2025-09-15 08:47:27,Residential,True,3545.0
9594000,1,['Speed Table'],1,1.0,2019-10-01,2019-10-01,1,True,['Complete'],['Cayuga'],79.0,2025-09-15 08:47:27,Residential,True,2176.0
9603000,1,['Speed Hump'],1,2.0,,,1,True,['Complete'],[],,,,False,
9607000,1,['Chicane'],1,1.0,,,1,True,['Complete'],['Duboce Triangle'],67.0,2025-09-21 09:12:48,Residential,True,
9608000,1,['3-Lump Speed Cushion'],1,1.0,2025-03-01,2025-03-01,1,True,['Complete'],['Duboce Triangle'],100.0,2024-05-20 08:50:12,Residential,True,-285.0
9610000,1,['3-Lump Speed Cushion'],1,1.0,2025-03-01,2025-03-01,1,True,['Complete'],['Duboce Triangle'],64.0,2025-09-21 09:12:48,Residential,True,204.0
9630000,1,['Speed Hump'],1,1.0,2020-03-01,2020-03-01,1,True,['Complete'],['Noe Valley'],77.0,2025-09-18 09:12:49,Residential,True,2027.0
9638000,1,['Traffic Island'],1,0.0,,,1,True,['Complete'],['Noe Valley'],100.0,2025-09-23 11:50:16,Residential,True,
9642000,1,['Speed Hump'],1,1.0,2008-04-01,2008-04-01,1,True,['Complete'],['South of Market'],100.0,2025-06-10 09:12:07,Residential,True,6279.0
9705000,1,[],0,,,,0,False,['Pending data collection and evaluation'],['Mt. Davidson Manor'],81.0,2025-09-14 09:12:51,Residential,True,
9707000,1,['Speed Hump'],1,1.0,,,1,True,['Complete'],['Hunters Point'],100.0,2025-02-11 09:41:30,Residential,True,
9708000,1,['Speed Hump'],1,1.0,,,1,True,['Complete'],['Hunters Point'],42.0,2025-09-30 09:12:51,Residential,True,
9739000,1,[],0,,,,0,False,['Pending design review and approval'],['Western Addition'],92.0,2025-07-23 14:44:00,Residential,True,
9744000,1,[],0,,,,0,False,['Pending data collection and evaluation'],['Anza Vista'],93.0,2025-09-15 08:47:28,Residential,True,
9747101,1,[],0,,,,0,False,['Pending design review and approval'],['Miraloma Park'],57.0,2025-09-17 09:12:51,Arterial,True,
9749101,1,['Traffic Island'],1,0.0,,,1,True,['Complete'],['Diamond Heights'],65.0,2025-09-17 09:12:52,Arterial,True,
9749201,1,['Traffic Island'],1,0.0,,,1,True,['Complete'],['Miraloma Park'],51.0,2025-09-01 09:12:52,Arterial,True,
9770000,1,['3-Lump Speed Cushion'],1,2.0,2023-08-01,2023-08-01,1,True,['Complete'],['Ashbury Heights'],69.0,2025-08-17 08:22:29,Arterial,True,747.0
9781000,1,['5-Lump Speed Cushion'],1,1.0,2008-03-01,2008-03-01,1,True,['Complete'],['Hunters Point'],36.0,2025-09-22 09:12:52,Residential,True,6414.0
9782000,1,['Speed Hump'],1,1.0,2008-03-01,2008-03-01,1,True,['Complete'],['Hunters Point'],65.0,2025-09-22 09:12:52,Residential,True,6414.0
9785000,1,['Speed Hump'],1,0.0,,,1,True,['Complete'],['Bayview District'],66.0,2025-09-22 09:12:52,Arterial,True,
9786000,1,['3-Lump Speed Cushion'],1,2.0,2023-12-01,2023-12-01,1,True,['Complete'],['Bayview District'],69.0,2025-09-22 09:12:52,Arterial,True,661.0
9789000,1,[],0,,,,0,False,['Pending data collection and evaluation'],['Bayview'],91.0,2024-09-01 07:47:22,Arterial,True,
9866000,1,[],0,,,,0,False,['Pending data collection and evaluation'],['Lakeshore'],90.0,2025-09-02 09:12:56,Collector,True,
9867000,1,[],0,,,,0,False,['Pending data collection and evaluation'],['Lakeshore'],88.0,2025-09-02 09:12:56,Collector,True,
9868000,1,[],0,,,,0,False,['Pending data collection and evaluation'],['Lakeshore'],89.0,2025-09-02 09:12:56,Collector,True,
9869000,1,[],0,,,,0,False,['Pending data collection and evaluation'],['Lakeshore'],89.0,2025-09-02 09:12:56,Collector,True,
9876201,1,['Speed Hump'],1,1.0,2008-12-01,2008-12-01,1,True,['Complete'],['Hayes Valley'],87.0,2024-08-05 11:54:31,Residential,True,5726.0
9878201,1,['2-Lump Speed Cushion'],1,1.0,2008-12-01,2008-12-01,1,True,['Complete'],['Hayes Valley'],85.0,2025-08-05 08:20:17,Residential,True,6091.0
9880201,1,['Speed Hump'],1,1.0,2008-12-01,2008-12-01,1,True,['Complete'],['Hayes Valley'],78.0,2025-07-16 08:20:17,Residential,True,6071.0
9941000,1,['Speed Radar Sign'],1,1.0,2016-07-01,2016-07-01,1,True,['Complete'],['Midtown Terrace'],86.0,2025-09-16 09:12:56,Residential,True,3364.0
9948000,1,['Speed Hump'],1,1.0,2021-01-01,2021-01-01,1,True,['Complete'],['Cayuga'],81.0,2025-09-15 08:47:31,Residential,True,1718.0
9955000,1,['Speed Hump'],1,1.0,2023-08-01,2023-08-01,1,True,['Complete'],['Cayuga'],87.0,2025-09-15 08:47:31,Residential,True,776.0
9956000,1,[],0,,,,0,False,['Pending design review and approval'],['Cayuga'],85.0,2025-09-15 08:47:31,Residential,True,
9983000,1,['Speed Hump'],1,1.0,2022-04-01,2022-04-01,1,True,['Complete'],['Merced Heights'],76.0,2025-09-15 08:47:31,Residential,True,1263.0
9984000,1,['Edgeline'],1,0.0,,,1,True,['Complete'],['Ingleside Heights'],21.0,2025-09-15 08:47:31,Collector,True,
9985000,1,['Edgeline'],1,0.0,,,1,True,['Complete'],['Ingleside Heights'],22.0,2025-09-15 08:47:31,Collector,True,
9995000,1,[],0,,,,0,False,['Pending data collection and evaluation'],['Merced Heights'],78.0,2025-09-15 08:47:32,Residential,True,
10010000,1,['3-Lump Speed Cushion'],1,1.0,2025-01-01,2025-01-01,1,True,['Complete'],['Outer Sunset'],86.0,2025-09-02 09:12:57,Residential,True,244.0
10011000,1,['3-Lump Speed Cushion'],1,1.0,2025-01-01,2025-01-01,1,True,['Complete'],['Outer Sunset'],85.0,2025-09-02 09:12:57,Residential,True,244.0
10012000,1,['Speed Hump'],1,1.0,2013-05-01,2013-05-01,0,False,['Obsolete'],['Central Sunset'],87.0,2025-09-02 09:12:57,Residential,True,4507.0
10013000,1,['Speed Hump'],1,1.0,2013-05-01,2013-05-01,1,True,['Complete'],['Central Sunset'],81.0,2025-09-02 09:12:57,Residential,True,4507.0
10014000,1,['Speed Hump'],1,1.0,2013-05-01,2013-05-01,1,True,['Complete'],['Central Sunset'],85.0,2025-09-02 09:12:57,Residential,True,4507.0
10015000,1,['Speed Hump'],1,1.0,2013-05-01,2013-05-01,1,True,['Complete'],['Central Sunset'],85.0,2025-09-02 09:12:57,Residential,True,4507.0
10016000,1,['3-Lump Speed Cushion'],1,1.0,2025-01-01,2025-01-01,1,True,['Complete'],['Outer Sunset'],81.0,2025-09-02 09:12:57,Residential,True,244.0
10017000,1,['3-Lump Speed Cushion'],1,1.0,2025-02-01,2025-02-01,1,True,['Complete'],['Outer Sunset'],80.0,2025-09-02 09:12:57,Residential,True,213.0
10018000,1,['3-Lump Speed Cushion'],1,1.0,2025-02-01,2025-02-01,1,True,['Complete'],['Outer Sunset'],78.0,2025-09-02 09:12:57,Residential,True,213.0
10019000,1,['3-Lump Speed Cushion'],1,1.0,2025-02-01,2025-02-01,1,True,['Complete'],['Outer Sunset'],84.0,2025-09-02 09:12:57,Residential,True,213.0
10023000,1,['3-Lump Speed Cushion'],1,1.0,2025-02-01,2025-02-01,1,True,['Complete'],['Outer Sunset'],73.0,2025-09-02 09:12:57,Residential,True,213.0
10026000,1,['Speed Hump'],1,1.0,2020-12-01,2020-12-01,1,True,['Complete'],['Outer Sunset'],79.0,2025-09-01 09:12:57,Residential,True,1735.0
10028000,1,['3-Lump Speed Cushion'],1,1.0,2025-02-01,2025-02-01,1,True,['Complete'],['Outer Sunset'],81.0,2025-09-01 09:12:57,Residential,True,212.0
10029000,1,['3-Lump Speed Cushion'],1,1.0,2025-02-01,2025-02-01,1,True,['Complete'],['Outer Sunset'],100.0,2024-08-19 09:49:55,Residential,True,-166.0
10040000,1,['Speed Bump'],1,1.0,,,1,True,['Complete'],['Inner Mission'],74.0,2025-09-15 08:47:32,Residential,True,
10054000,1,['Speed Hump'],1,2.0,2020-02-01,2020-02-01,1,True,['Complete'],['Cayuga'],85.0,2025-09-15 08:47:32,Residential,True,2053.0
10059000,1,['Speed Hump'],1,1.0,2022-03-01,2022-03-01,1,True,['Complete'],['Outer Mission'],85.0,2025-09-15 08:47:32,Residential,True,1294.0
10060000,1,['Speed Hump'],1,1.0,2022-03-01,2022-03-01,1,True,['Complete'],['Cayuga'],75.0,2025-09-15 08:47:32,Residential,True,1294.0
10080201,1,['Speed Hump'],1,2.0,2018-02-01,2018-02-01,1,True,['Complete'],['Forest  Hill'],88.0,2025-09-02 09:12:58,Residential,True,2770.0
10082000,1,['3-Lump Speed Cushion'],1,1.0,,,0,False,['Pending construction'],['Forest  Hill'],83.0,2025-09-02 09:12:58,Residential,True,
10089000,1,['Speed Hump'],1,1.0,2015-04-01,2015-04-01,1,True,['Complete'],['Golden Gate Heights'],65.0,2025-09-02 09:12:58,Residential,True,3807.0
10152000,1,[],0,,,,0,False,['Pending data collection and evaluation'],['Pacific Heights'],92.0,2025-09-15 08:47:33,Residential,True,
10190000,1,['Speed Hump'],1,2.0,2016-09-01,2016-09-01,1,True,['Complete'],['Jordan Park - Laurel Heights'],90.0,2025-09-15 08:47:34,Residential,True,3301.0
10191000,3,['Speed Hump'],1,4.0,2023-06-01,2023-06-01,1,True,"['Complete', 'Obsolete']",['Jordan Park - Laurel Heights'],88.0,2025-09-15 08:47:34,Residential,True,837.0
10196000,2,['3-Lump Speed Cushion'],1,2.0,2022-04-01,2022-04-01,1,True,"['Complete', 'Pending construction']",['Merced Heights'],88.0,2025-09-16 09:12:59,Residential,True,1264.0
10209000,1,['Speed Hump'],1,1.0,2018-12-01,2018-12-01,1,True,['Complete'],['Ingleside Terrace'],81.0,2025-09-17 09:12:59,Residential,True,2482.0
10218000,1,['5-Lump Speed Cushion'],1,2.0,2023-06-01,2023-06-01,1,True,['Complete'],['Hunters Point'],76.0,2025-09-22 09:13:00,Arterial,True,844.0
10219000,1,['5-Lump Speed Cushion'],1,2.0,2023-07-01,2023-07-01,1,True,['Complete'],['Bayview District'],73.0,2025-09-22 09:13:00,Arterial,True,814.0
10220000,1,['5-Lump Speed Cushion'],1,2.0,2023-07-01,2023-07-01,1,True,['Complete'],['Bayview District'],77.0,2025-09-22 09:13:00,Arterial,True,814.0
10221000,2,"['5-Lump Speed Cushion', 'Speed Hump']",2,2.0,2023-07-01,2023-07-01,2,True,['Complete'],['Bayview District'],66.0,2025-09-22 09:13:00,Arterial,True,814.0
10222000,1,[],0,,,,0,False,['Pending data collection and evaluation'],['Bayview District'],83.0,2025-09-22 09:13:00,Arterial,True,
10224000,1,['5-Lump Speed Cushion'],1,2.0,2023-08-01,2023-08-01,1,True,['Complete'],['Silver Terrace'],81.0,2025-09-23 09:13:00,Arterial,True,784.0
10225000,1,['5-Lump Speed Cushion'],1,2.0,,,0,False,['Pending construction'],['Silver Terrace'],70.0,2025-09-23 09:13:00,Arterial,True,
10227000,1,['5-Lump Speed Cushion'],1,2.0,2023-08-01,2023-08-01,1,True,['Complete'],['Silver Terrace'],78.0,2025-09-23 09:13:00,Arterial,True,784.0
10228000,1,['5-Lump Speed Cushion'],1,2.0,2023-09-01,2023-09-01,1,True,['Complete'],['Silver Terrace'],34.0,2009-08-10 15:43:09,,True,-5135.0
10230000,1,['3-Lump Speed Cushion'],1,1.0,2022-04-01,2022-04-01,1,True,['Complete'],['Apparel City'],84.0,2025-09-29 09:13:00,Residential,True,1277.0
10231000,1,['3-Lump Speed Cushion'],1,3.0,2022-04-01,2022-04-01,1,True,['Complete'],['Apparel City'],74.0,2025-09-29 09:13:00,Residential,True,1277.0
10239000,1,['Speed Radar Sign'],1,1.0,2016-07-01,2016-07-01,1,True,['Complete'],['Midtown Terrace'],100.0,2025-12-10 10:15:03,Collector,True,3449.0
10251000,1,['3-Lump Speed Cushion'],1,1.0,2022-02-01,2022-02-01,1,True,['Complete'],['Excelsior'],89.0,2025-09-15 08:47:34,Residential,True,1322.0
10252000,1,['3-Lump Speed Cushion'],1,2.0,2025-07-01,2025-07-01,1,True,['Complete'],['Excelsior'],79.0,2025-09-15 08:47:34,Residential,True,76.0
10273000,1,['Speed Hump'],1,2.0,2016-09-01,2016-09-01,1,True,['Complete'],['Jordan Park - Laurel Heights'],79.0,2025-09-15 08:47:34,Residential,True,3301.0
10274000,1,['Speed Hump'],1,1.0,2023-07-01,2023-07-01,1,True,['Complete'],['Jordan Park - Laurel Heights'],89.0,2025-09-15 08:47:34,Residential,True,807.0
10291000,1,['7-Lump Speed Cushion'],1,1.0,2026-04-01,2026-04-01,1,True,['Complete'],['Parnassus Heights'],67.0,2025-09-28 09:13:01,Arterial,True,-185.0
10298000,2,"['Speed Bump', 'Speed Hump']",2,2.0,2024-10-01,2024-10-01,1,True,"['Complete', 'Obsolete']",['Visitacion Valley'],75.0,2025-09-23 09:13:02,Residential,True,357.0
10307000,1,['5-Lump Speed Cushion'],1,1.0,2021-02-01,2021-02-01,1,True,['Complete'],['Bayview District'],83.0,2025-09-22 09:13:02,Arterial,True,1694.0
10308000,1,['5-Lump Speed Cushion'],1,1.0,2021-02-01,2021-02-01,1,True,['Complete'],['Bayview District'],74.0,2025-09-22 09:13:02,Arterial,True,1694.0
10310000,1,['5-Lump Speed Cushion'],1,1.0,2021-02-01,2021-02-01,1,True,['Complete'],['Bayview District'],73.0,2025-09-22 09:13:02,Arterial,True,1694.0
10335000,1,['5-Lump Speed Cushion'],1,2.0,2021-02-01,2021-02-01,1,True,['Complete'],['Potrero Hill'],91.0,2024-09-01 07:47:28,Collector,True,1308.0
10336000,1,['Edgeline'],1,0.0,,,1,True,['Complete'],['Potrero Hill'],91.0,2024-09-01 07:47:28,Collector,True,
10341000,2,['5-Lump Speed Cushion'],1,2.0,,,0,False,"['Pending construction', 'Pending design review and approval']","['Bernal Heights', 'Golden Gate Heights']",91.0,2025-09-15 08:47:35,Residential,True,
10342000,1,['3-Lump Speed Cushion'],1,2.0,2022-04-01,2022-04-01,1,True,['Complete'],['Bernal Heights'],89.0,2025-09-15 08:47:35,Residential,True,1263.0
10383000,1,[],0,,,,0,False,['Pending data collection and evaluation'],['Excelsior'],93.0,2025-09-15 08:47:36,Residential,True,
10516000,1,['5-Lump Speed Cushion'],1,1.0,2019-06-01,2019-06-01,1,True,['Complete'],['Oceanview'],82.0,2025-09-15 08:47:38,Collector,True,2298.0
10520000,1,['5-Lump Speed Cushion'],1,2.0,2026-01-01,2026-01-01,1,True,['Complete'],['Ingleside'],74.0,2025-09-15 08:47:38,Collector,True,-108.0
10521000,1,['5-Lump Speed Cushion'],1,2.0,2022-04-01,2022-04-01,1,True,['Complete'],['Ingleside'],78.0,2025-09-15 08:47:38,Collector,True,1263.0
10527000,1,['3-Lump Speed Cushion'],1,1.0,2026-01-01,2026-01-01,1,True,['Complete'],['Westwood Park'],83.0,2025-09-05 09:13:03,Collector,True,-118.0
10530000,1,['Speed Hump'],1,1.0,2005-02-01,2005-02-01,1,True,['Complete'],['Westwood Park'],67.0,2025-09-05 09:13:03,Collector,True,7521.0
10532000,1,[],0,,,,0,False,['Pending data collection and evaluation'],['Westwood Highlands'],38.0,2025-09-18 09:13:03,Collector,True,
10533000,1,[],0,,,,0,False,['Pending data collection and evaluation'],['Westwood Highlands'],33.0,2025-09-18 09:13:03,Collector,True,
10590000,1,['Speed Hump'],1,2.0,2023-09-01,2023-09-01,1,True,['Complete'],['Castro'],61.0,2025-09-18 09:13:04,Residential,True,748.0
10596000,1,['3-Lump Speed Cushion'],1,1.0,2022-03-01,2022-03-01,1,True,['Complete'],['Crocker Amazon'],73.0,2025-09-15 08:47:39,Residential,True,1294.0
10597000,1,['Speed Hump'],1,1.0,2022-03-01,2022-03-01,1,True,['Complete'],['Crocker Amazon'],87.0,2025-09-15 08:47:39,Residential,True,1294.0
10617201,1,['Speed Hump'],1,1.0,,,1,True,['Complete'],['Forest Hills Extension'],49.0,2025-09-01 09:13:04,Arterial,True,
10650000,1,['5-Lump Speed Cushion'],1,1.0,2020-08-01,2020-08-01,1,True,['Complete'],['Lower Pacfic Heights'],63.0,2025-08-17 08:22:38,Collector,True,1842.0
10669101,1,['Traffic Island'],1,1.0,,,1,True,['Complete'],['Inner Mission'],84.0,2025-09-25 09:13:06,Arterial,True,
10669201,1,['Traffic Island'],1,1.0,,,1,True,['Complete'],['Inner Mission'],76.0,2025-09-15 08:47:40,Arterial,True,
10729000,1,['5-Lump Speed Cushion'],1,2.0,,,0,False,['Pending construction'],['Excelsior'],88.0,2025-09-15 08:47:40,Residential,True,
10736000,1,['3-Lump Speed Cushion'],1,1.0,2019-06-01,2019-06-01,1,True,['Complete'],['Crocker Amazon'],91.0,2025-09-15 08:47:41,Residential,True,2298.0
10738000,1,['Speed Hump'],1,1.0,2019-06-01,2019-06-01,1,True,['Complete'],['Crocker Amazon'],87.0,2025-09-15 08:47:41,Residential,True,2298.0
10741001,1,['Speed Hump'],1,1.0,2008-05-01,2008-05-01,1,True,['Complete'],['Bernal Heights North'],74.0,2025-09-15 08:48:08,Residential,True,6346.0
10741002,1,['Speed Hump'],1,1.0,2008-05-01,2008-05-01,1,True,['Complete'],['Bernal Heights North'],70.0,2025-09-15 08:48:08,Residential,True,6346.0
10743000,1,['Speed Hump'],1,1.0,2004-12-01,2004-12-01,1,True,['Complete'],['Bernal Heights North'],32.0,2025-09-15 08:47:41,Residential,True,7593.0
10744000,1,['Speed Hump'],1,1.0,2004-12-01,2004-12-01,1,True,['Complete'],['Bernal Heights North'],57.0,2025-09-15 08:47:41,Residential,True,7593.0
10750000,1,[],0,,,,0,False,['Pending data collection and evaluation'],['Bernal Heights'],55.0,2025-09-15 08:47:41,Residential,True,
10784000,1,[],0,,,,0,False,['Pending data collection and evaluation'],['Bernal Heights'],81.0,2025-09-15 08:47:42,Residential,True,
10786000,1,[],0,,,,0,False,['Pending data collection and evaluation'],['Bernal Heights'],73.0,2025-09-15 08:47:42,Residential,True,
10792000,1,['Speed Hump'],1,1.0,,,1,True,['Complete'],['Eureka Valley - Dolores Height'],60.0,2025-09-18 09:13:06,Residential,True,
10800000,2,[],0,,,,0,False,['Pending data collection and evaluation'],['Bernal Heights'],40.0,2025-09-15 08:47:43,Residential,True,
10811000,2,['Speed Hump'],1,4.0,2014-01-01,2022-12-01,1,True,"['Complete', 'Obsolete']","['Bayview District', 'Hunters Point']",83.0,2025-09-22 09:13:06,Residential,True,4282.0
10812000,1,['Speed Hump'],1,2.0,2021-03-01,2021-03-01,1,True,['Complete'],['Bayview District'],78.0,2025-09-22 09:13:06,Residential,True,1666.0
10813000,1,['Speed Hump'],1,2.0,2014-01-01,2014-01-01,1,True,['Complete'],['Bayview District'],76.0,2025-09-22 09:13:06,Residential,True,4282.0
10814000,2,"['Speed Hump', 'Traffic Island']",2,3.0,2008-04-01,2022-12-01,2,True,['Complete'],['Bayview District'],84.0,2025-09-22 09:13:06,Residential,True,6383.0
10815000,2,['3-Lump Speed Cushion'],1,2.0,2026-03-01,2026-03-01,1,True,"['Complete', 'Pending data collection and evaluation']",['Bayview District'],81.0,2025-09-22 09:13:06,Residential,True,-160.0
10816101,1,['Speed Hump'],1,1.0,,,1,True,['Complete'],['Bayview District'],79.0,2025-09-22 09:13:06,Residential,True,
10896000,1,['3-Lump Speed Cushion'],1,2.0,2026-02-01,2026-02-01,1,True,['Complete'],['Ingleside'],87.0,2025-09-15 08:47:43,Residential,True,-139.0
10909000,1,['3-Lump Speed Cushion'],1,1.0,,,0,False,['Pending construction'],['Fairmount'],100.0,2025-09-23 12:39:50,Residential,True,
10910000,1,['Speed Table'],1,1.0,,,0,False,['Pending construction'],['Fairmount'],100.0,2025-09-23 12:39:50,Residential,True,
10911000,1,['Speed Table'],1,1.0,,,0,False,['Pending construction'],['Fairmount'],100.0,2025-09-23 12:39:50,Residential,True,
10913000,1,[],0,,,,0,False,['Pending design review and approval'],['Fairmount'],71.0,2025-09-17 09:13:08,Residential,True,
10914000,1,[],0,,,,0,False,['Pending design review and approval'],['Fairmount'],80.0,2025-09-17 09:13:08,Residential,True,
10915000,1,['Edgeline'],1,0.0,,,1,True,['Complete'],['Ingleside Heights'],41.0,2025-09-15 08:47:43,Collector,True,
10916000,1,['Edgeline'],1,0.0,,,1,True,['Complete'],['Ingleside Heights'],45.0,2025-09-15 08:47:43,Collector,True,
10917000,1,['Edgeline'],1,0.0,,,1,True,['Complete'],['Ingleside Heights'],25.0,2025-09-15 08:47:43,Collector,True,
10918000,1,['Edgeline'],1,0.0,,,1,True,['Complete'],['Ingleside Heights'],44.0,2025-09-15 08:47:44,Collector,True,
10919000,1,['Edgeline'],1,0.0,,,1,True,['Complete'],['Ingleside Heights'],44.0,2025-09-15 08:47:44,Collector,True,
10920000,1,['Edgeline'],1,0.0,,,1,True,['Complete'],['Ingleside Heights'],24.0,2025-09-15 08:47:44,Collector,True,
10921000,1,['Edgeline'],1,0.0,,,1,True,['Complete'],['Ingleside Heights'],42.0,2025-09-15 08:47:44,Collector,True,
10922000,1,['Edgeline'],1,0.0,,,1,True,['Complete'],['Ingleside Heights'],31.0,2025-09-15 08:47:44,Collector,True,
10945000,1,['5-Lump Speed Cushion'],1,2.0,,,1,True,['Complete'],['Visitacion Valley'],77.0,2025-09-23 09:13:09,Residential,True,
10946000,1,['Speed Table'],1,2.0,2026-04-01,2026-04-01,1,True,['Complete'],['Visitacion Valley'],80.0,2025-09-23 09:13:09,Residential,True,-190.0
10947000,1,['Speed Table'],1,2.0,2026-04-01,2026-04-01,1,True,['Complete'],['Visitacion Valley'],100.0,2024-12-03 07:21:02,Residential,True,-484.0
10970101,1,['Speed Bump'],1,0.0,,,1,True,['Complete'],['Hunters Point'],85.0,2025-10-06 09:13:09,Residential,True,
10970201,1,['Speed Bump'],1,1.0,,,1,True,['Complete'],['Hunters Point'],85.0,2025-10-06 09:13:09,Residential,True,
10974000,1,['Speed Hump'],1,2.0,2014-01-01,2014-01-01,1,True,['Complete'],['Bayview District'],84.0,2025-09-22 09:13:09,Residential,True,4282.0
10975000,1,['5-Lump Speed Cushion'],1,2.0,2022-04-01,2022-04-01,1,True,['Complete'],['Bayview District'],79.0,2025-09-22 09:13:09,Residential,True,1270.0
10976000,1,['5-Lump Speed Cushion'],1,2.0,2014-01-01,2014-01-01,1,True,['Complete'],['Bayview District'],59.0,2025-09-22 09:13:10,Residential,True,4282.0
10977000,1,['Traffic Island'],1,0.0,2008-04-01,2008-04-01,1,True,['Complete'],['Bayview District'],90.0,2025-09-22 09:13:10,Residential,True,6383.0
10979000,1,['Speed Hump'],1,1.0,,,1,True,['Complete'],['Bayview District'],65.0,2025-09-22 09:13:10,Residential,True,
11000000,1,['5-Lump Speed Cushion'],1,1.0,2023-08-01,2023-08-01,1,True,['Complete'],['Potrero Hill'],66.0,2025-09-25 09:13:10,Collector,True,786.0
11002000,1,['3-Lump Speed Cushion'],1,1.0,2020-07-01,2020-07-01,1,True,['Complete'],['Potrero Hill'],73.0,2025-09-30 09:13:10,Collector,True,1917.0
11011002,1,['3-Lump Speed Cushion'],1,3.0,,,0,False,['Pending construction'],['Holly Park'],100.0,2025-09-23 14:49:14,Residential,True,
11013000,1,['Speed Hump'],1,1.0,2008-06-01,2008-06-01,1,True,['Complete'],['Bernal Heights South'],80.0,2025-09-15 08:47:45,Residential,True,6315.0
11014000,1,['Speed Hump'],1,1.0,2008-06-01,2008-06-01,1,True,['Complete'],['Bernal Heights South'],69.0,2025-09-15 08:47:45,Residential,True,6315.0
11027000,1,['3-Lump Speed Cushion'],1,1.0,2026-01-01,2026-01-01,1,True,['Complete'],['Sunnyside'],75.0,2025-09-14 09:13:10,Residential,True,-109.0
11028000,1,['3-Lump Speed Cushion'],1,1.0,2026-01-01,2026-01-01,1,True,['Complete'],['Sunnyside'],80.0,2025-09-14 09:13:10,Residential,True,-109.0
11047000,1,['Traffic Island'],1,2.0,,,1,True,['Complete'],['Golden Gate Heights'],67.0,2025-09-05 09:13:11,Residential,True,
11111000,1,['3-Lump Speed Cushion'],1,1.0,2023-09-01,2023-09-01,1,True,['Complete'],['Golden Gate Heights'],65.0,2008-10-29 13:59:26,,True,-5420.0
11116000,1,['Speed Hump'],1,1.0,2019-06-01,2019-06-01,1,True,['Complete'],['Crocker Amazon'],72.0,2025-09-15 08:47:45,Residential,True,2298.0
11120000,1,['3-Lump Speed Cushion'],1,1.0,2023-09-01,2023-09-01,1,True,['Complete'],['Crocker Amazon'],57.0,2025-09-15 08:47:45,Residential,True,745.0
11121000,1,['Traffic Island'],1,1.0,,,1,True,['Complete'],['Crocker Amazon'],76.0,2025-09-15 08:47:45,Residential,True,
11134000,1,['Speed Hump'],1,2.0,2022-03-01,2022-03-01,1,True,['Complete'],['Cayuga'],89.0,2025-09-15 08:47:46,Residential,True,1294.0
11142000,1,['5-Lump Speed Cushion'],1,2.0,2019-01-01,2019-01-01,1,True,['Complete'],['Corona Heights'],87.0,2025-10-06 09:13:13,Collector,True,2470.0
11143000,1,['5-Lump Speed Cushion'],1,1.0,2021-04-01,2021-04-01,1,True,['Complete'],['Corona Heights'],84.0,2025-10-06 09:13:13,Collector,True,1649.0
11144002,1,['5-Lump Speed Cushion'],1,1.0,2021-04-01,2021-04-01,1,True,['Complete'],['Buena Vista'],80.0,2025-09-28 09:13:43,Collector,True,1641.0
11146101,1,['Traffic Island'],1,0.0,,,1,True,['Complete'],['Corona Heights'],56.0,2025-09-28 09:13:13,Collector,True,
11146201,1,['Traffic Island'],1,0.0,,,1,True,['Complete'],['Parnassus - Ashbury Heights'],61.0,2025-09-30 09:13:13,Collector,True,
11147101,1,['Edgeline'],1,1.0,2014-01-01,2014-01-01,1,True,['Complete'],['Corona Heights'],68.0,2025-09-28 09:13:13,Collector,True,4288.0
11147201,1,['Edgeline'],1,1.0,2014-01-01,2014-01-01,1,True,['Complete'],['Parnassus - Ashbury Heights'],49.0,2025-09-30 09:13:13,Collector,True,4290.0
11148201,1,['Edgeline'],1,1.0,2014-01-01,2014-01-01,1,True,['Complete'],['Parnassus - Ashbury Heights'],60.0,2025-09-30 09:13:13,Collector,True,4290.0
11166000,1,['Speed Hump'],1,1.0,2005-10-01,2005-10-01,1,True,['Complete'],['Lone Mountain'],75.0,2025-07-25 08:22:40,Residential,True,7237.0
11167000,1,['Speed Hump'],1,1.0,2005-10-01,2005-10-01,1,True,['Complete'],['Lone Mountain'],64.0,2025-07-25 08:22:40,Residential,True,7237.0
11174000,1,['One-Way Conversion'],1,1.0,2016-04-01,2016-04-01,1,True,['Complete'],['Mission Terrace'],61.0,2008-10-29 13:59:26,,True,-2711.0
11175001,1,['Speed Hump'],1,1.0,2017-10-01,2017-10-01,1,True,['Complete'],"[""St. Mary's Park""]",50.0,2008-10-29 13:59:26,,True,-3259.0
11175002,1,['Speed Hump'],1,1.0,2017-10-01,2017-10-01,1,True,['Complete'],"[""St. Mary's Park""]",50.0,2008-10-29 13:59:26,,True,-3259.0
11186000,1,['Chicane'],1,0.0,,,1,True,['Complete'],['South of Market'],93.0,2025-07-23 14:44:00,Residential,True,
11189000,1,['3-Lump Speed Cushion'],1,1.0,2022-02-01,2022-02-01,1,True,['Complete'],['Excelsior'],90.0,2025-09-15 08:47:46,Residential,True,1322.0
11192000,1,['Speed Hump'],1,1.0,2019-08-01,2019-08-01,1,True,['Complete'],['Excelsior'],93.0,2025-09-15 08:47:46,Residential,True,2237.0
11197000,1,['5-Lump Speed Cushion'],1,1.0,2022-03-01,2022-03-01,1,True,['Complete'],['Excelsior'],90.0,2025-09-15 08:47:46,Residential,True,1294.0
11268000,1,['Speed Bump'],1,0.0,,,1,True,['Complete'],['Presidio Heights'],90.0,2025-09-15 08:47:48,Residential,True,
11271000,1,['3-Lump Speed Cushion'],1,2.0,2016-02-01,2016-02-01,1,True,['Complete'],['Presidio Heights'],79.0,2025-09-15 08:47:48,Residential,True,3514.0
11277000,1,['Speed Table'],1,3.0,2023-06-01,2023-06-01,1,True,['Complete'],['Oceanview'],65.0,2025-09-15 08:47:48,Residential,True,837.0
11278000,1,['3-Lump Speed Cushion'],1,3.0,,,0,False,['Pending construction'],['Oceanview'],92.0,2025-09-15 08:47:48,Residential,True,
11312000,1,['3-Lump Speed Cushion'],1,1.0,2017-10-01,2017-10-01,1,True,['Complete'],"[""St. Mary's Park""]",66.0,2025-09-17 09:13:14,Residential,True,2908.0
11314000,1,['3-Lump Speed Cushion'],1,1.0,2017-10-01,2017-10-01,1,True,['Complete'],"[""St. Mary's Park""]",85.0,2025-09-17 09:13:14,Residential,True,2908.0
11331000,1,['Speed Hump'],1,1.0,2022-05-01,2022-05-01,1,True,['Complete'],['St. Francis Wood'],78.0,2025-09-17 09:13:14,Residential,True,1235.0
11332000,1,['Speed Hump'],1,1.0,2022-05-01,2022-05-01,1,True,['Complete'],['St. Francis Wood'],41.0,2025-09-17 09:13:14,Residential,True,1235.0
11341000,1,['Speed Hump'],1,1.0,,,1,True,['Complete'],['Saint Francis Wood'],82.0,2025-09-17 09:13:15,Residential,True,
11342000,1,['Speed Hump'],1,1.0,,,1,True,['Complete'],['Saint Francis Wood'],81.0,2025-09-17 09:13:15,Residential,True,
11345000,1,['Speed Table'],1,2.0,2026-01-01,2026-01-01,1,True,['Complete'],['Balboa Terrace'],84.0,2025-09-17 09:13:15,Residential,True,-106.0
11404000,1,['3-Lump Speed Cushion'],1,2.0,2023-11-01,2023-11-01,1,True,['Complete'],['Mission District'],68.0,2025-09-15 08:47:50,Residential,True,684.0
11405000,1,['Speed Hump'],1,2.0,2021-04-01,2021-04-01,1,True,['Complete'],['Mission District'],77.0,2025-09-15 08:47:50,Residential,True,1628.0
11406000,2,"['Speed Bump', 'Speed Table']",2,2.0,2025-12-01,2025-12-01,1,True,"['Complete', 'Obsolete']","['Inner Mission', 'Mission District']",66.0,2025-09-15 08:47:50,Residential,True,-77.0
11412000,1,['Speed Hump'],1,1.0,,,1,True,['Complete'],['Saint Francis Wood'],76.0,2025-09-17 09:13:16,Residential,True,
11413000,1,['Speed Hump'],1,1.0,,,1,True,['Complete'],['Saint Francis Wood'],76.0,2025-09-17 09:13:16,Residential,True,
11414000,1,['Speed Hump'],1,1.0,2016-03-01,2016-03-01,1,True,['Complete'],['Balboa Terrace'],82.0,2025-09-17 09:13:16,Residential,True,3487.0
11415000,1,['Speed Hump'],1,2.0,2016-03-01,2016-03-01,1,True,['Complete'],['Balboa Terrace'],80.0,2025-09-17 09:13:16,Residential,True,3487.0
11431000,1,[],0,,,,0,False,['Pending data collection and evaluation'],['Mission District'],77.0,2025-09-25 09:13:16,Residential,True,
11432000,1,[],0,,,,0,False,['Pending data collection and evaluation'],['Mission District'],65.0,2025-09-25 09:13:17,Residential,True,
11478000,1,['Speed Hump'],1,1.0,2020-01-01,2020-01-01,1,True,['Complete'],['Mission Terrace'],73.0,2025-09-15 08:47:53,Residential,True,2084.0
11486000,1,['Speed Hump'],1,2.0,2021-02-01,2021-02-01,1,True,['Complete'],['Balboa Terrace'],92.0,2025-09-23 16:43:56,Residential,True,1695.0
11500000,1,['Speed Hump'],1,0.0,,,1,True,['Complete'],['Saint Francis Wood'],69.0,2025-09-18 09:13:18,Residential,True,
11501000,1,['Speed Hump'],1,1.0,,,1,True,['Complete'],['Saint Francis Wood'],45.0,2025-09-18 09:13:18,Residential,True,
11502000,1,['Speed Hump'],1,1.0,,,1,True,['Complete'],['Sherwood Forest'],35.0,2025-09-18 09:13:18,Residential,True,
11507000,1,[],0,,,,0,False,['Pending design review and approval'],['Duboce Triangle'],100.0,2024-03-04 15:29:18,Residential,True,
11512000,1,['3-Lump Speed Cushion'],1,2.0,2024-06-01,2024-06-01,1,True,['Complete'],['Castro'],100.0,2024-03-04 15:29:18,Residential,True,-89.0
11541000,1,['Speed Hump'],1,2.0,,,1,True,['Complete'],['Fairmount'],74.0,2025-09-17 09:13:19,Residential,True,
11563000,1,['Speed Hump'],1,1.0,2008-12-01,2008-12-01,1,True,['Complete'],['Saint Francis Wood'],57.0,2025-09-17 09:13:19,Residential,True,6134.0
11564000,1,['Speed Hump'],1,1.0,2008-12-01,2008-12-01,1,True,['Complete'],['Saint Francis Wood'],62.0,2025-09-17 09:13:19,Residential,True,6134.0
11566000,1,['Speed Hump'],1,2.0,2021-02-01,2021-02-01,1,True,['Complete'],['Balboa Terrace'],56.0,2025-09-17 09:13:19,Residential,True,1689.0
11568000,1,[],0,,,,0,False,['Pending data collection and evaluation'],['Saint Francis Wood'],53.0,2025-09-17 09:13:19,Arterial,True,
11569000,1,[],0,,,,0,False,['Pending data collection and evaluation'],['Saint Francis Wood'],50.0,2025-09-17 09:13:19,Arterial,True,
11571000,1,['Speed Hump'],1,1.0,,,1,True,['Complete'],['Saint Francis Wood'],54.0,2025-09-17 09:13:19,Arterial,True,
11572000,1,['5-Lump Speed Cushion'],1,1.0,2008-02-01,2008-02-01,1,True,['Complete'],['Saint Francis Wood'],51.0,2025-09-17 09:13:19,Arterial,True,6438.0
11574000,1,['3-Lump Speed Cushion'],1,2.0,2023-07-01,2023-07-01,1,True,['Complete'],['Silver Terrace'],71.0,2025-09-29 09:13:19,Residential,True,821.0
11575000,1,['3-Lump Speed Cushion'],1,1.0,2025-12-01,2025-12-01,1,True,['Complete'],['Holly Park'],58.0,2025-09-15 08:47:53,Residential,True,-77.0
11576000,1,['3-Lump Speed Cushion'],1,1.0,2025-12-01,2025-12-01,1,True,['Complete'],['Holly Park'],99.0,2025-09-23 16:43:56,Residential,True,-69.0
11577000,1,['3-Lump Speed Cushion'],1,1.0,2025-12-01,2025-12-01,1,True,['Complete'],['Holly Park'],75.0,2025-09-15 08:47:53,Residential,True,-77.0
11589000,1,['3-Lump Speed Cushion'],1,1.0,2022-02-01,2022-02-01,1,True,['Complete'],['Mission Terrace'],77.0,2025-09-15 08:47:53,Residential,True,1322.0
11592000,1,['3-Lump Speed Cushion'],1,2.0,2018-05-01,2018-05-01,1,True,['Complete'],['Mission Terrace'],91.0,2025-09-15 08:47:53,Residential,True,2694.0
11593000,1,['3-Lump Speed Cushion'],1,2.0,2018-05-01,2018-05-01,1,True,['Complete'],['Mission Terrace'],90.0,2025-09-15 08:47:53,Residential,True,2694.0
11597000,1,['Speed Hump'],1,1.0,2022-02-01,2022-02-01,1,True,['Complete'],['Mission Terrace'],68.0,2025-09-15 08:47:53,Residential,True,1322.0
11599000,1,['3-Lump Speed Cushion'],1,1.0,2023-08-01,2023-08-01,1,True,['Complete'],['Mission Terrace'],86.0,2025-09-15 08:47:53,Residential,True,776.0
11609000,1,['Speed Hump'],1,1.0,2022-03-01,2022-03-01,1,True,['Complete'],['Golden Gate Heights'],79.0,2025-09-05 09:13:20,Residential,True,1284.0
11614000,1,['Speed Hump'],1,2.0,2023-12-01,2023-12-01,1,True,['Complete'],['Parkside'],73.0,2025-09-02 09:13:20,Residential,True,641.0
11650000,1,['Speed Cushion'],1,1.0,,,0,False,[],['Merced Heights'],100.0,2025-12-10 09:17:18,Residential,True,
11667000,1,['3-Lump Speed Cushion'],1,2.0,2026-03-01,2026-03-01,1,True,['Complete'],['Visitacion Valley'],87.0,2025-09-30 09:13:21,Residential,True,-152.0
11669000,1,['Speed Bump'],1,1.0,,,1,True,['Complete'],['Visitacion Valley'],90.0,2025-09-04 16:20:04,Residential,True,
11675000,1,['Speed Hump'],1,1.0,,,1,True,['Complete'],['Visitacion Valley'],67.0,2025-09-30 09:13:21,Residential,True,
11677000,1,['Speed Hump'],1,1.0,2014-01-01,2014-01-01,1,True,['Complete'],['Silver Terrace'],84.0,2025-09-04 16:20:04,Residential,True,4264.0
11678000,1,[],0,,,,0,False,['Pending design review and approval'],['Silver Terrace'],87.0,2025-09-04 16:20:04,Residential,True,
11679000,1,[],0,,,,0,False,[],['Bayview'],87.0,2025-09-04 16:20:04,Residential,True,
11681000,1,['3-Lump Speed Cushion'],1,1.0,2020-10-01,2020-10-01,1,True,['Complete'],['Duboce Triangle'],83.0,2025-10-06 09:13:21,Residential,True,1831.0
11682000,1,['3-Lump Speed Cushion'],1,1.0,2020-10-01,2020-10-01,1,True,['Complete'],['Duboce Triangle'],84.0,2025-10-06 09:13:21,Residential,True,1831.0
11696000,1,['Speed Hump'],1,1.0,2021-12-01,2021-12-01,1,True,['Complete'],['Western Addition'],36.0,2025-07-10 08:22:44,Residential,True,1317.0
11697000,1,['Speed Hump'],1,1.0,,,0,False,['Pending construction'],['Western Addition'],85.0,2025-07-10 08:22:44,Residential,True,
11731000,1,['Raised Crosswalk'],1,1.0,,,1,True,['Complete'],['Outer Richmond'],71.0,2025-08-17 08:22:44,Residential,True,
11756000,1,[],0,,,,0,False,['Pending design review and approval'],['Cayuga'],69.0,2025-09-15 08:47:55,Residential,True,
11761000,1,['Speed Hump'],1,2.0,2020-01-01,2020-01-01,1,True,['Complete'],['Cayuga'],49.0,2025-09-15 08:47:55,Residential,True,2084.0
11762000,1,['Speed Hump'],1,1.0,2023-08-01,2023-08-01,1,True,['Complete'],['Cayuga'],86.0,2025-09-15 08:47:55,Residential,True,776.0
11779000,1,['Speed Table'],1,1.0,,,0,False,['Pending construction'],['Western Addition'],84.0,2025-07-10 08:22:44,Residential,True,
11783000,1,['5-Lump Speed Cushion'],1,2.0,2015-07-01,2015-07-01,1,True,['Complete'],['Bayview District'],95.0,2025-09-22 09:13:22,Residential,True,3736.0
11784000,1,['3-Lump Speed Cushion'],1,2.0,2026-03-01,2026-03-01,1,True,['Complete'],['Bayview District'],87.0,2025-09-22 09:13:22,Residential,True,-160.0
11785000,1,['5-Lump Speed Cushion'],1,2.0,2015-07-01,2015-07-01,1,True,['Complete'],['Bayview District'],93.0,2025-09-22 09:13:22,Residential,True,3736.0
11786000,1,[],0,,,,0,False,['Pending design review and approval'],['Bayview District'],77.0,2025-09-22 09:13:22,Residential,True,
11793000,1,['Speed Hump'],1,1.0,2021-01-01,2021-01-01,1,True,['Complete'],['Tenderloin'],67.0,2025-07-17 08:22:44,Residential,True,1658.0
11795000,1,['3-Lump Speed Cushion'],1,2.0,2023-09-01,2023-09-01,1,True,['Complete'],['Mission Dolores'],67.0,2025-09-21 09:13:22,Residential,True,751.0
11802000,1,['Speed Hump'],1,1.0,2017-08-01,2017-08-01,1,True,['Complete'],['South of Market'],82.0,2025-07-29 08:22:44,Residential,True,2919.0
11803000,1,['Speed Hump'],1,1.0,2015-07-01,2015-07-01,1,True,['Complete'],['South of Market'],85.0,2025-08-01 08:22:44,Residential,True,3684.0
11804000,1,['Speed Hump'],1,1.0,2015-07-01,2015-07-01,1,True,['Complete'],['South of Market'],80.0,2025-08-01 08:22:44,Residential,True,3684.0
11807000,1,['Speed Bump'],1,1.0,,,1,True,['Complete'],['Merced Heights'],85.0,2025-09-15 08:47:56,Residential,True,
11811000,1,['Speed Hump'],1,1.0,2019-08-01,2019-08-01,1,True,['Complete'],['Merced Heights'],87.0,2025-09-15 08:47:56,Residential,True,2237.0
11826000,1,['3-Lump Speed Cushion'],1,3.0,2023-08-01,2023-08-01,1,True,['Complete'],['South of Market'],83.0,2025-08-01 08:22:44,Residential,True,731.0
11827000,1,['3-Lump Speed Cushion'],1,2.0,2023-08-01,2023-08-01,1,True,['Complete'],['South of Market'],74.0,2025-08-01 08:22:44,Residential,True,731.0
11828000,1,['3-Lump Speed Cushion'],1,2.0,2023-08-01,2023-08-01,1,True,['Complete'],['South of Market'],79.0,2025-08-01 08:22:44,Residential,True,731.0
11834000,1,['3-Lump Speed Cushion'],1,2.0,2025-12-01,2025-12-01,1,True,['Complete'],['Mission District'],74.0,2025-09-15 08:47:56,Residential,True,-77.0
11835000,1,[],0,,,,0,False,['Pending data collection and evaluation'],['The Mission'],70.0,2025-09-15 08:47:56,Residential,True,
11837000,1,['Speed Hump'],1,2.0,2020-07-01,2020-07-01,1,True,['Complete'],['Mission District'],80.0,2024-06-03 10:47:24,Residential,True,1433.0
11838000,1,['Speed Hump'],1,2.0,2020-07-01,2020-07-01,1,True,['Complete'],['Mission District'],74.0,2025-09-15 08:47:57,Residential,True,1902.0
11839000,1,['Speed Hump'],1,2.0,2020-07-01,2020-07-01,1,True,['Complete'],['Mission District'],76.0,2025-09-15 08:47:57,Residential,True,1902.0
11842000,1,[],0,,,,0,False,['Pending data collection and evaluation'],['Mission District'],82.0,2025-09-15 08:47:57,Residential,True,
11843000,1,['3-Lump Speed Cushion'],1,2.0,2023-11-01,2023-11-01,1,True,['Complete'],['Mission District'],82.0,2025-09-15 08:47:57,Residential,True,684.0
11888000,2,"['3-Lump Speed Cushion', 'Speed Cushion']",2,2.0,2025-12-01,2025-12-01,1,True,['Complete'],['University Mound'],93.0,2025-09-15 08:47:58,Residential,True,-77.0
11894000,2,['Speed Cushion'],1,2.0,,,0,False,['Pending design review and approval'],['Excelsior'],65.0,2025-09-15 08:47:59,Arterial,True,
11895000,1,['Speed Cushion'],1,1.0,,,0,False,[],['Excelsior'],62.0,2025-09-15 08:47:59,Arterial,True,
11896000,2,['Speed Cushion'],1,2.0,,,0,False,[],['Excelsior'],56.0,2025-09-15 08:47:59,Arterial,True,
11897000,2,['Speed Cushion'],1,1.0,,,0,False,['Pending design review and approval'],['Excelsior'],62.0,2025-09-15 08:47:59,Arterial,True,
11899000,1,['Speed Cushion'],1,1.0,,,0,False,[],['Excelsior'],83.0,2025-09-15 08:47:59,Arterial,True,
11900000,1,['Speed Cushion'],1,1.0,,,0,False,[],['Excelsior'],67.0,2025-09-15 08:47:59,Arterial,True,
11901000,2,['Speed Cushion'],1,1.0,,,0,False,['Pending design review and approval'],['Excelsior'],58.0,2025-09-15 08:47:59,Arterial,True,
11902000,1,['Speed Cushion'],1,1.0,,,0,False,[],['University Mound'],55.0,2025-09-15 08:47:59,Arterial,True,
11903000,2,['Speed Cushion'],1,1.0,,,0,False,['Pending design review and approval'],"['Excelsior', 'University Mound']",77.0,2025-09-15 08:47:59,Arterial,True,
11904000,2,['Speed Cushion'],1,2.0,,,0,False,[],['University Mound'],59.0,2025-09-15 08:47:59,Arterial,True,
11906000,1,[],0,,,,0,False,[],['University Mound'],56.0,2025-09-15 08:47:59,Arterial,True,
11907000,1,['Speed Cushion'],1,1.0,,,0,False,[],['University Mound'],69.0,2025-09-15 08:47:59,Arterial,True,
11908000,2,['Speed Cushion'],1,1.0,,,0,False,['Pending design review and approval'],['University Mound'],57.0,2025-09-15 08:47:59,Arterial,True,
11927000,1,[],0,,,,0,False,['Pending construction'],['Silver Terrace'],74.0,2025-09-23 09:13:22,Arterial,True,
11928000,1,[],0,,,,0,False,['Pending construction'],['Silver Terrace'],86.0,2025-09-23 09:13:22,Arterial,True,
11929000,1,[],0,,,,0,False,['Pending construction'],['Silver Terrace'],74.0,2025-09-23 09:13:22,Arterial,True,
11930000,1,[],0,,,,0,False,['Pending construction'],['Silver Terrace'],71.0,2025-09-23 09:13:22,Arterial,True,
11931000,1,[],0,,,,0,False,['Pending construction'],['Silver Terrace'],75.0,2025-09-23 09:13:22,Arterial,True,
11933000,1,[],0,,,,0,False,['Pending construction'],['Silver Terrace'],61.0,2025-09-23 09:13:22,Arterial,True,
11934000,1,[],0,,,,0,False,['Pending construction'],['Silver Terrace'],70.0,2025-09-23 09:13:22,Arterial,True,
11935000,1,[],0,,,,0,False,['Pending construction'],['Silver Terrace'],73.0,2025-09-23 09:13:22,Arterial,True,
11946000,1,['Speed Table'],1,1.0,2026-01-01,2026-01-01,1,True,['Complete'],['Midtown Terrace'],85.0,2025-09-16 09:13:23,Residential,True,-107.0
11947000,1,['Speed Table'],1,3.0,,,0,False,['Pending design review and approval'],['Midtown Terrace'],91.0,2025-09-16 09:13:23,Residential,True,
11948000,1,['Speed Table'],1,3.0,2026-01-01,2026-01-01,1,True,['Complete'],['Midtown Terrace'],89.0,2025-09-16 09:13:23,Residential,True,-107.0
11950102,1,['3-Lump Speed Cushion'],1,1.0,,,0,False,['Pending construction'],['Lakeside'],60.0,2025-09-05 09:13:23,Arterial,True,
11957101,1,['Speed Radar Sign'],1,0.0,,,1,True,['Complete'],['Lakeshore'],41.0,2009-08-10 15:43:09,,True,
11978000,1,['Speed Table'],1,2.0,,,0,False,['Pending construction'],['Forest  Hill'],96.0,2025-09-23 16:43:56,Residential,True,
11979000,1,['Speed Table'],1,2.0,2026-01-01,2026-01-01,1,True,['Complete'],['Forest  Hill'],85.0,2025-09-02 09:13:24,Residential,True,-121.0
11982000,1,['Raised Crosswalk'],1,1.0,2018-08-01,2018-08-01,1,True,['Complete'],['Golden Gate Park'],36.0,2008-10-29 13:59:26,,True,-3563.0
11987000,1,['Raised Crosswalk'],1,1.0,2018-08-01,2018-08-01,1,True,['Complete'],['Golden Gate Park'],44.0,2008-10-29 13:59:26,,True,-3563.0
11989000,1,['Speed Hump'],1,2.0,2018-08-01,2018-08-01,1,True,['Complete'],['Golden Gate Park'],48.0,2008-10-29 13:59:26,,True,-3563.0
11991000,1,['Raised Crosswalk'],1,1.0,2018-08-01,2018-08-01,1,True,['Complete'],['Golden Gate Park'],48.0,2008-10-29 13:59:26,,True,-3563.0
11992000,1,['Raised Crosswalk'],1,1.0,2018-08-01,2018-08-01,1,True,['Complete'],['Golden Gate Park'],41.0,2008-10-29 13:59:26,,True,-3563.0
11993000,1,['Raised Crosswalk'],1,1.0,2018-10-01,2018-10-01,1,True,['Complete'],['Golden Gate Park'],50.0,2008-10-29 13:59:26,,True,-3624.0
11996000,1,['Speed Hump'],1,1.0,2018-10-01,2018-10-01,1,True,['Complete'],['Golden Gate Park'],48.0,2008-10-29 13:59:26,,True,-3624.0
11997000,1,['Speed Hump'],1,1.0,2018-09-01,2018-09-01,1,True,['Complete'],['Golden Gate Park'],67.0,2008-10-29 13:59:26,,True,-3594.0
11999000,1,['Speed Hump'],1,1.0,2018-09-01,2018-09-01,1,True,['Complete'],['Golden Gate Park'],61.0,2008-10-29 13:59:26,,True,-3594.0
12002000,1,['Speed Cushion'],1,1.0,,,0,False,[],['Crocker Amazon'],80.0,2025-09-15 08:48:00,Collector,True,
12005000,1,['Speed Hump'],1,1.0,2022-03-01,2022-03-01,1,True,['Complete'],['Crocker Amazon'],92.0,2025-09-15 08:48:00,Collector,True,1294.0
12006000,1,['Speed Cushion'],1,1.0,,,0,False,[],['Crocker Amazon'],95.0,2025-09-15 08:48:01,Collector,True,
12064000,1,['Speed Hump'],1,2.0,2016-09-01,2016-09-01,1,True,['Complete'],['Jordan Park - Laurel Heights'],81.0,2025-09-15 08:48:02,Residential,True,3301.0
12104000,1,['Speed Hump'],1,2.0,2022-04-01,2022-04-01,1,True,['Complete'],['Sunnyside'],69.0,2025-09-05 09:13:24,Residential,True,1253.0
12106000,1,['Speed Hump'],1,1.0,,,1,True,['Complete'],['Sunnyside'],70.0,2025-09-05 09:13:24,Residential,True,
12115000,1,[],0,,,,0,False,['Pending design review and approval'],['Corona Heights'],100.0,2024-03-15 15:24:44,Residential,True,
12178000,1,['Chicane'],1,0.0,,,1,True,['Complete'],['South of Market'],84.0,2022-09-15 10:12:22,Residential,True,
12190000,1,[],0,,,,0,False,['Pending design review and approval'],['Sunnyside'],74.0,2025-09-09 09:13:25,Residential,True,
12232000,1,['Speed Hump'],1,1.0,2015-05-01,2015-05-01,1,True,['Complete'],['Bernal Heights North'],82.0,2025-09-15 08:48:03,Residential,True,3790.0
12233000,1,['Speed Hump'],1,1.0,2015-05-01,2015-05-01,1,True,['Complete'],['Bernal Heights North'],83.0,2025-09-15 08:48:03,Residential,True,3790.0
12235000,1,['Speed Hump'],1,1.0,2021-03-01,2021-03-01,1,True,['Complete'],['Mission Terrace'],93.0,2025-09-15 08:48:03,Residential,True,1659.0
12244000,1,['Speed Hump'],1,2.0,,,0,False,['Pending construction'],['Stonestown'],77.0,2025-09-17 09:13:25,Residential,True,
12265000,1,['5-Lump Speed Cushion'],1,2.0,2026-03-01,2026-03-01,1,True,['Complete'],['Visitacion Valley'],79.0,2025-09-23 09:13:26,Arterial,True,-159.0
12267000,1,['5-Lump Speed Cushion'],1,1.0,2004-07-01,2004-07-01,1,True,['Complete'],[],85.0,2025-09-30 09:13:26,Arterial,True,7761.0
12306000,1,['Speed Hump'],1,1.0,2015-08-01,2015-08-01,1,True,['Complete'],['Glen Park'],72.0,2025-09-30 09:13:26,Residential,True,3713.0
12356000,1,['3-Lump Speed Cushion'],1,3.0,2025-12-01,2025-12-01,1,True,['Complete'],['University Mound'],90.0,2025-09-15 08:48:04,Residential,True,-77.0
12362000,1,['3-Lump Speed Cushion'],1,1.0,2021-02-01,2021-02-01,1,True,['Complete'],['Laguna Honda'],58.0,2025-09-05 09:13:26,Residential,True,1677.0
12383000,1,['5-Lump Speed Cushion'],1,1.0,2019-07-01,2019-07-01,1,True,['Complete'],['West Portal'],61.0,2025-09-05 09:13:27,Arterial,True,2258.0
12386000,1,['5-Lump Speed Cushion'],1,1.0,2019-07-01,2019-07-01,1,True,['Complete'],['West Portal'],51.0,2025-09-05 09:13:27,Arterial,True,2258.0
12388000,1,['5-Lump Speed Cushion'],1,1.0,2019-08-01,2019-08-01,1,True,['Complete'],['West Portal'],62.0,2025-09-05 09:13:27,Arterial,True,2227.0
12448000,1,[],0,,,,0,False,['Pending data collection and evaluation'],['Russian Hill'],83.0,2025-08-06 08:22:52,Residential,True,
12469000,1,['3-Lump Speed Cushion'],1,2.0,2026-04-01,2026-04-01,1,True,['Complete'],['Visitacion Valley'],100.0,2025-03-27 10:35:48,Residential,True,-370.0
12484000,1,['3-Lump Speed Cushion'],1,2.0,2026-03-01,2026-03-01,1,True,['Complete'],['Dogpatch'],93.0,2024-09-01 11:51:18,Residential,True,-546.0
12502000,1,['Speed Radar Sign'],1,1.0,,,1,True,['Complete'],['Miraloma Park'],76.0,2025-09-18 09:13:28,Arterial,True,
12506000,1,['5-Lump Speed Cushion'],1,1.0,,,1,True,['Complete'],['Miraloma Park'],79.0,2025-09-18 09:13:29,Arterial,True,
12543000,1,['Speed Hump'],1,1.0,2019-08-01,2019-08-01,1,True,['Complete'],['Potrero Hill'],83.0,2025-09-25 09:13:30,Residential,True,2247.0
12564000,1,['Speed Hump'],1,1.0,2022-02-01,2022-02-01,1,True,['Complete'],['Mission Terrace'],80.0,2025-09-15 08:48:05,Residential,True,1322.0
12566000,1,['Speed Hump'],1,1.0,2019-07-01,2019-07-01,1,True,['Complete'],['Mission Terrace'],81.0,2025-09-15 08:45:41,Residential,True,2268.0
12571000,1,['Speed Hump'],1,1.0,,,1,True,['Complete'],['Bayview District'],83.0,2025-09-22 09:13:30,Residential,True,
12572000,1,['Speed Hump'],1,2.0,2014-01-01,2014-01-01,1,True,['Complete'],['Bayview District'],90.0,2025-09-22 09:13:30,Residential,True,4282.0
12583000,1,[],0,,,,0,False,['Pending data collection and evaluation'],['Lakeshore'],80.0,2025-09-01 09:13:31,Residential,True,
12593000,1,['Speed Hump'],1,0.0,,,1,True,['Complete'],['Silver Terrace'],68.0,2025-09-23 09:13:31,Residential,True,
12594000,1,['Speed Hump'],1,1.0,,,1,True,['Complete'],['Silver Terrace'],75.0,2025-09-29 09:13:31,Residential,True,
12595000,1,['3-Lump Speed Cushion'],1,1.0,2023-08-01,2023-08-01,1,True,['Complete'],['Silver Terrace'],71.0,2025-09-29 09:13:31,Residential,True,790.0
12599000,1,['Speed Hump'],1,1.0,2014-01-01,2014-01-01,1,True,['Complete'],['Silver Terrace'],69.0,2025-09-29 09:13:31,Residential,True,4289.0
12601000,1,['Speed Hump'],1,1.0,2014-01-01,2014-01-01,1,True,['Complete'],['Silver Terrace'],71.0,2025-09-29 09:13:31,Residential,True,4289.0
12607000,2,['Speed Cushion'],1,3.0,,,0,False,[],"['Crocker Amazon', 'Oceanview']",91.0,2025-09-15 08:48:05,Residential,True,
12611000,1,['Speed Hump'],1,3.0,2004-12-01,2004-12-01,1,True,['Complete'],['Inner Mission'],81.0,2025-09-15 08:48:05,Residential,True,7593.0
12637000,1,['Speed Table'],1,1.0,2026-05-01,2026-05-01,1,True,['Complete'],['Bernal Heights'],94.0,2025-09-15 08:48:05,Residential,True,-228.0
12647000,1,['Speed Hump'],1,1.0,2014-01-01,2014-01-01,1,True,['Complete'],['Silver Terrace'],77.0,2025-09-23 09:13:32,Residential,True,4283.0
12648000,1,['Speed Bump'],1,0.0,,,1,True,['Complete'],['Silver Terrace'],77.0,2025-09-23 09:13:32,Residential,True,
12649000,1,[],0,,,,0,False,['Pending data collection and evaluation'],['Silver Terrace'],77.0,2025-09-23 09:13:32,Residential,True,
12654000,1,[],0,,,,0,False,['Pending construction'],['South Beach'],90.0,2025-08-17 08:22:53,Collector,True,
12687000,2,"['Speed Bump', 'Speed Hump']",2,2.0,2024-01-01,2024-01-01,1,True,"['Complete', 'Obsolete']",['Inner Mission'],81.0,2025-09-15 08:48:06,Residential,True,623.0
12689000,1,[],0,,,,0,False,['Pending data collection and evaluation'],['Mission District'],77.0,2025-09-15 08:48:06,Residential,True,
12699000,1,['5-Lump Speed Cushion'],1,2.0,2017-04-01,2017-04-01,1,True,['Complete'],['Mission Terrace'],92.0,2025-09-15 08:48:06,Residential,True,3089.0
12700000,1,['3-Lump Speed Cushion'],1,1.0,2020-06-01,2020-06-01,1,True,['Complete'],['Mission Terrace'],91.0,2025-09-15 08:48:06,Residential,True,1932.0
12701000,1,['3-Lump Speed Cushion'],1,1.0,2017-04-01,2017-04-01,1,True,['Complete'],['Mission Terrace'],91.0,2025-09-15 08:48:06,Residential,True,3089.0
12702000,1,['Traffic Island'],1,2.0,,,1,True,['Complete'],['Excelsior'],93.0,2025-09-15 08:48:06,Residential,True,
12703000,1,['Traffic Island'],1,2.0,,,1,True,['Complete'],['Excelsior'],87.0,2025-09-15 08:48:07,Residential,True,
12705000,1,['Speed Table'],1,2.0,2026-04-01,2026-04-01,1,True,['Complete'],['Visitacion Valley'],70.0,2025-09-23 09:13:32,Residential,True,-190.0
12777000,1,['3-Lump Speed Cushion'],1,2.0,2021-02-01,2021-02-01,1,True,['Complete'],['Laguna Honda'],80.0,2025-09-04 16:20:04,Residential,True,1676.0
12779000,1,['Speed Hump'],1,3.0,2016-12-01,2016-12-01,1,True,['Complete'],['Forest Hills Extension'],75.0,2025-09-05 09:13:33,Residential,True,3200.0
12785000,1,['Edgeline'],1,1.0,2015-07-01,2015-07-01,1,True,['Complete'],['West Portal'],76.0,2025-09-05 09:13:34,Residential,True,3719.0
12786000,1,['Edgeline'],1,1.0,2015-07-01,2015-07-01,1,True,['Complete'],['West Portal'],55.0,2025-09-05 09:13:34,Residential,True,3719.0
12787000,1,['Edgeline'],1,1.0,2015-07-01,2015-07-01,1,True,['Complete'],['West Portal'],82.0,2025-09-05 09:13:34,Residential,True,3719.0
12788000,1,['Edgeline'],1,1.0,2015-07-01,2015-07-01,1,True,['Complete'],['West Portal'],70.0,2025-09-05 09:13:34,Residential,True,3719.0
12789000,1,['Edgeline'],1,1.0,2015-07-01,2015-07-01,1,True,['Complete'],['West Portal'],95.0,2025-09-05 09:13:34,Residential,True,3719.0
12790000,1,['Edgeline'],1,1.0,2015-07-01,2015-07-01,1,True,['Complete'],['West Portal'],94.0,2025-09-05 09:13:34,Residential,True,3719.0
12791000,1,['Edgeline'],1,1.0,2015-04-01,2015-04-01,1,True,['Complete'],['West Portal'],95.0,2025-09-05 09:13:34,Residential,True,3810.0
12821000,1,['3-Lump Speed Cushion'],1,1.0,2021-02-01,2021-02-01,1,True,['Complete'],['Outer Sunset'],100.0,2024-09-12 17:21:27,Residential,True,1319.0
12828000,1,['3-Lump Speed Cushion'],1,2.0,2026-03-01,2026-03-01,1,True,['Complete'],['Bayview District'],88.0,2025-09-04 16:20:04,Residential,True,-178.0
12829000,2,"['3-Lump Speed Cushion', 'Speed Hump']",2,3.0,2023-08-01,2023-08-01,2,True,['Complete'],['Bayview District'],80.0,2025-09-21 09:13:35,Residential,True,782.0
12954000,1,['3-Lump Speed Cushion'],1,3.0,2023-10-01,2023-10-01,1,True,['Complete'],['Merced Manor'],82.0,2025-09-17 09:12:16,Residential,True,717.0
13007000,1,['Speed Bump'],1,1.0,,,1,True,['Complete'],['Mount Davidson Manor'],85.0,2025-09-17 09:13:35,Residential,True,
13011000,1,['Speed Hump'],1,1.0,2026-01-01,2026-01-01,1,True,['Complete'],['Balboa Terrace'],85.0,2025-09-17 09:13:35,Residential,True,-106.0
13014000,1,['3-Lump Speed Cushion'],1,1.0,2022-05-01,2022-05-01,1,True,['Complete'],['Buena Vista'],93.0,2025-10-06 09:13:35,Residential,True,1254.0
13020000,1,['Speed Bump'],1,0.0,,,1,True,['Complete'],['Corona Heights'],83.0,2025-10-06 09:13:35,Residential,True,
13040000,1,['Speed Hump'],1,1.0,2016-05-01,2016-05-01,1,True,['Complete'],['Inner Mission'],79.0,2025-09-24 09:10:28,Residential,True,3433.0
13134000,1,['Speed Cushion'],1,1.0,,,0,False,['Pending construction'],['Excelsior'],88.0,2025-09-15 08:48:10,Residential,True,
13140000,1,['5-Lump Speed Cushion'],1,2.0,2014-01-01,2014-01-01,1,True,['Complete'],['Bayview District'],81.0,2025-09-21 09:13:37,Collector,True,4281.0
13141000,1,['5-Lump Speed Cushion'],1,1.0,,,1,True,['Complete'],['Bayview District'],88.0,2025-09-21 09:13:37,Collector,True,
13182000,1,['Speed Hump'],1,1.0,2014-01-01,2014-01-01,1,True,['Complete'],['Forest Hills Extension'],60.0,2025-09-05 09:13:37,Residential,True,4265.0
13183000,1,['Speed Hump'],1,1.0,,,1,True,['Complete'],['Forest Hills Extension'],78.0,2025-09-05 09:13:37,Residential,True,
13184000,1,['3-Lump Speed Cushion'],1,1.0,2023-09-01,2023-09-01,1,True,['Complete'],['Laguna Honda'],75.0,2025-09-05 09:13:37,Residential,True,735.0
13185000,1,['3-Lump Speed Cushion'],1,1.0,2023-09-01,2023-09-01,1,True,['Complete'],['Laguna Honda'],67.0,2025-09-05 09:13:37,Residential,True,735.0
13203000,1,['Speed Table'],1,1.0,2026-03-01,2026-03-01,1,True,['Complete'],['Silver Terrace'],71.0,2025-09-23 09:13:38,Residential,True,-159.0
13213000,1,['Speed Hump'],1,1.0,2021-01-01,2021-01-01,1,True,['Complete'],['Potrero Hill'],82.0,2025-09-24 09:13:38,Residential,True,1727.0
13214000,1,[],0,,,,0,False,['Pending design review and approval'],['Potrero Hill'],78.0,2025-09-24 09:13:38,Residential,True,
13216001,1,['Speed Hump'],1,1.0,2017-05-01,2017-05-01,1,True,['Complete'],['Potrero Hill'],76.0,2025-09-24 09:10:29,Residential,True,3068.0
13216002,1,['Speed Hump'],1,1.0,2017-05-01,2017-05-01,1,True,['Complete'],['Potrero Hill'],68.0,2024-09-01 07:45:52,Residential,True,2680.0
13217000,1,['Speed Hump'],1,1.0,2017-05-01,2017-05-01,1,True,['Complete'],['Potrero Hill'],53.0,2008-10-29 13:59:26,,True,-3106.0
13222000,1,['3-Lump Speed Cushion'],1,1.0,2022-04-01,2022-04-01,1,True,['Complete'],['Potrero Hill'],84.0,2025-09-25 09:10:28,Collector,True,1273.0
13254000,1,[],0,,,,0,False,['Pending data collection and evaluation'],['Parkside'],90.0,2025-09-05 09:13:39,Collector,True,
13255000,1,[],0,,,,0,False,['Pending data collection and evaluation'],['Parkside'],88.0,2025-09-05 09:13:39,Collector,True,
13257000,1,['Speed Hump'],1,1.0,2018-11-01,2018-11-01,1,True,['Complete'],['Parkside'],89.0,2025-09-05 09:13:39,Collector,True,2500.0
13260000,1,['Speed Hump'],1,1.0,2015-06-01,2015-06-01,1,True,['Complete'],['Parkside'],72.0,2025-09-05 09:13:39,Collector,True,3749.0
13261000,1,['Speed Hump'],1,1.0,2017-08-01,2017-08-01,1,True,['Complete'],['Parkside'],66.0,2025-09-05 09:13:39,Collector,True,2957.0
13264000,1,['Speed Hump'],1,1.0,2022-02-01,2022-02-01,1,True,['Complete'],['Parkside'],65.0,2025-09-01 09:13:39,Collector,True,1308.0
13284000,1,[],0,,,,0,False,['Pending data collection and evaluation'],['Merced Heights'],66.0,2025-09-15 08:48:11,Residential,True,
13285000,1,[],0,,,,0,False,['Pending design review and approval'],['Merced Heights'],83.0,2025-09-15 08:48:11,Residential,True,
13287000,2,"['3-Lump Speed Cushion', 'Speed Cushion']",2,4.0,,,0,False,['Pending design review and approval'],['Ingleside'],75.0,2025-09-15 08:48:11,Residential,True,
13289000,1,['3-Lump Speed Cushion'],1,2.0,2026-03-01,2026-03-01,1,True,['Complete'],['Ingleside Terrace'],68.0,2025-09-17 09:13:40,Residential,True,-165.0
13300000,1,['3-Lump Speed Cushion'],1,2.0,2025-08-01,2025-08-01,1,True,['Complete'],['Excelsior'],87.0,2025-09-15 08:48:11,Residential,True,45.0
13301000,1,['3-Lump Speed Cushion'],1,2.0,,,0,False,['Pending construction'],['Excelsior'],86.0,2025-09-15 08:48:11,Residential,True,
13304000,1,['Speed Hump'],1,2.0,2018-02-01,2018-02-01,1,True,['Complete'],['Excelsior'],91.0,2025-09-15 08:48:11,Residential,True,2783.0
13320000,1,[],0,,,,0,False,['Pending design review and approval'],['Visitacion Valley'],67.0,2025-09-23 09:13:40,Collector,True,
13321000,1,[],0,,,,0,False,['Pending design review and approval'],['Visitacion Valley'],71.0,2025-09-23 09:13:40,Collector,True,
13322000,1,[],0,,,,0,False,['Pending design review and approval'],['Visitacion Valley'],78.0,2025-09-23 09:13:41,Collector,True,
13323000,1,[],0,,,,0,False,['Pending design review and approval'],['Visitacion Valley'],82.0,2025-09-23 09:13:41,Collector,True,
13324000,1,[],0,,,,0,False,['Pending design review and approval'],['Visitacion Valley'],81.0,2025-09-23 09:13:41,Collector,True,
13325000,1,['3-Lump Speed Cushion'],1,2.0,2021-03-01,2021-03-01,1,True,['Complete'],['Visitacion Valley'],79.0,2025-09-23 09:13:41,Collector,True,1667.0
13327000,1,[],0,,,,0,False,['Pending design review and approval'],['Visitacion Valley'],82.0,2025-09-23 09:13:41,Collector,True,
13328000,1,[],0,,,,0,False,['Pending design review and approval'],['Visitacion Valley'],82.0,2025-09-23 09:13:41,Collector,True,
13329000,1,[],0,,,,0,False,['Pending design review and approval'],['Visitacion Valley'],75.0,2025-09-23 09:13:41,Collector,True,
13330000,1,[],0,,,,0,False,['Pending design review and approval'],['Visitacion Valley'],82.0,2025-09-23 09:13:41,Collector,True,
13331000,1,[],0,,,,0,False,['Pending design review and approval'],['Visitacion Valley'],68.0,2025-09-23 09:13:41,Collector,True,
13357000,1,['3-Lump Speed Cushion'],1,2.0,2023-07-01,2023-07-01,1,True,['Complete'],['Bayview District'],82.0,2025-09-21 09:13:41,Residential,True,813.0
13372000,1,['Speed Table'],1,1.0,2026-05-01,2026-05-01,1,True,['Complete'],['Haight Ashbury'],72.0,2025-07-09 08:22:59,Residential,True,-296.0
13396000,1,['Speed Hump'],1,2.0,2015-09-01,2015-09-01,1,True,['Complete'],['Forest Knolls'],43.0,2025-09-08 09:13:41,Collector,True,3660.0
13397000,1,['Speed Hump'],1,2.0,2014-01-01,2014-01-01,1,True,['Complete'],['Forest Knolls'],17.0,2025-09-08 09:13:41,Collector,True,4268.0
13398000,1,['Speed Hump'],1,2.0,2015-09-01,2015-09-01,1,True,['Complete'],['Forest Knolls'],48.0,2025-09-08 09:13:41,Collector,True,3660.0
13399000,1,['Speed Hump'],1,2.0,2014-01-01,2014-01-01,1,True,['Complete'],['Forest Knolls'],64.0,2025-09-08 09:13:42,Collector,True,4268.0
13430000,1,['3-Lump Speed Cushion'],1,2.0,2020-11-01,2020-11-01,1,True,['Complete'],['Nob Hill'],68.0,2025-08-05 08:23:01,Residential,True,1738.0
13435000,1,['3-Lump Speed Cushion'],1,1.0,2025-12-01,2025-12-01,1,True,['Complete'],['Pacific Heights'],62.0,2025-09-15 08:48:12,Residential,True,-77.0
13436000,1,['3-Lump Speed Cushion'],1,1.0,2026-05-01,2026-05-01,1,True,['Complete'],['Pacific Heights'],100.0,2026-02-24 09:06:00,Residential,True,-66.0
13451000,1,[],0,,,,0,False,['Pending construction'],['Presidio Heights'],90.0,2025-09-15 08:48:13,Residential,True,
13466000,1,['3-Lump Speed Cushion'],1,2.0,2024-09-01,2024-09-01,1,True,['Complete'],['West Portal'],84.0,2025-09-05 09:13:42,Residential,True,369.0
13467000,1,['Speed Table'],1,2.0,2024-10-01,2024-10-01,1,True,['Complete'],['West Portal'],100.0,2025-05-19 08:20:25,Residential,True,230.0
13468000,1,['3-Lump Speed Cushion'],1,2.0,2024-10-01,2024-10-01,1,True,['Complete'],['West Portal'],85.0,2025-09-02 09:13:42,Residential,True,336.0
13471000,1,[],0,,,,0,False,['Pending design review and approval'],['West Portal'],80.0,2025-09-02 09:13:42,Residential,True,
13472000,1,[],0,,,,0,False,['Pending design review and approval'],['West Portal'],77.0,2025-09-14 09:13:42,Residential,True,
13473000,1,[],0,,,,0,False,['Pending design review and approval'],['West Portal'],78.0,2025-09-02 09:13:42,Residential,True,
13478000,1,[],0,,,,0,False,['Pending data collection and evaluation'],['Parkside'],87.0,2025-09-02 09:13:42,Residential,True,
13484000,2,['Speed Hump'],1,1.0,,,1,True,"['Complete', 'Pending design review and approval']",['Parkside'],90.0,2025-09-02 09:13:42,Residential,True,
13485000,1,['Speed Hump'],1,0.0,,,1,True,['Complete'],['Parkside'],76.0,2025-09-02 09:13:42,Residential,True,
13487000,1,['Speed Hump'],1,1.0,2018-11-01,2018-11-01,1,True,['Complete'],['Parkside'],69.0,2025-09-02 09:13:42,Residential,True,2497.0
13512000,1,['3-Lump Speed Cushion'],1,1.0,2025-12-01,2025-12-01,1,True,['Complete'],['University Mound'],90.0,2025-09-15 08:48:13,Residential,True,-77.0
13513000,1,[],0,,,,0,False,['Pending data collection and evaluation'],['University Mound'],83.0,2025-09-15 08:48:13,Residential,True,
13524002,2,"['3-Lump Speed Cushion', '5-Lump Speed Cushion']",2,2.0,2024-04-01,2024-04-01,2,True,['Complete'],['Hayes Valley'],92.0,2025-08-17 08:20:09,Arterial,True,503.0
13525000,1,['3-Lump Speed Cushion'],1,1.0,2024-09-01,2024-09-01,1,True,['Complete'],['Lower Haight'],90.0,2025-08-17 08:23:01,Arterial,True,350.0
13574000,1,['Speed Hump'],1,1.0,,,1,True,['Complete'],['Lake'],71.0,2025-08-12 08:23:03,Residential,True,
13584000,1,['3-Lump Speed Cushion'],1,2.0,2023-09-01,2023-09-01,1,True,['Complete'],['Mount Davidson Manor'],68.0,2025-09-17 09:13:43,Residential,True,747.0
13613000,1,['3-Lump Speed Cushion'],1,1.0,2023-08-01,2023-08-01,1,True,['Complete'],['Bayview District'],84.0,2025-09-30 09:13:44,Residential,True,791.0
13618000,2,['Speed Hump'],1,2.0,2020-06-01,2020-06-01,1,True,"['Complete', 'Obsolete']",['Bayview District'],77.0,2025-09-30 09:13:44,Residential,True,1947.0
13619000,2,"['5-Lump Speed Cushion', 'Speed Hump']",2,2.0,2020-03-01,2020-06-01,1,True,"['Complete', 'Obsolete']",['Bayview District'],75.0,2025-09-30 09:13:44,Residential,True,2039.0
13628000,1,['5-Lump Speed Cushion'],1,3.0,2026-04-01,2026-04-01,1,True,['Complete'],['Visitacion Valley'],75.0,2025-09-23 09:13:44,Residential,True,-190.0
13652000,1,['7-Lump Speed Cushion'],1,1.0,2021-12-01,2021-12-01,1,True,['Complete'],['Silver Terrace'],65.0,2025-09-21 09:13:45,Collector,True,1390.0
13653000,1,['6-Lump Speed Cushion'],1,1.0,2022-01-01,2022-01-01,1,True,['Complete'],['Silver Terrace'],52.0,2025-09-21 09:13:45,Collector,True,1359.0
13659000,1,['7-Lump Speed Cushion'],1,1.0,2022-01-01,2022-01-01,1,True,['Complete'],['Silver Terrace'],73.0,2025-09-21 09:13:45,Collector,True,1359.0
13664000,1,['Speed Hump'],1,0.0,2004-12-01,2004-12-01,1,True,['Complete'],['Van Ness - Civic Center'],88.0,2025-09-15 08:48:15,Residential,True,7593.0
13666000,1,['Speed Hump'],1,1.0,2004-12-01,2004-12-01,1,True,['Complete'],['Western Addition'],81.0,2025-09-23 08:23:03,Residential,True,7601.0
13673000,1,['Speed Hump'],1,1.0,2019-06-01,2019-06-01,1,True,['Complete'],['Crocker Amazon'],73.0,2025-09-15 08:48:15,Residential,True,2298.0
13695000,1,[],0,,,,0,False,['Pending data collection and evaluation'],['Potrero Hill'],91.0,2024-09-01 11:51:18,Residential,True,
13696000,1,['3-Lump Speed Cushion'],1,1.0,2023-08-01,2023-08-01,1,True,['Complete'],['Potrero Hill'],85.0,2025-09-24 09:13:45,Residential,True,785.0
13697000,1,['3-Lump Speed Cushion'],1,1.0,2023-08-01,2023-08-01,1,True,['Complete'],['Potrero Hill'],87.0,2025-09-24 09:13:45,Residential,True,785.0
13698000,1,[],0,,,,0,False,['Pending design review and approval'],['Potrero Hill'],83.0,2025-09-24 09:13:45,Residential,True,
13700000,1,[],0,,,,0,False,['Pending design review and approval'],['Potrero Hill'],58.0,2025-09-25 09:13:46,Residential,True,
13718000,1,['Speed Hump'],1,2.0,2023-11-01,2023-11-01,1,True,['Complete'],['Mission District'],58.0,2025-09-15 08:48:15,Residential,True,684.0
13740000,1,['Speed Hump'],1,1.0,2021-02-01,2021-02-01,1,True,['Complete'],['University Mound'],58.0,2025-09-15 08:48:16,Residential,True,1687.0
13746000,1,['Speed Hump'],1,1.0,2008-02-01,2008-02-01,1,True,['Complete'],['Saint Francis Wood'],79.0,2025-09-05 09:13:46,Collector,True,6426.0
13747000,1,['3-Lump Speed Cushion'],1,1.0,2021-04-01,2021-04-01,1,True,['Complete'],['Monterey Heights'],54.0,2025-09-05 09:13:46,Collector,True,1618.0
13748000,1,['Speed Hump'],1,1.0,2014-01-01,2014-01-01,1,True,['Complete'],['Monterey Heights'],32.0,2025-09-05 09:13:47,Collector,True,4265.0
13749000,2,"['4-Lump Speed Cushion', 'Speed Hump']",2,2.0,2014-01-01,2024-03-01,1,True,"['Complete', 'Obsolete']",['Monterey Heights'],82.0,2024-09-01 07:48:01,Collector,True,3896.0
13751000,1,['4-Lump Speed Cushion'],1,1.0,2024-03-01,2024-03-01,0,False,['Pending construction'],['Monterey Heights'],91.0,2024-09-01 07:48:01,Collector,True,184.0
13752000,1,[],0,,,,0,False,['Pending construction'],['Monterey Heights'],95.0,2024-09-01 07:48:01,Collector,True,
13753000,1,['4-Lump Speed Cushion'],1,1.0,2024-03-01,2024-03-01,1,True,['Complete'],['Monterey Heights'],91.0,2024-09-01 07:48:01,Collector,True,184.0
13754000,1,['4-Lump Speed Cushion'],1,1.0,2024-03-01,2024-03-01,1,True,['Complete'],['Monterey Heights'],91.0,2024-09-01 07:48:01,Collector,True,184.0
13759000,1,['Traffic Island'],1,1.0,,,1,True,['Complete'],['Parkside'],81.0,2025-09-02 09:13:47,Residential,True,
13760000,1,['Traffic Island'],1,1.0,,,1,True,['Complete'],['Outer Parkside'],87.0,2025-09-01 09:13:47,Residential,True,
13769000,1,['Speed Hump'],1,2.0,2022-05-01,2022-05-01,1,True,['Complete'],['Mission District'],94.0,2025-09-15 08:48:16,Residential,True,1233.0
13771000,1,['3-Lump Speed Cushion'],1,2.0,2025-06-01,2025-06-01,1,True,['Complete'],['Mission District'],83.0,2025-09-15 08:48:16,Residential,True,106.0
13772000,1,['3-Lump Speed Cushion'],1,2.0,2023-11-01,2023-11-01,1,True,['Complete'],['Mission District'],86.0,2025-09-15 08:48:17,Residential,True,684.0
13773000,1,['Speed Hump'],1,2.0,2019-06-01,2019-06-01,1,True,['Complete'],['Mission District'],78.0,2025-09-15 08:48:17,Residential,True,2298.0
13774000,1,['Speed Hump'],1,2.0,2018-11-01,2018-11-01,1,True,['Complete'],['Mission District'],91.0,2025-09-15 08:48:17,Residential,True,2510.0
13775000,1,['Speed Hump'],1,1.0,2016-12-01,2016-12-01,1,True,['Complete'],['Inner Mission'],58.0,2025-09-15 08:48:17,Residential,True,3210.0
13777000,1,['Striping'],1,0.0,,,1,True,['Complete'],['Bernal Heights North'],97.0,2025-09-15 08:48:17,Residential,True,
13780000,1,[],0,,,,0,False,['Pending design review and approval'],['Bayview District'],93.0,2025-09-21 09:13:47,Residential,True,
13781000,1,[],0,,,,0,False,['Pending design review and approval'],['Bayview District'],90.0,2025-09-21 09:13:47,Residential,True,
13796000,2,"['Raised Crosswalk', 'Speed Table']",2,3.0,2014-01-01,2014-01-01,2,True,['Complete'],['Lakeshore'],66.0,2024-09-01 07:45:48,Residential,True,3896.0
13797000,1,['Speed Table'],1,2.0,2020-01-01,2020-01-01,1,True,['Complete'],['Lakeshore'],46.0,2008-10-29 13:59:26,,True,-4081.0
14033000,1,['Speed Hump'],1,2.0,2018-06-01,2018-06-01,1,True,['Complete'],['Treasure Island'],,,,False,
14034001,1,['Speed Hump'],1,2.0,,,1,True,['Complete'],['Treasure Island'],,,,False,
14127000,1,['5-Lump Speed Cushion'],1,1.0,,,1,True,['Complete'],['Treasure Island'],,,,False,
14129000,1,['5-Lump Speed Cushion'],1,1.0,,,1,True,['Complete'],['Treasure Island'],,,,False,
14131000,1,['5-Lump Speed Cushion'],1,1.0,,,1,True,['Complete'],['Treasure Island'],,,,False,
14132001,1,['5-Lump Speed Cushion'],1,1.0,,,1,True,['Complete'],['Treasure Island'],,,,False,
15046000,1,['3-Lump Speed Cushion'],1,1.0,2022-04-01,2022-04-01,1,True,['Complete'],['Mission Bay'],69.0,2025-08-01 08:20:17,Residential,True,1218.0
15102000,1,['Speed Hump'],1,1.0,2004-12-01,2004-12-01,1,True,['Complete'],['Western Addition'],,,,False,
19082000,1,['3-Lump Speed Cushion'],1,2.0,2023-08-01,2023-08-01,1,True,['Complete'],['Hunters Point'],,,,False,
19397001,1,[],0,,,,0,False,['Pending data collection and evaluation'],['Bayview District'],74.0,2025-09-22 09:10:29,Residential,True,
